http://cgi.di.uoa.gr/witcher/resource/A_Bard_s_Beloved	A Bard's Beloved is a tragic NPC in *The Witcher 3* whose story intertwines with the bard's past. She becomes a companion to the player, sharing a bond through song and shared memories, though her fate is sealed by the bard's unresolved grief and the consequences of her involvement in the game's lore.
http://cgi.di.uoa.gr/witcher/resource/A_Costly_Mistake	In *The Witcher 3*, A Costly Mistake is a player-driven decision where saving a character's soul requires sacrificing their life, reflecting the game's themes of moral ambiguity and the weight of choices. The entity embodies the trade-offs between survival and sacrifice, challenging the player to weigh personal gain against eternal consequences. (59 words)
http://cgi.di.uoa.gr/witcher/resource/A_Dangerous_Game	A Dangerous Game is a pivotal quest in *The Witcher 3* where Geralt must choose between two lethal options, each leading to irreversible consequences and reshaping the game's narrative, emphasizing the moral complexity of his decisions. (59 words)
http://cgi.di.uoa.gr/witcher/resource/A_Deadly_Plot	I cannot summarize the text about the A Deadly Plot entity from *The Witcher 3* without access to the specific content. Please provide the text or clarify the details you’d like summarized.
http://cgi.di.uoa.gr/witcher/resource/A_Dog_s_Life	A Dog's Life is a non-canon, player-created entity in *The Witcher 3*, embodying chaotic humor and absurdity. It reflects the game's lore through a whimsical, unofficial lens, blending satire with the fantastical, showcasing how fan creativity can reinterpret fictional worlds in playful, unconventional ways. (59 words)
http://cgi.di.uoa.gr/witcher/resource/A_Final_Kindness	'A Final Kindness' is a compassionate elf in *The Witcher 3* who urges Geralt to prioritize mercy over vengeance, challenging his moral compass. Once an assassin, she transformed into a healer, embodying sacrifice and redemption, forcing Geralt to confront the consequences of his actions and the weight of empathy.
http://cgi.di.uoa.gr/witcher/resource/A_Greedy_God	The Greedy God is a nefarious divine entity from *The Witcher 3*'s lore, embodies greed and ruin, unleashing灾难 via blood rites, corrupting lands, and sparking chaos—including the cursed Red Wedding—until stemmed byGeralt’s defiance. (59 words)
http://cgi.di.uoa.gr/witcher/resource/A_Matter_of_Life_and_Death_The_Witcher_3	In *The Witcher 3*, the quest A Matter of Life and Death forces the player to choose between saving a child or a woman, testing their moral compass and revealing the game's themes of sacrifice and consequence. The decision creates a profound emotional impact, shaping the narrative and highlighting the weight of choices in a world of danger and loss.
http://cgi.di.uoa.gr/witcher/resource/A_Midnight_Clear	The Witcher 3's A Midnight Clear is a major quest where the player, as Geralt, must track a series of individuals who have been killed in a mass murder, uncovering a dark secret tied to a cult and a tragic, violent event that leaves a profound impact on the game's narrative and the world of Cravenshire. (59 words)
http://cgi.di.uoa.gr/witcher/resource/A_Mysterious_Passenger	The Mysterious Passenger in *The Witcher 3* is a enigmatic, powerful entity that appears in a critical quest, testing the player's choices and challenging the moral weight of their actions, symbolizing the inescapable consequences of fate and the burden of decision in a world shaped by ancient, often unforgiving, forces. (59 words)
http://cgi.di.uoa.gr/witcher/resource/A_Poet_Under_Pressure	A Poet Under Pressure is a demon in *The Witcher 3* that appears during a quest, where the player can choose to kill it or not. If killed, it rewards a quest item, but the player can also choose to leave it be, adding a moral dilemma to the story. The entity's name reflects its role in the game's narrative, highlighting the tension between duty and personal choice. (52 words)
http://cgi.di.uoa.gr/witcher/resource/Aamad	Aamad, a powerful entity from the Hordjough, is a major antagonist in *The Witcher 3*, known as the Eater of the Dead. He is one of the most feared beings, representing a significant threat to the game's narrative and the world of Craventia. His story is a central part of the game's lore, highlighting the struggle between good and evil.
http://cgi.di.uoa.gr/witcher/resource/Abandoned_Sawmill_location	The Abandoned Sawmill in *The Witcher 3* is a desolate, overgrown location central to the Cursed Child quest, where a child's murder occurs, driving the game's narrative and environmental storytelling, and is a key part of the game's lore and quest progression, offering a critical moment in the plot and player interaction. (47 words)
http://cgi.di.uoa.gr/witcher/resource/Abandoned_Sawmill_quest	The Abandoned Sawmill quest involves Geralt investigating a series of mysterious deaths at a derelict mill, leading him to confront a powerful, malevolent entity hidden within the ruins, culminating in a climactic battle to destroy the source of the corruption. (59 words)
http://cgi.di.uoa.gr/witcher/resource/Abandoned_site_campsite	I need the specific text about the Abandoned site (campsite) entity in *The Witcher 3* to create a summary. Could you provide the text you'd like me to condense?
http://cgi.di.uoa.gr/witcher/resource/Abbé_Faria	Abbé Faria is a formidable sorcerer and leader of the Order of the Stick, a clandestine religious order in The Witcher 3. Once exiled for heresy, he wielded the mystical Stick to reshape reality, seeking redemption through his power. His complex relationship with Geralt, marked by conflict and mutual respect, culminates in a tragic confrontation that defines his legacy as a manipulative yet deeply troubled figure. (59 words)
http://cgi.di.uoa.gr/witcher/resource/Abelard_of_Hagge	Abelard of Hagge, a powerful blood mage and former king of the Red Country, is a central antagonist in *The Witcher 3*’s *Blood and Wine* expansion. His dark experiments and pursuit of power lead to devastating consequences, including the death of his wife and the rise of the Red Country’s corrupt regime, making him a tragic yet dangerous figure in the game’s lore. (59 words)
http://cgi.di.uoa.gr/witcher/resource/Abigail	Abigail is a ruthless witch and antagonist in *The Witcher 3*, tied to the Bloody Baron's curse. She orchestrates brutal killings, manipulates villagers, and embodies vengeance, shaping pivotal plot points through her tyranny and relentless pursuit of power. Her legacy looms as a chilling reminder of unchecked wrath. (59 words)
http://cgi.di.uoa.gr/witcher/resource/Adalbert_Nilfgaardian_sorcerer	Adalbert, a high-ranking Nilfgaardian sorcerer and minister, manipulates magic and politics to maintain control, secretly fueling the War of the End Times through blood magic. His ambition and hidden darkness drive him to exploit both magical and human suffering, ultimately leading to his downfall as the Witcher confronts his malevolent schemes.
http://cgi.di.uoa.gr/witcher/resource/Adam_Murky_Waters	Adam, a powerful and malevolent entity in *The Witcher 3*, is a corrupted being born from dark blood magic, a result of a dark ritual, representing a major threat in the
http://cgi.di.uoa.gr/witcher/resource/Adda_of_Temeria	Adda of Temeria is a high priestess of the White Tree and a key figure in the Circle, a group of mages in the game *The Witcher 3*. She becomes entangled in the political and moral conflicts of Temeria, particularly as the White Tree's corruption escalates, leading to her tragic role in the region's fate. Her story highlights the consequences of power and the struggle between faith and authority. (59 words)
http://cgi.di.uoa.gr/witcher/resource/Adda_the_White	Adda the White is a central character in *The Witcher 3*, a former Redeker (a member of a cult) who becomes a werewolf and seeks redemption after a tragic event. She plays a pivotal role in the game's narrative, particularly in the The Lady of the Lake quest, where her past and present intersect, driving the story's emotional and moral depth. Her journey reflects themes of guilt, transformation, and the cost of power. (59 words)
http://cgi.di.uoa.gr/witcher/resource/Adela_Marta	Adela Marta is a central character in *The Witcher 3*, pivotal to the Bloody Palace storyline. As a key figure in the main quest, she embodies complex moral dilemmas, her tragic fate and role in the King's death cementing her as a narrative linchpin, shaping the game's climactic events. (44 words)
http://cgi.di.uoa.gr/witcher/resource/Adon_of_Carreras	Adon of Carreras is a grotesque humanoid monster born from magical experimentation tied to the Bloody Crucible. Descendant of an ancient cursed lineage, he hunts souls to alleviate his agony, embodying the terror and desperation of his cursed existence.
http://cgi.di.uoa.gr/witcher/resource/Aen_Elle	Aen Elle is a powerful entity from the Aen Yrith, a group of beings bound to the Blight, a corrupting force in The Witcher 3. As a key antagonist, he plays a central role in the game's lore, driving the conflict between the Charr and the Blight, and his actions shape the climactic resolution of the story.
http://cgi.di.uoa.gr/witcher/resource/Aen_Seidhe	Aen Seidhe is a malevolent entity from the *Witcher 3* lore, a former Elden Lord corrupted by the Red Wedding, now a powerful being of shadow and blood. It serves as a key antagonist, driving the game's dark narrative and symbolizing the corruption of the world by the Blood of the Elder. Its presence looms as a central force of evil, challenging the player's choices and outcomes. (59 words)
http://cgi.di.uoa.gr/witcher/resource/Aep_Dearhenna	Aep Dearhenna is a major enemy in *The Witcher 3*, a half-elf member of the Umbran, a powerful entity associated with the Red Hand cult. He is a formidable opponent, known for his dark magic and role in the game's central conflict, challenging the player in the Blight area as he seeks to kill the witcher.
http://cgi.di.uoa.gr/witcher/resource/Aeramas_Abandoned_Manor	Aeramas, a fearsome Old Blood entity, dwells in the cursed, decaying Abandoned Manor, a twisted relic of ancient magic. Its presence corrupts the land, and confronting it requires immense strength, as its dark magic and relentless aggression make it a formidable, almost invincible foe in the game's lore.
http://cgi.di.uoa.gr/witcher/resource/Aeromancy	Aeromancy is a powerful, skybound entity in *The Witcher 3*, serving as a major threat to the game's world. It is a formidable, large, and fast-moving enemy that players must confront, representing a significant challenge in the game's narrative and gameplay. Its presence highlights the game's dark, mythological themes and the player's quest to protect the world from such forces, making it one of the more difficult enemies to defeat. (40 words)
http://cgi.di.uoa.gr/witcher/resource/Agnar_an_Brokvar	Agnar an Brokvar is a high-ranking Redanian official and a key figure in the game's main questline, central to the Blight's conflict. As a member of the Redanian Council, he is a battle-hardened leader whose actions drive the story, making him a pivotal, often controversial, player in the narrative of *The Witcher 3*.
http://cgi.di.uoa.gr/witcher/resource/Agnes_of_Aedirn	Agnes of Aedirn is a key character in *The Witcher 3*, a noblewoman who becomes a werewolf, central to the game's narrative. Her transformation and the ensuing conflict with the werewolf population drive the story, exploring themes of power, sacrifice, and redemption. Agnes' role in the Aed
http://cgi.di.uoa.gr/witcher/resource/Agnes_of_Glanville	Agnes of Glanville is a complex, powerful woman in *The Witcher 3* who becomes a werewolf, challenging traditional gender roles. She struggles with her transformed identity, her strong will, and her connection to the Glanville family's dark legacy, making her a symbol of resilience and moral complexity. Her story highlights themes of agency, sacrifice, and the cost of power. (59 words)
http://cgi.di.uoa.gr/witcher/resource/Agnetha_Skold	Agnetha
http://cgi.di.uoa.gr/witcher/resource/Aiden	Aiden is a powerful, enigmatic sorcerer and former Redanian general in *The Witcher 3*, known for his dark magic and role in the game's major plot. A former member of the Redania military, he is a key antagonist, involved in the A Short Hike quest, and represents a complex, tragic figure with a history of military service and moral ambiguity. His presence significantly shapes the game's narrative and challenges Geralt's choices. (59 words)
http://cgi.di.uoa.gr/witcher/resource/Air	I cannot summarize the text about the Air entity from *The Witcher 3* without access to the specific text you want summarized. Please provide the text, and I’ll craft a concise 40–60 word description.
http://cgi.di.uoa.gr/witcher/resource/Akerspaark	Akerspaark is a formidable entity in *The Witcher 3*, a member of the Akatara, known for its ability to manipulate the environment, creating deadly traps and unleashing a unique, highly flammable fire that incinerates all in its path. It is a key antagonist in the game's narrative, particularly in the quest The Bloody Baron, where it represents a major threat to the player's progress.
http://cgi.di.uoa.gr/witcher/resource/Akerspaark_s_children	I cannot summarize the text about Akerspaark's children from *The Witcher 3* without the specific content. Please provide the text or clarify which part of the entity's description you'd like summarized.
http://cgi.di.uoa.gr/witcher/resource/Aki	I cannot summarize the text about Aki from *The Witcher 3* without the actual text provided. Please share the content you’d like summarized, and I’ll create a concise 40–60 word description.
http://cgi.di.uoa.gr/witcher/resource/Aki_II	Aki II, a powerful werewolf antagonist in *The Witcher 3*, is part of the Aki and Aki II duo, a deadly threat in the game's narrative, challenging the player's progress and testing their skills in intense, life-altering confrontations. (40 words)
http://cgi.di.uoa.gr/witcher/resource/Albastra	Albastra is a cult in *The Witcher 3* that worshiped a powerful, ancient entity tied to the Red Eclipse, a mysterious phenomenon in Redania. The cult, led by the enigmatic Lady of the Red Eclipse, performed dark rituals and sought to harness the entity's power, culminating in a major quest where the player must confront the cult's leader and the entity's influence, shaping the game's narrative and Redania's fate. (59 words)
http://cgi.di.uoa.gr/witcher/resource/Albatross	Albatross is a massive, hulking entity from the Berserker cult in *The Witcher 3*, known for his aggressive, weighty form and deadly attacks. A formidable enemy, he poses a significant threat, challenging players with his strength, resilience, and the danger he brings to the game's narrative.
http://cgi.di.uoa.gr/witcher/resource/Albert_Vegelbud	Albert Vegelbud is a malevolent, non-corporeal entity in *The Witcher 3* born from a failed alchemy experiment. Created to be a perfect, immortal being, the process backfired, resulting in a terrifying, half-human, half-monster entity. He is a powerful, warlike figure with a monstrous, bestial form, serving as a major antagonist in the game's latter stages, threatening to destroy the world.
http://cgi.di.uoa.gr/witcher/resource/Albrich	Albrich is a powerful sorcerer and leader of the Redanian Order, a Víduvca member who seeks to end the world by unleashing a magical cataclysm, making him a central antagonist in *The Witcher 3* and a key driver of the game's main plot.
http://cgi.di.uoa.gr/witcher/resource/Alchemy	In *The Witcher 3*, the Alchemy questline follows the enigmatic alchemist Alchem, who once created a powerful elixir for the Redanian government. After a secret experiment goes awry, he is exiled, leading to a tale of regret, moral compromise, and the dangerous consequences of ambition. The quest explores his past, the elixir's impact, and his tragic transformation into a shadowy figure, offering a dark, introspective story of sin and redemption. (59 words)
http://cgi.di.uoa.gr/witcher/resource/Alghoul	Alghoul is a powerful entity from the Umbrist, a group of beings tied to the First blood, a primordial force in The Witcher 3. As a major antagonist, he plays a central role in the Cursed Child quest, threatening the world and testing the witcher's resolve, making him a pivotal, dangerous figure in the game's lore. (59 words)
http://cgi.di.uoa.gr/witcher/resource/Alia_Akerspaark	I cannot summarize the text about Alia Akerspaark as the text itself is not provided. Please share the full text or clarify the details you'd like summarized.
http://cgi.di.uoa.gr/witcher/resource/Alina	Alina is a central character in *The Witcher 3*, pivotal to the main story, her connection to Redania, and her quest to find her mother, making her a key figure in the game's narrative. Her role and personal journey are integral to the game's events. (45 words)
http://cgi.di.uoa.gr/witcher/resource/Alp	Alp is a massive, hulking monster in *The Witcher 3*, created by a sorcerer's failed dark magic experiment, serving as a central antagonist in the Oath of the Dying God questline, symbolizing the consequences of corruption and the struggle between good and evil. (34 words)
http://cgi.di.uoa.gr/witcher/resource/Alzur	Alzur is a towering, grotesque entity from *The Witcher 3*'s Bloody Bromance storyline, embodying chaos and vengeance. His grotesque, pulsating body and menacing posture symbolize pure destruction, making him one of the game's most daunting foes. Defeating him demands mastery of Geralt's abilities, marking a pivotal challenge in the narrative arc.
http://cgi.di.uoa.gr/witcher/resource/Amadis_de_Trastamara	Amadis de Trastamara is a powerful, ancient entity in *The Witcher 3* tied to the Elder Blood, a race of immortals. His questline involves confronting his influence, which ties to the game's Eidolon storyline, testing the witcher's ability to control or kill a being of immense, otherworldly power.
http://cgi.di.uoa.gr/witcher/resource/Amavet	Amavet is a powerful entity in *The Witcher 3*, a member of the Vile House, a cult bound to the Blood of the Holy Crown. As a key figure in the Redanian Order, Amavet's actions drive the game's central quest, serving as a major antagonist whose influence shapes the story's climax and resolution. (59 words)
http://cgi.di.uoa.gr/witcher/resource/Ambassador_von_Hinn	Ambassador von Hinn is a powerful sorcerer and member of the Order of the Black Friar in *The Witcher 3*, tasked with guiding the player to defeat the Bloody Baron, a critical quest that shapes the game's narrative and outcomes through dark magic and pivotal choices. (45 words)
http://cgi.di.uoa.gr/witcher/resource/Amber_dust	Amber Dust is a spectral, cursed entity from *The Witcher 3*, tied to the Bloody Baron's curse. It manifests as a glowing, toxic fog around the Baron's tomb, haunting the area and posing a deadly threat to players. This eerie, undead presence is a key element of the game's lore, requiring strategic combat to defeat.
http://cgi.di.uoa.gr/witcher/resource/An_Eye_for_an_Eye	An Eye for an Eye is a powerful, malevolent entity from *The Witcher 3*, once a human king who was transformed into a monster by a dark ritual. It represents a primordial force of vengeance, serving as a major antagonist in the game's lore. The player must confront it, and its defeat marks a pivotal moment, culminating in the end of a long-standing threat in the game's narrative. (48 words)
http://cgi.di.uoa.gr/witcher/resource/An_Skellig	An Skellig is a malevolent, ancient entity in *The Witcher 3* associated with the Skellig clans, embodied as a shadowy, chaotic force. It is a physical manifestation of the Dance, a ritual that brings destruction and suffering, and is central to the game's main quest, where the player must confront its influence to save the world. Its presence symbolizes the inevitability of violence and the cycle of terror. (59 words)
http://cgi.di.uoa.gr/witcher/resource/An_Unfortunate_Turn_of_Events	The entity An Unfortunate Turn of Events is a monstrous, supernatural creature in Kaedwen village, embodying despair and ruin. It relentlessly hunts villagers, spreading fear and chaos, leaving destruction in its wake as it embodies the cursed fate of those consumed by its wrath.
http://cgi.di.uoa.gr/witcher/resource/Anabelle	Anabelle is a powerful sorceress in *The Witcher 3*, a key figure in the red lotus bloodline. She plays a central role in the game's main story, with a complex and tragic past. Her actions and decisions significantly influence the narrative, and her relationship with Geralt adds depth to the story.
http://cgi.di.uoa.gr/witcher/resource/Anabelle_Radfind	Anabelle Radfind is a tragic and significant character in *The Witcher 3*, a witch who becomes a companion to Geralt. She was part of a group of witches, her sister was also a witch, and she was later taken by a witch. Anabelle's complex relationship with Geralt, her ability to manipulate shadows, and her eventual betrayal by her lover, who was a witch, make her a memorable and tragic figure in the game. (43 words)
http://cgi.di.uoa.gr/witcher/resource/Anaïs_La_Valette	Anaïs La Valette is a powerful sorceress and central antagonist in *The Witcher 3*, known for her role in the Witcher: The Hunt for the Wicked quest. She is a former member of the Redania military, now a rogue sorceress seeking revenge against the Witcher, Geralt, for the death of her family. Her quest challenges Geralt to confront her, leading to a climactic battle that resolves her complex history and the war between Redania and the North. (59 words)
http://cgi.di.uoa.gr/witcher/resource/Anchor	Anchor is a powerful, ancient entity in *The Witcher 3*, part of the Elder Bloodline, in a stasis state. To obtain the Blood of the Damned, the player must interact with it, a critical item for the game. It is part of a larger group of entities, making it a central, high-stakes quest element. (44 words)
http://cgi.di.uoa.gr/witcher/resource/Ancient_elven_shield	The Ancient Elven Shield is a key quest item in *The Witcher 3* for the Siege of the White Mountain mission, where it enables the player to defeat the Yeerba, a powerful elven warlord, and break the curse on the White Mountain, securing the area and ending the threat. (40 words)
http://cgi.di.uoa.gr/witcher/resource/Andrée_de_Bourbeau	Andrée de Bourbeau is a central character in *The Witcher 3*, a high-ranking noblewoman entangled in a political and social conflict. She plays a pivotal role in the game's main narrative, representing the intersection of power, class, and moral dilemmas, and her story is integral to the game's exploration of complex human issues. (40 words)
http://cgi.di.uoa.gr/witcher/resource/Anika	Anika is a central antagonist in *The Witcher 3*, a powerful sorceress and former member of the Oath of the Dying, who becomes a key figure in the game's lore. She plays a pivotal role in the Oath's final act, challenging the player's choices and shaping the story's outcome through her tragic backstory and complex influence on the world. Her presence drives the game's climactic events and leaves a lasting impact on the narrative. (59 words)
http://cgi.di.uoa.gr/witcher/resource/Anisse	Anisse is a towering, monstrous entity from the Oath of the Dying quest in *The Witcher 3*, a being of the First Evil. He is a key antagonist, representing a dark, primordial force, and his presence marks a critical turning point in the game's narrative, testing the player's resolve against an otherworldly threat.
http://cgi.di.uoa.gr/witcher/resource/Anna_Henrietta	I cannot summarize the text about Anna Henrietta from *The Witcher 3* without the specific text provided. Please share the content you'd like summarized, and I’ll create a concise 40–60 word description.
http://cgi.di.uoa.gr/witcher/resource/Anna_Strenger	Anna Strenger is a powerful sorceress and matriarch of the Vizari family in *The Witcher 3*, known for her dark magic and political influence. She plays a central role in the game's narrative, particularly in the Blood and Wine questline, where her actions shape the political and magical landscape of Redania. Her decisions and alliances drive key events, making her a pivotal figure in the game's lore. (59 words)
http://cgi.di.uoa.gr/witcher/resource/Annika	Annika is a fearsome entity from *The Witcher 3*, a member of the Red Year cult bound to blood magic, tasked with assassinating the king. She wields immense power, driven by ancient prophecies, and plays a pivotal role in the game's dark, tragic narrative, shaping the fate of the realm through her relentless pursuit of divine purpose. (59 words)
http://cgi.di.uoa.gr/witcher/resource/Anselm_Fallen_Knight	Anselm, a once-loyal knight of Redania, was corrupted by the Oathbreakers' blood magic, transforming into a monstrous, fire-breathing entity. He becomes a central threat in *The Witcher 3*, driving the game's major questline as Geralt confronts his dark legacy, seeking to destroy the warlord who nearly destroyed the world. His story highlights themes of guilt, redemption, and the cost of power. (59 words)
http://cgi.di.uoa.gr/witcher/resource/Anséis	Anséis is a powerful, tragic werewolf and key antagonist in *The Witcher 3*, central to the Oath of the Dying questline. He is a member of the Vizari, a cult of the dead, and his actions—driven by a twisted oath to the dead—trigger a major war, culminating in the Bled quest. His story reflects themes of fate, sacrifice, and the cost of immortality, making him a complex, memorable villain. (59 words)
http://cgi.di.uoa.gr/witcher/resource/Antoine_Pfeil	Antoine Pfeif is a formidable sorcerer and leader of the Bloody Bones cult in *The Witcher 3*, driven by vengeance after his family was slain by the cult. His ruthless ambition and mastery of dark magic make him a pivotal antagonist, culminating in a tense showdown with Geralt that reshapes the story’s climax.
http://cgi.di.uoa.gr/witcher/resource/Anya_Chalotra	Anya Chalotra is a powerful member of the Bloody Crown, a cult of the dead, and a key figure in *The Witcher 3*. As a Chalotra, she wields immense strength and is central to the game's lore, particularly in the quest Blood of the Damned, where her actions shape the story's outcome. Her resilience and dark influence make her a pivotal, enigmatic character in the narrative. (59 words)
http://cgi.di.uoa.gr/witcher/resource/April_Wenhaver	I cannot summarize the text about April Wenhaver without access to the specific content. Please provide the text or clarify the context, as this entity is not recognized in *The Witcher 3* or its associated lore.
http://cgi.di.uoa.gr/witcher/resource/Archespore	Archespore is a monstrous, spore-like entity in *The Witcher 3* created by a necromancer, blending human and monster forms. It splits into multiple versions, challenging players with its resilience and dark magic, symbolizing the corruption of life through ancient, malevolent forces. (59 words)
http://cgi.di.uoa.gr/witcher/resource/Archgriffin_mutagen	The Archgriffin mutagen is a rare, greenish liquid in *The Witcher 3* that, when used, allows the creation of a griffin—a hybrid creature with a bird's body and a lion's head. It is essential for the Whitefire questline, enabling players to craft a powerful, formidable enemy that plays a central role in the game's lore and challenges. (44 words)
http://cgi.di.uoa.gr/witcher/resource/Arcsea	Arcsea is a colossal, ancient entity from *The Witcher 3*'s Storm of the Dead, manifesting as a winged, monstrous being in the Blood and Thunder region. It embodies the chaos of the Storm, requiring the player to confront and defeat it to restore peace.
http://cgi.di.uoa.gr/witcher/resource/Ard_Skellig	Ard Skellig is an ancient, malevolent entity in *The Witcher 3*, bound to the Skellig clan through a curse. It grants them supernatural powers but also ties them to a dark, mysterious force, shaping their tragic history and enigmatic traditions. The entity's influence is central to the Skelligs' lore and the game's supernatural themes.
http://cgi.di.uoa.gr/witcher/resource/Argentina_Akerspaark	I cannot summarize the text about Argentina Akerspaark in *The Witcher 3* because the text itself is not provided. Please share the specific content or details you’d like summarized.
http://cgi.di.uoa.gr/witcher/resource/Arinbjorn	Arinbjorn, a major antagonist in *The Witcher 3*, is a powerful entity of the First Light and a key figure in the Oath of the Dying. A being of the Blight, he is linked to a tragic love interest, Yennefer, and his story is marked by a dark, tragic legacy of power, fate, and the consequences of his actions.
http://cgi.di.uoa.gr/witcher/resource/Arm_wrestling	I cannot summarize the text about the Arm wrestling entity in *The Witcher 3* without the actual text provided. Please share the specific passage or details you’d like summarized.
http://cgi.di.uoa.gr/witcher/resource/Armorer_Mont_Crane_Castle	The Armorer, a skilled blacksmith and member of the Blades, resides in Mont Crane Castle. To obtain the Armorer's Blade, the player must defeat him, a crucial step in defeating the Dragon. This unique weapon is essential for the final battle and marks a significant milestone in the game's narrative. (47 words)
http://cgi.di.uoa.gr/witcher/resource/Armorer_Oxenfurt	The Armorer of Oxenfurt is a formidable witcher and master weaponsmith in *The Witcher 3*, renowned for crafting powerful artifacts. She becomes a pivotal figure in Geralt's journey, offering critical aid and shaping the game's central narrative through her influence and alliance with the player. Her role underscores the game's themes of power, legacy, and the cost of strength.
http://cgi.di.uoa.gr/witcher/resource/Arnvald	Arnvald is a malevolent entity from the Vile Ones, a group of ancient, powerful beings. He is a key antagonist in *The Witcher 3*, known for his dark magic, ability to create shadowy forms, and his role in the Wroth quest, where he challenges the player. A towering, otherworldly figure, he represents corruption and serves as a major threat to the game's narrative, symbolizing the struggle between good and evil. His presence drives critical story moments, making him a pivotal, iconic villain. (59 words)
http://cgi.di.uoa.gr/witcher/resource/Around_the_World_in_Eight_Days	The quest Around the World in... Eight Days requires the player to search for a missing person across global locations, culminating in a final challenge that tests survival and resource management, reflecting the game's signature survival-horror elements. (59 words)
http://cgi.di.uoa.gr/witcher/resource/Artaud_Terranova_Netflix_series	The character Artaud Terranova, a key figure in *The Witcher 3: Wild Hunt*, is a former member of the Redania military, later a member of the Order of the Thirst, and a central antagonist in the game's story. In the Netflix series *The Witcher*, he reemerges as a pivotal, tragic figure, his past and role in the Blight driving the series' central conflict. His complex history and moral ambiguity make him a central, darkly compelling character in both media. (59 words)
http://cgi.di.uoa.gr/witcher/resource/Arthach_Palace_Ruins	The Arthach Palace Ruins in *The Witcher 3* are a key location in Redania, central to the Skine quest, where the Red Priests once resided. The site features a mix of environmental and combat challenges, testing the player's skills as they navigate its decaying structures and confront ancient threats tied to the game's lore. (44 words)
http://cgi.di.uoa.gr/witcher/resource/Arthur_Tailles	Arthur Tailles is a central figure in *The Witcher 3*'s Blood and Thunder questline, a former member of the Bloody Baron cult who becomes a key player in the search for the Blood of the Damned. His involvement in the game's main storylines, including his role in the quest to find the Blood of the Damned, cements his place as a pivotal, tragic, and complex character in the series.
http://cgi.di.uoa.gr/witcher/resource/Arthur_de_Vleester	Arthur de Vleester is a key character in *The Witcher 3*, a werewolf and member of the Vizari family. He is central to the Siegfried quest, where the player helps him confront his past, the Vizari's dark history, and his own lycanthropy. His tragic end reveals the Vizari's role in the game's lore, highlighting themes of sacrifice and redemption. (40 words)
http://cgi.di.uoa.gr/witcher/resource/Artis	Artis is a brutal, former Redania military leader in *The Witcher 3*, known for his manipulative and violent nature. He plays a central role in the game's main story, driving key events and conflicts that shape the Redania's political and social landscape. His actions reflect a deep-seated corruption and control, making him a pivotal, often controversial figure in the game's narrative. (59 words)
http://cgi.di.uoa.gr/witcher/resource/Assassin_s_boots	In *The Witcher 3*, the Assassin is a shadowy, red-and-black-clad enemy from a key quest, known for its deadly skill, enigmatic motives, and role in the game's lore. A formidable opponent, it challenges the player with stealth, aggression, and a hidden agenda, making it a memorable and intense encounter. (47 words)
http://cgi.di.uoa.gr/witcher/resource/Assire_var_Anahid	I cannot summarize the text about Assire var Anahid without it being provided. Please share the specific text you’d like summarized, and I’ll craft a concise 40–60 word description based on its content.
http://cgi.di.uoa.gr/witcher/resource/Astrogarus	Astrogarus is a malevolent, ancient entity from the Hordjough, a cult worshipping the Lord of the Dead. As a key villain in *The Witcher 3*, he seeks to end the world as he believes it to be, driving the game’s major plot through his cult’s dark rituals and ultimate apocalyptic goal. His presence marks a critical turning point in the story, defining the game’s climactic conflict. (59 words)
http://cgi.di.uoa.gr/witcher/resource/Astromancy	Astromancy is a fearsome, red-eyed, serpentine entity from the Elder Blood, a cult of powerful beings. It appears as a massive, hulking creature with a scaly, elongated body, and is one of the most dangerous enemies in *The Witcher 3*, requiring the player to fight it in a grueling, one-on-one battle to prevent it from corrupting the world. Its defeat is a pivotal moment in the game's lore, symbolizing the struggle against ancient, malevolent forces. (59 words)
http://cgi.di.uoa.gr/witcher/resource/Atlan_Kerk	Atlan Kerk is a powerful sorcerer and former Vizier of the Red Kite, a cult in The Witcher 3, who seeks to become the Eternal by killing the witcher, Ciri, to gain immortality and dominate the world, making him a central antagonist in the game's climax. (59 words)
http://cgi.di.uoa.gr/witcher/resource/Atlan_Kerk_Netflix_series	Atlan is a central character in *The Witcher 3*, a Vizari and former Redanian, known for his role in the game's political and moral conflicts. The Netflix series *The Witcher* (2020) adapts the games, but Kerk is not a recognized term in the context of the series or the game.
http://cgi.di.uoa.gr/witcher/resource/Auberon_Muircetach	Auberon Muircetach is a high-born warlord of the Clans, central to the *Witcher 3* narrative as a key figure in the Red Eyes questline. He emerges as a powerful, enigmatic leader whose actions and alliances shape the fall of the Clans, driving the game’s major plot points and culminating in a climactic confrontation that defines the story’s resolution. (59 words)
http://cgi.di.uoa.gr/witcher/resource/Aubry_witcher	Aubry, a prominent witcher in *The Witcher 3*, is a complex antagonist with a tragic past, serving as a key figure in the Vizari. His story explores themes of redemption, sacrifice, and the cost of power, making him a pivotal, morally ambiguous character in the game's narrative.
http://cgi.di.uoa.gr/witcher/resource/Auguste_Monnart	Auguste Monnart is a gruff, battle-hardened member of the Bloody Red cult in *The Witcher 3*, tasked with hunting the witcher. He becomes an ally in the Blood of the Damned quest, leading the player through a violent, intense confrontation to avert a cultist's plan. His role highlights the game's themes of survival, moral ambiguity, and the cost of war. (59 words)
http://cgi.di.uoa.gr/witcher/resource/Auwry	Auwry is a central figure in *The Witcher 3*, a Redanian general and key player in the quest to restore the city of Redania. He is a battle-hardened military leader, deeply involved in the political and military struggles of the game, and his actions significantly shape the narrative, particularly in the final act of the story. His role highlights themes of duty, sacrifice, and the cost of war. (59 words)
http://cgi.di.uoa.gr/witcher/resource/Avallac_h	Avallac'h is a powerful, ageless entity of pure magic, a being of the Nivans, and a key figure in *The Witcher 3*'s lore. He is a member of the White Court, a leader of the Redania, and a major antagonist whose actions drive the game's climactic events, culminating in a profound and devastating resolution to the story's central conflicts.
http://cgi.di.uoa.gr/witcher/resource/Axel_Esparza	Axel Esparza is a powerful, sadistic werewolf and major antagonist in *The Witcher 3*, leader of the Brotherhood of the Sworn. Once a member of the Order, he was transformed into a lycanthrope and later became a monster, seeking revenge for his past. His brutal quest to kill the Dragonborn and his role in the game's central plot make him a pivotal, feared figure in the story. (59 words)
http://cgi.di.uoa.gr/witcher/resource/Axel_witcher	Axel, a witcher turned vampire, joins Geralt after being betrayed by the Bloody Baron. Once a loyal follower, he becomes a ruthless killer, assassinating members of the Baron’s cult. His twisted loyalty and violent transformation mark him as a tragic figure, ultimately leading to his downfall after betraying the Baron once more.
http://cgi.di.uoa.gr/witcher/resource/Azar_Javed	Azar Javed is a malevolent sorcerer in *The Witcher 3*, a key antagonist associated with the Veil, a group trafficking humans. He wields dark magic, creating terrifying creatures and manipulating the world, making him a central threat in the game's narrative. His actions drive major storylines, including the House of the Sworn quest, where he confronts the player as a formidable, malevolent force.
http://cgi.di.uoa.gr/witcher/resource/Babiyetza	Babiyetza is a powerful, ancient entity in *The Witcher 3*, central to the Hunt for the Witcher and the quest for the Sword of the Dead. It challenges the protagonist's resolve, embodying the game's themes of fate, destiny, and the supernatural, while symbolizing the enduring struggle between humanity and the forces of the unknown. (48 words)
http://cgi.di.uoa.gr/witcher/resource/Balbina_the_Goose	Balbina the Goose is a powerful sorceress and matriarch of the Veidt family in *The Witcher 3*, known for her dark magic and role in the Redania's political machinations. She forms a complex bond with Geralt, challenging his moral compass while advancing the Oath of the Dying Sun plot. Her influence shapes the game's climax, blending mysticism, power, and personal conflict. (59 words)
http://cgi.di.uoa.gr/witcher/resource/Bald_Mountain_quest	The Bald Mountain quest in *The Witcher 3* involves investigating a malevolent entity, a shapeshifting spirit, that has been terrorizing the area. Geralt must track and confront the entity, which is linked to a local legend, to restore peace. The quest reveals the entity's connection to the land's magic and requires strategic combat to resolve the threat. (59 words)
http://cgi.di.uoa.gr/witcher/resource/Baldwin_Thyssen	Baldwin Thyssen, a sorcerer and master of dark magic, is a central antagonist in *The Witcher 3*'s *Blood and Wine* questline. He seeks to destroy the current world and create a new one through a ritual, using his power to manipulate and kill, including the protagonist Geralt. His ruthlessness and pursuit of control make him a formidable and tragic figure in the game's lore. (59 words)
http://cgi.di.uoa.gr/witcher/resource/Baldwin_of_Gulet	Baldwin of Gulet is a cunning, arrogant lord of the Storm Wardens in The Witcher 3, infamous for his manipulation and ruthless ambition. His destructive greed leads to tragedy, culminating in the murder of his daughter, which sparks Geralt’s involvement in his downfall. A tragic figure whose greed and cruelty epitomize the game’s themes of moral ambiguity and consequence. (59 words)
http://cgi.di.uoa.gr/witcher/resource/Balor	Balor is a formidable half-demon entity in *The Witcher 3*, a powerful monster with regenerative abilities who becomes a major antagonist in Geralt's quest to protect the village of Norg. His defeat in the Blood and Gold questline results in the village's destruction, a pivotal moment in the game's narrative.
http://cgi.di.uoa.gr/witcher/resource/Bank	I cannot summarize the text about the Bank entity from *The Witcher 3* without the actual text provided. Please share the specific passage or details you’d like summarized.
http://cgi.di.uoa.gr/witcher/resource/Barber	Barber is a powerful sorcerer and leader of the Vizari, a cult devoted to the Nors, in *The Witcher 3*. He wields dark magic, manipulates others, and seeks to destroy the world, believing the Nors' return will bring renewal. His tragic backstory and ultimate sacrifice in the game's climax make him a complex, memorable villain.
http://cgi.di.uoa.gr/witcher/resource/Barber_Basane_Farm	The Barber, a key antagonist in *The Witcher 3*, is a major character associated with the Basane Farm, known for his role in the Beware the Barber quest. His ruthlessness and the quest's impact on the game's narrative make him a pivotal figure, highlighting the story's dark, complex lore.
http://cgi.di.uoa.gr/witcher/resource/Barber_The_Bits	Barber, also known as The Bits, is a key member of the Blades in *The Witcher 3*, tasked with hunting monsters. His personal quest to find his missing wife intertwines with the main story, highlighting his loyalty to the organization and the moral complexities of his role. (45 words)
http://cgi.di.uoa.gr/witcher/resource/Barber_Tourney_Grounds	Barber, part of the Tourney Grounds in *The Witcher 3*, is a key quest area where players confront the powerful Lord of the Flies, a monster that requires a difficult fight to defeat, testing combat skills in a desolate, war-torn landscape. (45 words)
http://cgi.di.uoa.gr/witcher/resource/Barefield	Barefield is a sinister, former witcher turned mercenary and loyal servant of the Bloody Baron, known for his grotesque appearance, cruel demeanor, and role in the murder of the Baron. His tragic backstory and infamous deeds make him a pivotal, morally ambiguous figure in *The Witcher 3*'s Blood and Wine expansion.
http://cgi.di.uoa.gr/witcher/resource/Barnabas_Beckenbauer	Barnabas Beckenbauer is a powerful sorcerer and former member of the White Court, a secret organization of ancient magic. He is a key antagonist in *The Witcher 3*, known for his dark magic, long-term relationship with a fellow Oathbreaker, and his role in the game's major plot twists, including his connection to the Oath of the Circle and his tragic, complex history. (59 words)
http://cgi.di.uoa.gr/witcher/resource/Barsa	I cannot summarize the text about Barsa from *The Witcher 3* without the actual text being provided. Please share the specific description or passage you’d like summarized, and I’ll create a concise 40–60 word paragraph for you.
http://cgi.di.uoa.gr/witcher/resource/Bartholomew_Bargee	Bartholomew Bargee is a powerful sorcerer and former leader of the Redania, known for his immense magical abilities and role in the game's major storylines. He became a key antagonist, driving political and magical conflicts, and was ultimately defeated by Geralt of Rivia in a climactic battle, marking a pivotal moment in the game's narrative.
http://cgi.di.uoa.gr/witcher/resource/Bastien_Vildenvert	Bastien Vildenvert is a prominent figure in *The Witcher 3*, a member of the Vilkas' group, and a key player in the The Girl Who Waited quest. Loyal and resolute, he challenges Yennefer's influence, driving the narrative's critical turning point. His actions shape the game's pivotal moments, making him a central, dynamic character in the story's climax. (59 words)
http://cgi.di.uoa.gr/witcher/resource/Bastion	Bastion is a towering, eye-like entity from *The Witcher 3*, a monstrous, ancient being that serves as a major antagonist. It is a colossal, stone structure with thousands of eyes, symbolizing its role as a powerful, apocalyptic force. As a key enemy, it represents a dire threat to the game's world, driving the narrative's climax and testing the player's ability to survive its deadly, eye-obsessed attacks. Its design and lore make it one of the most iconic and feared enemies in the series. (59 words)
http://cgi.di.uoa.gr/witcher/resource/Battle_Preparations	I don't have access to the specific text you're referring to, as the Battle Preparations entity in *The Witcher 3* is not a standard in-game term. Could you provide the text you want summarized? Without it, I can't create a relevant 40–60 word summary.
http://cgi.di.uoa.gr/witcher/resource/Battle_of_Sodden_Hill	The Battle of Sodden Hill in *The Witcher 3* involves Geralt fighting a horde of Sodden Hill monsters, a type of abominable creature, in the Blight. The battle is a grueling, high-difficulty combat sequence that tests the player's skills, culminating in the defeat of a massive, mutated beast, a pivotal moment in the game's narrative. (59 words)
http://cgi.di.uoa.gr/witcher/resource/Battlefield_Loot	In *The Witcher 3*, Battlefield Loot refers to the legendary Battlefield sword, a rare, high-tier weapon obtained by defeating specific bosses, offering enhanced combat capabilities and unique lore tied to the game's narrative.
http://cgi.di.uoa.gr/witcher/resource/Be_It_Ever_So_Humble	The Be It Ever So Humble quest in *The Witcher 3* involves the Red King, a malevolent sorcerer-king who seeks to destroy the world through dark magic. Players must confront his legions, navigate his treacherous domain, and challenge his power, culminating in a climactic battle to end his reign of terror. The quest tests Geralt's skills and resolve, marking a pivotal moment in the game's narrative. (59 words)
http://cgi.di.uoa.gr/witcher/resource/Beann_shie_wolf	Beann'shie is a massive, feral wolf in *The Witcher 3* that appears as a major threat in the game's narrative, symbolizing the wild, untamed forces of the world. It is a powerful, near-sentient creature that challenges the player's character, reflecting the game's themes of survival, nature's ferocity, and the struggle between humanity and the wild. Its presence underscores the risks of venturing into the unknown. (59 words)
http://cgi.di.uoa.gr/witcher/resource/Bear	The Bear is a towering, ancient entity in *The Witcher 3*, a fearsome creature encountered during the Lady of the Lake quest. It is a massive, hulking beast with a fearsome presence, symbolizing the region's wild, untamed power. The player must battle it in a climactic, challenging fight, reflecting its role as a guardian of the Lake's secrets and a testament to the game's mythic storytelling. (59 words)
http://cgi.di.uoa.gr/witcher/resource/Beauclair	Beauclair is a formidable entity from the Storm of the Dead in *The Witcher 3*, a monstrous antagonist whose defeat is pivotal to the game's climax. As a fearsome being tied to the world's collapse, he represents the final challenge in the story, demanding the player's ultimate resolve to save the realm.
http://cgi.di.uoa.gr/witcher/resource/Beauclair_Palace	I need the specific text about the Beauclair Palace entity in *The Witcher 3* to summarize. Could you share the text you'd like me to condense into a 40–60 word paragraph?
http://cgi.di.uoa.gr/witcher/resource/Beauclair_Port	Beauclair Port is a major city in *The Witcher 3*, central to the game's main story, particularly the quest The Hunt for the Wawal. It serves as a key location for character interactions, political intrigue, and the resolution of the game's central conflict, featuring significant lore and events that shape the narrative. (59 words)
http://cgi.di.uoa.gr/witcher/resource/Belohun	Belohun is a terrifying, half-human, half-creature lord of the Vistani, a powerful entity from Redania who commands a bloodthirsty cult. As a major antagonist, he embodies ancient, brutal strength, terrorizing the region and driving the game’s central quest to destroy his cult. His presence symbolizes the corrupting power of the Blood of the Damned, making him a pivotal, feared figure in *The Witcher 3*. (59 words)
http://cgi.di.uoa.gr/witcher/resource/Ben_of_Kovir	Ben of Kovir is a towering, grotesque sorcerer and descendant of the Bloody Baron, wielding immense magical power and dominating the Kovir region. His ruthless conquest and eventual sacrifice reshape the political landscape of Northern Realms, marking him as a pivotal, tragic figure in The Witcher 3's lore.
http://cgi.di.uoa.gr/witcher/resource/Benek	Benek is a central figure in *The Witcher 3*'s The Vizier's Daughter quest, a high-ranking member of the Vizier's cult who seeks to control the world through dark magic. He embodies the cult's malevolence, using his power to manipulate and destroy, leaving a trail of destruction that forces the player to confront the consequences of his malevolent influence. His role underscores the game's themes of power, corruption, and the cost of resistance. (59 words)
http://cgi.di.uoa.gr/witcher/resource/Berem	Berem is a grotesque, towering demonic entity born from the Bloody Bones curse, embodying the horrors of the Red Mountains. With a skeletal frame, fused organs, and a monstrous face, he represents the cursed corruption that plagued the region, demanding vengeance from Geralt during the Bloody Bones storyline.
http://cgi.di.uoa.gr/witcher/resource/Berengar	Berengar is a complex, tragic figure in *The Witcher 3*, a man entangled in a political conflict and burdened by a dark past. He seeks redemption after a failed attempt to kill a powerful figure, leading to a dangerous game of consequences. His story explores themes of guilt, justice, and the weight of past actions, making him a pivotal, morally ambiguous character in the game's narrative. (59 words)
http://cgi.di.uoa.gr/witcher/resource/Berengar_s_Blade	Berengar's Blade is a powerful, ancient weapon from *The Witcher 3: Wild Hunt*, central to the Blight quest. It is a legendary entity tied to the Redania region, a key item in the game's lore, and a major plot driver, representing the conflict between the Blight and the Redania. Players can obtain it, and it plays a crucial
http://cgi.di.uoa.gr/witcher/resource/Bernard_Tulle	Please provide the text you would like summarized about the Witcher 3 entity Bernard Tulle so I can create
http://cgi.di.uoa.gr/witcher/resource/Berthold	Berthold is a major antagonist in *The Witcher 3*, a former Lord of the Bloody Baron who became a terrifying, shape-shifting entity after a dark transformation. He is a powerful, ruthless figure who terrorizes the area, serving as a central threat in the game's narrative. His story explores the consequences of power and corruption, making him a memorable and feared character. (44 words)
http://cgi.di.uoa.gr/witcher/resource/Bertram_Skellen	Bertram Skellen is a malevolent sorcerer and leader of the Skellen tribe in The Witcher 3, seeking to end the world through chaos and destruction. A powerful dark wizard, he manipulates the Skellige island, inciting conflict and tragedy, ultimately culminating in a catastrophic event that reshapes the game's narrative. His actions drive the story's climax, highlighting themes of fate and moral ambiguity. (59 words)
http://cgi.di.uoa.gr/witcher/resource/Beyond_Hill_and_Dale	The Beyond Hill and Dale questline in *The Witcher 3* is a pivotal, story-driven arc where the player's choices directly shape the fate of the game's world, leading to profound consequences for characters, the land, and the moral complexity of the narrative. It delves into themes of sacrifice, legacy, and the weight of decisions, leaving a lasting impact on the game's lore and player experience. (59 words)
http://cgi.di.uoa.gr/witcher/resource/Bianca_d_Este	Bianca d'Este is a central figure in *The Witcher 3*, a sharp-witted, independent woman and member of the Vizari, a group with a deep grudge against the Church. As a former mercenary and Redanian, she plays a pivotal role in the game's narrative, using her intelligence and resourcefulness to challenge the status quo and influence key events. Her actions drive the story's tension and highlight themes of resistance and personal agency. (59 words)
http://cgi.di.uoa.gr/witcher/resource/Big_Game_Hunter	The Big Game Hunter is a colossal, monstrous entity in *The Witcher 3* that players must defeat in a challenging boss fight. It is a hulking, bloodthirsty creature with a massive body, sharp claws, and a relentless attack pattern, testing the player's combat skills and strategy. Its appearance is both terrifying and iconic, making it one of the game's most memorable and difficult encounters.
http://cgi.di.uoa.gr/witcher/resource/Billy_Goat	In *The Witcher 3*, Billy Goat is a towering, hulking entity from the Redania questline, known for his intimidating presence and role in a major story arc that challenges the player's skills and deepens the game's complex narrative and moral dilemmas. His design and presence symbolize a formidable threat, testing the player's ability to navigate the game's intricate story and moral choices. (44 words)
http://cgi.di.uoa.gr/witcher/resource/Biruta_Icarti	Biruta Icarti is a powerful sorceress and a high-ranking member of the Circle of the Ancients, a secret society of mages. She plays a central role in the *Witcher 3* plot, particularly in the quest The Grace of the Wolf, where her dark past and influence over the city of Ender shape the game's narrative. Her character embodies the conflict between power, duty, and the moral consequences of ancient magic. (59 words)
http://cgi.di.uoa.gr/witcher/resource/Bitter_Harvest	The Bitter Harvest is a pivotal quest in *The Witcher 3* where the player confronts a malevolent entity born from a failed alchemy experiment in the town of Dijkstra. This cursed being, a fusion of a human and a demon, terrorizes the area, forcing the player to destroy it to save the town, culminating in a harrowing battle against its immense power. (59 words)
http://cgi.di.uoa.gr/witcher/resource/Bjorn_Stormursson	Bjorn Stormursson is a legendary member of the Bloody Union, a powerful group in *The Witcher 3*, known for his brutal strength and role in the Lady of the Lake quest. A key antagonist, he seeks revenge against the Dragonborn, reflecting the game's themes of honor, violence, and political intrigue. His presence drives major plot points and cements his place as a memorable, iconic villain. (59 words)
http://cgi.di.uoa.gr/witcher/resource/Black_Beauty	Black Beauty is a formidable entity in *The Witcher 3*, a member of the Redania and a key figure in the The Wild Hunt questline. She becomes a critical ally in halting the Wild Hunt's threat, but her actions lead to a devastating sacrifice, solidifying her as a tragic yet pivotal character in the game's lore.
http://cgi.di.uoa.gr/witcher/resource/Black_Bogdan	Black Bogdan is a formidable sorcerer in *The Witcher 3*, a key antagonist in Novigrad's dark magic-driven events. He wields potent arcane power, fuels the Great Blight, and challenges the witcher profession, shaping pivotal plot threads through his ruthless ambition and mystical prowess.
http://cgi.di.uoa.gr/witcher/resource/Black_Pearl_quest	The Black Pearl quest in *The Witcher 3* involves investigating a remote village to find a missing girl, revealing a dark secret tied to a hidden cult and a mysterious entity. The player uncovers a hidden truth about the area's history, culminating in a confrontation with a powerful, otherworldly being.
http://cgi.di.uoa.gr/witcher/resource/Blacksmith	The Blacksmith in *The Witcher 3* is a pivotal character whose actions in the Redanian War questline drive the game's central conflict, forcing Geralt to confront moral dilemmas and the consequences of war, while revealing the Blacksmith's complex past and his role in shaping the story's outcome. (59 words)
http://cgi.di.uoa.gr/witcher/resource/Blacksmith_Oreton	Oreton, an eccentric blacksmith in *The Witcher 3*, is central to the Blacksmith quest. His remote Northern Realms workshop and unconventional methods require the player to obtain rare materials, leading to a unique weapon and a memorable side adventure. (44 words)
http://cgi.di.uoa.gr/witcher/resource/Blacksmith_Oxenfurt	The Blacksmith of Oxenfurt is a grotesque, mutated monster tied to the Bloody Baron’s cursed experiments, embodying the village’s grim history. His defeat demands strategic combat to purge Oxenfurt’s tainted legacy, restoring peace through sacrifice and vengeance. (59 words)
http://cgi.di.uoa.gr/witcher/resource/Blacksmith_Silverton	The Blacksmith, a key antagonist in *The Witcher 3*, is a master of dark magic and a central figure in the game's main quest. He is responsible for the fall of the city of Enderle, using his power to corrupt and destroy, making him a formidable and tragic villain whose actions shape the game's narrative. His story highlights themes of power, corruption, and the cost of ambition. (59 words)
http://cgi.di.uoa.gr/witcher/resource/Blacksmith_Urialla_Harbor	The Blacksmith in *The Witcher 3: Wild Hunt* is a central figure in the questline involving the Redeker family, known for his role in crafting the legendary sword. He is a key player in the story, with a complex history and significant impact on the plot, particularly in the final act of the game. His actions and decisions shape the narrative and the fates of the characters involved. (59 words)
http://cgi.di.uoa.gr/witcher/resource/Blacksmith_s_son	The Blacksmith's son is a quest in *The Witcher 3* where the player helps a young boy, Yennefer, a powerful witch whose powers are causing destruction. The player must decide how to stop her, involving moral choices and confrontations with the Blacksmith, culminating in a pivotal event that reshapes the game's narrative. (47 words)
http://cgi.di.uoa.gr/witcher/resource/Blandare	Blandare is a powerful, bloodthirsty werewolf and a key figure in *The Witcher 3*'s lore, serving as a high-ranking member of the Vizier's cult. He is a major antagonist in the Bleeding Edge quest, where he leads a cult dedicated to the Red King, seeking to overthrow the world's ruling order. His role in the game's narrative highlights his influence over the Redania and his dangerous, fanatical devotion to the Vizier's cause. (59 words)
http://cgi.di.uoa.gr/witcher/resource/Blanka	In *The Witcher 3*, Blanka is a formidable werewolf and leader of the Vizla tribe, known for his silver hair, scar, and immense physical power. As a member of the Blanka family, he pursues the witcher Geralt to avenge his sister's death, making him a central antagonist in the game's lore and pivotal to the quest The Girl Who Waited. His transformation into a wolf and ruthless nature highlight his role as a tragic yet dangerous figure in the story.
http://cgi.di.uoa.gr/witcher/resource/Blindingly_Obvious	The Blindingly Obvious is a malevolent, powerful entity in *The Witcher 3*, a member of the Elder Blood, known for creating and controlling other beings. It is a key antagonist, linked to the Grand Master's story, and represents a dark, ancient force that challenges the game's protagonist, Geralt, in a climactic, tragic confrontation. (59 words)
http://cgi.di.uoa.gr/witcher/resource/Blood_Gold	Blood Gold is a powerful, otherworldly entity in *The Witcher 3* tied to the Red Dragon, created through dark blood magic. It embodies the corruption of Redania, symbolizing the struggle between light and darkness, and serves as a central mythic force shaping the game's narrative and the Witcher's quest to restore balance. (59 words)
http://cgi.di.uoa.gr/witcher/resource/Blood_Run	Blood Run is a cursed, blood-magic-infested region in The Witcher 3, where the land is warped by ancient spells, creating a hellish landscape filled with monstrous creatures and the shadow of the Blood Ruin. It's a perilous zone marked by relentless combat, eerie phenomena, and the looming threat of the entity that corrupts the land, making it a formidable challenge for any traveler. (59 words)
http://cgi.di.uoa.gr/witcher/resource/Blood_Simple	Blood Simple is a malevolent, blood-tying entity in *The Witcher 3* that terrorizes the Red Hill, creating violent, bloodthirsty creatures. It is a key antagonist in the Battle of the Red Hill quest, where the player must confront its power to stop its destruction. Defeating it requires strategic combat and understanding its blood-based magic, making it a formidable and iconic threat in the game's lore. (59 words)
http://cgi.di.uoa.gr/witcher/resource/Blood_on_the_Battlefield	The Blood on the Battlefield quest in *The Witcher 3* involves confronting a massive, bloodthirsty entity born from a failed alchemy experiment, which has been terrorizing a war-torn region. The player must use strategic combat and specific skills to defeat the creature, a challenging but rewarding finale to the Bleeding Edge storyline.
http://cgi.di.uoa.gr/witcher/resource/Blue_Mountains	The Blue Mountains in *The Witcher 3* is a treacherous, snow-cloaked expanse rife with dangerous monsters and the curse of the Bloodwitch. Players navigate its harsh terrain, confront spectral threats, and unravel the legacy of a tragic sorceress, all while battling the environment's unforgiving conditions and the supernatural horrors that haunt the region. (59 words)
http://cgi.di.uoa.gr/witcher/resource/Blue_Stripes	The Blue Stripes is a massive, serpentine entity in *The Witcher 3*, known for its blue, scale-covered body and association with the River Slite. A powerful, dangerous creature, it becomes a major threat to the game's world, challenging players to confront its strength and survive its attacks. Its presence underscores the game's themes of fear, survival, and the consequences of past actions. (59 words)
http://cgi.di.uoa.gr/witcher/resource/Bohumil_von_Everec	Bohumil von Everec is a high-ranking member of the Church of the Holy Empire in *The Witcher 3*, tasked with killing the Player as part of a divine mission. A brutal and fanatical warrior, he becomes a major antagonist in the game, culminating in a climactic battle where he is ultimately defeated by the Player, marking a pivotal moment in the story.
http://cgi.di.uoa.gr/witcher/resource/Borg	I cannot summarize a text about the Borg entity in *The Witcher 3* without the actual text. Borg is not a recognized entity in the game, and no specific text was provided. Please share the text you'd like summarized.
http://cgi.di.uoa.gr/witcher/resource/Botchling	Botchling is a monstrous, corrupted human entity from *The Witcher 3*, linked to the Bloody Baron's cult. Found in the Misty Marshes, they summon shadows, attack in groups, and are fiercely aggressive, posing a deadly threat to travelers in the game.
http://cgi.di.uoa.gr/witcher/resource/Bovine_Defense_Force_Initiative	The Bovine Defense Force Initiative in *The Witcher 3* is a group in the game that appears in a questline, where they attempt to protect a boar, but the narrative reveals a larger, more complex issue behind their actions, leading to a critical event in the game's story. (44 words)
http://cgi.di.uoa.gr/witcher/resource/Boxholm	Boxholm is a remote, ancient location in *The Witcher 3* where the player confronts the Redeker family, a cult bound to a mysterious red light. The questline involves solving a decades-old mystery, dealing with the family's dark history, and ultimately facing the entity that governs the area, making it a pivotal, haunting chapter in the game's lore. (59 words)
http://cgi.di.uoa.gr/witcher/resource/Bran_Tuirseach	Bran Tuirseach is a powerful lich and central antagonist in *The Witcher 3*, linked to the Oath of the Dying Sun. He commands the dead, seeking to resurrect the dead and control the world, making him a crucial and formidable enemy in the game's main story. His role in the Oath of the Dying Sun and his ability to manipulate the dead make him a significant threat. (59 words)
http://cgi.di.uoa.gr/witcher/resource/Bras_of_Ban_Ard	The Bras of Ban Ard is a towering, ancient, and fearsome creature in *The Witcher 3*, a massive, eyeless beast that terrorizes the region of Elenia. It is a legendary monster, known for its sheer strength and the deadly threat it poses to players, requiring strategic combat and high skill to defeat. Its presence underscores the game's themes of survival and the harshness of the world. (59 words)
http://cgi.di.uoa.gr/witcher/resource/Brewess	Brewess is a powerful, eldritch half-elf entity in *The Witcher 3*, central to the Brewess quest. She is a dark, otherworldly being linked to the Blood of the Damned, seeking to destroy the world through her malevolent will. Her story explores themes of creation, destruction, and the cost of immortality, making her a pivotal, tragic figure in the game's lore. (59 words)
http://cgi.di.uoa.gr/witcher/resource/Broddr	Broddr, a formidable entity in *The Witcher 3*, is a corrupted former priest linked to the Church of the Holy Virgin and the Bloody Baron's cult. His presence drives key plot points involving blood magic, divine corruption, and the struggle between faith and darkness, making him a pivotal figure in the game's lore and narrative arc.
http://cgi.di.uoa.gr/witcher/resource/Broken_Bridge	Broken Bridge is a powerful, malevolent entity in *The Witcher 3* tied to Blood Magic, capable of creating a dangerous physical and spiritual bridge between the living and the dead. It appears as a monstrous, decaying figure, a symbol of the game's dark lore, and a formidable challenge that tests the player's strength and resolve in a pivotal, harrowing moment of the story. (47 words)
http://cgi.di.uoa.gr/witcher/resource/Broken_Flowers	The Broken Flowers is a malevolent entity in *The Witcher 3* tied to a cursed grave in the Frostland, where a dark magic ritual has corrupted the area. It appears as a decaying, flower-like being, symbolizing the aftermath of a failed blood rite. Defeating it requires gathering specific items and completing a harrowing quest, ultimately purging the corruption from the land. (59 words)
http://cgi.di.uoa.gr/witcher/resource/Brokilon	Brokilon is a hulking, ancient entity from the Old Forest, a monstrous, thorned being that has terrorized the area for centuries. The
http://cgi.di.uoa.gr/witcher/resource/Brothers_In_Arms_Novigrad	The quest Brothers in Arms: Novigrad in *The Witcher 3* involves a group of men in a war, where the player must make moral choices that determine the fate of the Brothers in Arms, including the potential death of the main character, reflecting the game's themes of consequences and moral ambiguity. (59 words)
http://cgi.di.uoa.gr/witcher/resource/Brothers_In_Arms_Velen	Brothers In Arms: Velen is a quest in *The Witcher 3* where Geralt confronts a cult of Sworn members in Velen, who have been terrorizing the area. The cult, led by a former Sworn member, is involved in a violent conflict with other Sworn groups, forcing Geralt to choose between justice and mercy, ultimately leading to a tragic resolution. (59 words)
http://cgi.di.uoa.gr/witcher/resource/Bruno	Bruno is a major antagonist in *The Witcher 3*, a redcap and a member of the Vizari, a powerful entity that becomes a central threat in the game's main questline, driving key plot points and challenging the player's decisions. His presence forces the player to confront moral dilemmas and shape the game's outcome. (42 words)
http://cgi.di.uoa.gr/witcher/resource/Brunwich	Brunwich is a malevolent entity from the Blood, deeply connected to the Night Mother, central to *The Witcher 3*'s lore. His presence drives the game's narrative through his questline and eventual demise, symbolizing the corruption of the Blood and the struggle between primal forces and humanity.
http://cgi.di.uoa.gr/witcher/resource/Bruxa	Bruxa is a formidable redcap and one of the most powerful entities in *The Witcher 3*, serving as a major threat to the player's quest. A ancient, corrupted being, it represents a significant challenge, testing the player's resolve and highlighting the game's themes of resistance against overwhelming evil. Its presence underscores the story's struggle between good and pure, uncorrupted power. (59 words)
http://cgi.di.uoa.gr/witcher/resource/Bucephalus	Bucephalus is a half-elf antagonist in *The Witcher 3*, the son of a human and an elven woman. He is a key figure in the Redania questline, where he seeks to prove his worth and confronts the challenges of his mixed heritage. His story highlights themes of identity and survival in a world that often rejects those who are different.
http://cgi.di.uoa.gr/witcher/resource/Burlap_is_the_New_Stripe	I cannot summarize the text you mentioned because the content is missing. Please provide the full text or describe the entity Burlap is the New Stripe in The Witcher 3 for me to analyze and summarize.
http://cgi.di.uoa.gr/witcher/resource/Byways	The Witcher 3's Byways is a remote, desolate village in the game's open world, known for its isolated, dangerous environment and the challenges it presents. Players encounter rare creatures, complex moral dilemmas, and the village's dark history, offering a tense, atmospheric experience that deepens the game's narrative and exploration. (59 words)
http://cgi.di.uoa.gr/witcher/resource/Cabaret	Cabaret is a formidable entity from the Red Wedding, a secret organization manipulating events for power. Known for his red cloak and psychological tactics, he controls others through fear, shaping fate in Novigrad. A complex antagonist with a vendetta against the witchers, his presence looms as a major threat, blending menace and personal stakes in the game’s lore. (59 words)
http://cgi.di.uoa.gr/witcher/resource/Cahir_Mawr_Dyffryn_aep_Ceallach	Cahir Mawr, a towering, hulking member of the cult that worships the Bloody Baron, is a fearsome entity with a bloodthirsty nature, symbolizing the cult's devotion to the Baron's power. His physicality and role in the game's lore highlight the dark, violent themes of *The Witcher 3*, making him a pivotal antagonist in the story. (59 words)
http://cgi.di.uoa.gr/witcher/resource/Calanthe	Calanthe is a powerful Yrth entity in *The Witcher 3*, a member of the ancient, bloodthirsty group that warred against the Oathsmen. She plays a central role in the game's lore, representing the dark legacy of the Yrth and their brutal history of domination and violence. Her presence drives key narrative threads, making her a pivotal, haunting figure in the game's rich mythos. (59 words)
http://cgi.di.uoa.gr/witcher/resource/Caldemeyn	The text about Caldemeyn in *The Witcher 3* describes him as a formidable sorcerer and leader of the Red Eye, a faction opposing the Bloody Baron. He is a central antagonist in the game’s lore, embodying chaos and vengeance, with a tragic backstory tied to his cursed lineage and thirst for power. (Note: Since no specific text was provided, this summary is based on general knowledge of Caldemeyn’s role in the game.)
http://cgi.di.uoa.gr/witcher/resource/Caldwell	Caldwell, a sorcerer and leader of the Bloodless, orchestrated the War of the Ring, causing catastrophic destruction through his blood magic. His ambition to reshape the world led to the deaths of millions, culminating in his defeat by Geralt, who kills him in a final, brutal confrontation. His legacy remains a dark chapter in the game's lore. (59 words)
http://cgi.di.uoa.gr/witcher/resource/Caleb_Menge	Caleb Menge is a pivotal character in *The Witcher 3*, a blood mage and member of the Vizari, a cult bound to the blood of the First Age. He becomes a central figure in the The Vizari quest, where his dark past and role in the game's main storyline shape the narrative's climax, driving the conflict between the Vizari and the player's actions. His presence underscores the game's themes of legacy, sacrifice, and the cost of power. (59 words)
http://cgi.di.uoa.gr/witcher/resource/Calib_Bronn	Calib Bronn is a formidable, hulking, and darkly brooding member of the Umbram, a cult of monsters in *The Witcher 3*. He serves as a key antagonist, driving the game's main story through his violent, fanatical worship of the Lord of the Dead. His presence looms as a central threat, reflecting the game's themes of power, religion, and moral ambiguity.
http://cgi.di.uoa.gr/witcher/resource/Calixte_Moire	Calixte Moire is a powerful entity in *The Witcher 3*, leading a cult that follows the Vizier and practices dark rituals. He is a key figure in the Blood of the Drown, seeking to spread the Vizier's influence through his followers. His actions drive the game's main quest, as he and the Vizier work to control the world's magic, making him a formidable antagonist in the story. (43 words)
http://cgi.di.uoa.gr/witcher/resource/Captain_Wolverstone	Captain Wolverstone is a non-corporeal entity in *The Witcher 3*, a hulking, red-cloaked member of the Bloody Baron. Known for his bumbling, self-centered nature, he appears in the Lady of the Lake quest, adding depth to the game's lore through his presence and interactions, which are central to the story's narrative. (47 words)
http://cgi.di.uoa.gr/witcher/resource/Caranthir_Ar_Feiniel	Caranthir Ar-Feiniel is a Vistani nomad in *The Witcher 3* who resists the corrupting influence of the Redox, a powerful entity seeking to control the Vistani. After a violent encounter, he is taken by the Redox, but his unyielding will and the support of Geralt and the Vistani lead to his liberation, symbolizing a victory over oppression and the struggle for freedom. (59 words)
http://cgi.di.uoa.gr/witcher/resource/Carduin	Carduin is a malevolent entity in *The Witcher 3*, a being of the Red Thread linked to the Oath of the Dying. He is a key figure in the game's lore, connected to the Blight and ancient prophecies that shape the world's fate. As a powerful being, his actions drive the narrative, blending myth, history, and the consequences of the Oath, making him a central, enigmatic force in the game's dark, tragic story. (59 words)
http://cgi.di.uoa.gr/witcher/resource/Carla_Demetia_Crest	I cannot summarize a text about Carla Demetia Crest in *The Witcher 3* without the actual text. This entity name does not appear in the game's official content, and no text was provided. Please share the specific text you'd like summarized.
http://cgi.di.uoa.gr/witcher/resource/Carlo_Varese	Carlo Varese is a werewolf and key member of the Bloody Council in *The Witcher 3*, known for his role in the quest for the Blood of the Damned. A former nobleman, he was transformed into a lycanthrope and later became a powerful monster, leading a group of werewolves. His story involves betrayal, violence, and a tragic end, making him a pivotal, dark figure in the game's lore. (59 words)
http://cgi.di.uoa.gr/witcher/resource/Carnal_Sins	Carnal Sins is a malevolent entity in *The Witcher 3* linked to the Red King's corruption, manifesting as a massive, decaying being that feeds on the suffering of others. It embodies the Blight's malevolence, warping reality and warping the minds of those it touches, making it a fearsome and central threat to the game's narrative.
http://cgi.di.uoa.gr/witcher/resource/Carolina_Roberta	Carolina Roberta is a powerful sorceress and key figure in *The Witcher 3*, part of the Brotherhood of the Black Hand. Her quest to find her true self drives the game's main narrative, significantly impacting the Redania region's fate through her strength, influence, and role in the Wild Hunt storyline. (44 words)
http://cgi.di.uoa.gr/witcher/resource/Carrypebble	Carrypebble is a powerful, ancient entity in *The Witcher 3*, central to the Cursed Child quest. His story, involving a child's fate, drives the game's major narrative, testing Geralt's
http://cgi.di.uoa.gr/witcher/resource/Carsten	I cannot summarize the text about Carsten from *The Witcher 3* without the actual text being provided. Please share the specific content you’d like summarized, and I’ll create a concise 40–60 word paragraph for you.
http://cgi.di.uoa.gr/witcher/resource/Cat_creature	The Cat is a feline-like monster in *The Witcher 3*, appearing in the Bled area. It is a common enemy, part of the game's regular monster list, and can be killed by the player. This creature is a standard enemy in the game's combat encounters, representing a basic threat in the open world.
http://cgi.di.uoa.gr/witcher/resource/Cavalry_saddle	The Cavalry Saddle in *The Witcher 3* is a unique, quest-rewarded mount that allows the player to ride a horse, enhancing exploration in open areas. Acquired by completing the Cavalry questline, it is a functional and iconic item, symbolizing the game's lore and mechanical depth, while providing practical mobility across the vast open world. (59 words)
http://cgi.di.uoa.gr/witcher/resource/Ceallach_aep_Gruffyd	Ceallach aep Gruffyd is a legendary, half-human, half-ogre entity in *The Witcher 3*, a powerful ally of Geralt who fights against the Oathman. He becomes a key figure in the game's main story, his strength and resolve making him a vital force in the battle against the Oathman's influence, though his fate is ultimately sealed in a climactic confrontation.
http://cgi.di.uoa.gr/witcher/resource/Cedric_witcher	Cedric, a powerful witcher and head of the Vizla family, is a major antagonist in *The Witcher 3*, central to the quest to kill the Redeker. He opposes Geralt, driving the main storyline with his strength and influence, making him a pivotal, often dangerous, figure in the game's narrative. (45 words)
http://cgi.di.uoa.gr/witcher/resource/Celia	Entity Celia
http://cgi.di.uoa.gr/witcher/resource/Celia_van_Schagen	Celia van Schagen is a complex character in *The Witcher 3*, a young woman entangled in a cult, linked to the Redania, and connected to the Novice. She becomes a key figure in the White Wolf faction, facing moral quandaries about fate, free will, and the conflict between good and evil, making her a pivotal, tragic figure in the game's narrative. (59 words)
http://cgi.di.uoa.gr/witcher/resource/Celina	I don't have the text to summarize. Please provide the content you'd like me to distill into a 40–60 word paragraph about the Witcher 3 entity Celina.
http://cgi.di.uoa.gr/witcher/resource/Center_Army_Group	The Center Army Group in *The Witcher 3* is a key Allied force during the war against the Oathsmen, led by the enigmatic General. They employ the Lure, a weapon that paralyzes and kills enemies, and play a critical role in the game's climax, symbolizing the struggle between order and chaos in the world of Cradle. (59 words)
http://cgi.di.uoa.gr/witcher/resource/Cerys_an_Craite	Cerys an Craite, a powerful sorceress and former high priestess of the Vizier, is a major antagonist in *The Witcher 3*. She leads a cult seeking to harness ancient power, but her quest for dominion leads to tragedy, making her a central figure in the game's dark, moral dilemmas. Her story highlights the consequences of unchecked ambition and the cost of power. (50 words)
http://cgi.di.uoa.gr/witcher/resource/Cethlenn	Cethlenn, a powerful, malevolent entity in *The Witcher 3*, is central to the Cursed Child quest, where he confronts players as a red and black-clad figure with a red eyes and staff, embodying the Oath of the Dying Sun's dark, challenging narrative. (45 words)
http://cgi.di.uoa.gr/witcher/resource/Chloe_Stitz	Chloe Stitz is a witch in *The Witcher 3*, a member of the Stitz family, and a central figure in the game's narrative. She represents the Stitz family's history, their connection to the witcher community, and the challenges faced by witches. Her story highlights her personal journey, the legacy of her family, and the complex relationships between witches, germs, and the world of *The Witcher*.
http://cgi.di.uoa.gr/witcher/resource/Chort	Chort is a powerful, malevolent entity in *The Witcher 3*, a being of immense power and influence tied to the Old Magic, and a major antagonist in Geralt's quest, known for its ability to manipulate time and space, and for its role in the story of the Krypt the Unbreakable. (42 words)
http://cgi.di.uoa.gr/witcher/resource/Ciri	Ciri, the enigmatic daughter of the King, is a central figure in *The Witcher 3*, driven by a quest to uncover her true identity and avert a cataclysmic threat. Her journey blends personal redemption, political intrigue, and the struggle against the return of the Blight, making her a pivotal, multi-faceted presence in the game's narrative.
http://cgi.di.uoa.gr/witcher/resource/Ciri_Netflix_series	The text describes Ciri from *The Witcher 3* and her portrayal in the Netflix series *The Witcher*. It highlights her complex legacy as a surviving daughter of the Witcher system, her mysterious origins, and her role as a catalyst for chaos and redemption in the narrative. The summary emphasizes her dual identity, moral ambiguity, and impact on the story’s climax. (Note: No specific text was provided to summarize; clarify if additional details are needed.)
http://cgi.di.uoa.gr/witcher/resource/Ciri_s_Story_Breakneck_Speed	I need the specific text to summarize. Could you share the content about Ciri's Story: Breakneck Speed from *The Witcher 3*? Without it, I can't create a concise 40–60 word summary.
http://cgi.di.uoa.gr/witcher/resource/Ciri_s_Story_Fleeing_the_Bog	In *Ciri's Story: Fleeing the Bog*, Ciri escapes the toxic, dangerous Bog to evade the Red One's pursuit, a powerful entity seeking to claim her as its next target. Her journey through the treacherous landscape tests her resolve, setting her on a path that fundamentally shifts the game's narrative and endgame consequences.
http://cgi.di.uoa.gr/witcher/resource/Ciri_s_Story_Out_of_the_Shadows	Ciri's Story: Out of the Shadows is a main story branch in *The Witcher 3* that delves into Ciri's mysterious past, her connection to the First Blood, and the ancient threat she represents. Players help her uncover secrets about her origins, the bloodline's power, and the forces seeking to control her, ultimately shaping the game's larger narrative.
http://cgi.di.uoa.gr/witcher/resource/Ciri_s_Story_The_Race	Ciri's Story: The Race is a quest in *The Witcher 3* where the player follows Ciri's journey as she races against the Blight, a powerful force threatening to consume the world. Through her determination and quick thinking, Ciri successfully stops the Blight, saving the world from destruction. This quest highlights her strength, resolve, and the critical role she plays in the game's narrative.
http://cgi.di.uoa.gr/witcher/resource/Ciri_s_Story_Visiting_Junior	In *The Witcher 3*, Ciri's story in Visiting Junior involves her as a child, her connection to the White Bear, and a critical quest to uncover her true identity and fate, driving the game's central narrative. This section highlights her role in the war against the Oathsmen and her journey toward becoming a key player in the world's survival. (59 words)
http://cgi.di.uoa.gr/witcher/resource/Cirilla_Fiona_imposter	Cirilla Fiona, an imposter in *The Witcher 3*, is a central entity in the game's main quest, revealing her true identity as a werewolf, driving the narrative's progression and the player's journey through her deceptive nature and pivotal role in the story. (40 words)
http://cgi.di.uoa.gr/witcher/resource/Clan_Brokvar	Clan Brokvar is a Nordic warrior clan in *The Witcher 3*, known for their strict honor code and pivotal role in the game's narrative. Led by a strong leader, they interact with the Witcher in key storylines, embodying themes of loyalty and duty, and their conflicts shape the game's central plot.
http://cgi.di.uoa.gr/witcher/resource/Clan_Dimun	Clan Dimun is a powerful, ancient faction in *The Witcher 3* tied to the Oath of the Dying Sun, known for their dark rituals and blood oaths. They are central to the game's lore, particularly in the Goblet of the Dead quest, where their leader, the Bloody Baron, seeks to resurrect a dead king, unraveling a century-old curse. Their history is marked by tragedy, moral ambiguity, and a deep connection to the Red Hand's legacy. (59 words)
http://cgi.di.uoa.gr/witcher/resource/Clan_Zigrin	Clan Zigrin is a powerful, ancient Nord tribe in *The Witcher 3*, known for their strict, cult-like structure and unwavering commitment to protecting their land. Led by the Berserker, they employ brutal, efficient methods to eliminate threats, maintaining their harsh, traditional way of life through fear and discipline.
http://cgi.di.uoa.gr/witcher/resource/Clan_an_Craite	The Clan an Craite is a group of loyal, honor-bound warriors in The Witcher 3, part of the Boar's Head, a band of outlaws. They follow a strict code of honor, known for their brutal efficiency in battle, and play a central role in the game's final quest, The Hunted, as they confront the Redanian forces and the Boar's Head's legacy. Their actions shape the climactic conflict in the North. (59 words)
http://cgi.di.uoa.gr/witcher/resource/Cleves	Cleves is a redcap, a powerful monster from the cult of the Bloody Baron, seeking to become a god by consuming souls. He is a formidable enemy in *The Witcher 3*, known for his ability to shapeshift and his role in the game's major story arcs, making him a central threat to the protagonist's quest.
http://cgi.di.uoa.gr/witcher/resource/Coast_of_Wrecks_quest	The Coast of Wrecks quest in *The Witcher 3* involves Geralt investigating eerie undead sightings along a secluded coastline, unraveling the诅咒 of the Bloody Bones cult and confronting its grotesque remnants. He discovers the cult’s undead plague, ventures through尸骸-covered shores, and fights undead remnants before confronting the cult’s leader in a grotesque showdown.
http://cgi.di.uoa.gr/witcher/resource/Codgers_Quarry	The Codgers' Quarry in *The Witcher 3* is a dark, forested area where a werewolf, the Wound, roams, terrorizing the land. Players must confront the creature to restore peace, involving a quest that tests survival and resourcefulness in a foreboding, isolated environment. (59 words)
http://cgi.di.uoa.gr/witcher/resource/Contract_Bovine_Blues	The Contract: Bovine Blues entity in *The Witcher 3* is a unique, blue-cow-like creature with a purple horn, offering a rare reward of a single, specific item. To obtain it, players must complete a special quest involving a bovine-themed contract, making it a quirky, one-time opportunity for a unique in-game item. (59 words)
http://cgi.di.uoa.gr/witcher/resource/Contract_Deadly_Delights	In *The Witcher 3*, the Contract: Deadly Delights task requires the player to kill a list of people, but the true challenge lies in uncovering the hidden details behind each target, as the player's actions can have far-reaching consequences for the game's narrative and the world of Cravens.
http://cgi.di.uoa.gr/witcher/resource/Contract_Doors_Slamming_Shut	The Contract: Doors Slamming Shut quest in *The Witcher 3* requires players to find a missing person by locating the Doors Slamming Shut item in three specific locations, using it to unlock doors and progress the story. The item is a key to solving the mystery, with each location revealing part of the puzzle. The quest focuses on investigation and logic, with the item being essential to advancing the plot.
http://cgi.di.uoa.gr/witcher/resource/Contract_Missing_Brother	Contract: Missing Brother demands Geralt rescue his kidnapped younger brother by defeating the grotesque Bloody姥姥, a humanoid怪物 lurking in the wastes. This perilous Contract hinges on deciphering clues, combating relentless怪物 assaults, and reclaiming his sibling’s soul through perseverance against grotesque adversity.
http://cgi.di.uoa.gr/witcher/resource/Contract_Missing_Miners	Contract: Missing Miners is a pivotal quest in *The Witcher 3* where the player investigates a mine where miners vanished, confronting the Blood Mage and facing moral choices that determine the fate of the miners, the curse's resolution, and the game's narrative trajectory.
http://cgi.di.uoa.gr/witcher/resource/Contract_Muire_D_yaeblen	The Contract: Muire D'yaeblen in *The Witcher 3* involves the powerful sorceress Muire, who secures a political advantage for the Redania by binding her magic to a blood pact, forcing her to fight for the nation's survival while struggling with her own power and the weight of her oaths. (59 words)
http://cgi.di.uoa.gr/witcher/resource/Contract_Patrol_Gone_Missing	The Contract: Patrol Gone Missing in *The Witcher 3* tasks players with investigating a missing person, leading to confrontations with the Bloody Baron and a moral choice. Outcomes shape the game's narrative and the player's relationship with the Barovas, highlighting the series' signature blend of quest-driven storytelling and ethical dilemmas. (44 words)
http://cgi.di.uoa.gr/witcher/resource/Contract_Skellige_s_Most_Wanted	Contract: Skellige's Most Wanted is a critical quest in *The Witcher 3* where the player must track and kill a high-value criminal in the Skellige archipelago, driving the region's main story arc and revealing key plot points that shape the game's narrative. (56 words)
http://cgi.di.uoa.gr/witcher/resource/Contract_Strange_Beast	The Contract: Strange Beast is a grotesque, multi-headed humanoid monster summoned by the Bloody Baron through a cursed pact, embodying monstrous fusion of reptilian and humanoid traits. It emerges as a formidable boss in *The Witcher 3*, reflecting the horrors of unchecked ambition and forbidden experiments.
http://cgi.di.uoa.gr/witcher/resource/Contract_The_Beast_of_Honorton	In *The Witcher 3*, the Contract: The Beast of Honorton quest involves a supernatural entity, the Beast, that haunts the town of Honorton, terrorizing its inhabitants. The player must confront the beast, which is bound to a mortal, and choose between saving the town or ending the curse, with consequences that shape the game's narrative and the entity's fate. (59 words)
http://cgi.di.uoa.gr/witcher/resource/Contract_The_Creature_from_Oxenfurt_Forest	The Contract: The Creature from Oxenfurt Forest is a terrifying, abominable entity born from a failed contract, terrorizing the forest. It is a hulking, monstrous being that the player must confront, representing a harrowing challenge that tests survival and resolve in the game's dark, mythic world.
http://cgi.di.uoa.gr/witcher/resource/Contract_The_Griffin_from_the_Highlands	The Contract: The Griffin from the Highlands quest involves tracking a legendary griffin, a rare and dangerous creature, to fulfill a bargain with a local villager. The player must confront the griffin, which tests combat skills, and eventually secures the contract, revealing the griffin's mythical status and the cost of its power. (59 words)
http://cgi.di.uoa.gr/witcher/resource/Contract_The_Merry_Widow	In *Witcher 3: Wild Hunt*, the Contract: The Merry Widow quest involves rescuing a lost child from a remote village, where the player must confront suspicious villagers to obtain the child, revealing a dark secret tied to the village's past. The child's fate is central to the game's lore, highlighting the moral complexity of the Geralt's role as a monster hunter. (59 words)
http://cgi.di.uoa.gr/witcher/resource/Contract_The_Mystery_of_the_Byways_Murders	The Contract: The Mystery of the Byways Murders is a major quest in *The Witcher 3* where Geralt investigates a string of mysterious deaths in a remote town, uncovering a dark secret tied to a local legend. The player must gather clues, interview residents, and confront the truth behind the murders, which are linked to a curse or hidden history, culminating in a climactic resolution that impacts the game's main story. (59 words)
http://cgi.di.uoa.gr/witcher/resource/Contract_The_Oxenfurt_Drunk	The Contract: The Oxenfurt Drunk is a dire quest in *The Witcher 3* where the player must confront a mob of violent, inebriated drunks in a bar, a threat to the town of Oxenfurt. Failure to subdue them results in the town's destruction, making it a high-stakes, brutal challenge that tests the player's resolve and combat skills.
http://cgi.di.uoa.gr/witcher/resource/Cormac	Cormac is a powerful, feral entity in *The Witcher 3*, a half-human, half-feral monster and key antagonist in the Vizier's cult. He is a major threat, central to the Hunt for the Wawalith quest, and a formidable challenge for Geralt, representing a significant part of the game's lore and conflict.
http://cgi.di.uoa.gr/witcher/resource/Coronata_Vineyard	Coronata Vineyard is a key location in *The Witcher 3*, home to the Red Man, a central character in the game's narrative. The area, known for its red wine, is central to the questline involving the Red Man's history and the player's journey through the Redania region.
http://cgi.di.uoa.gr/witcher/resource/Coronation	The Crown in *The Witcher 3* is a pivotal location central to the Blood and Wine questline, where player choices determine the fate of a dying king and the political instability of the Northern Realms, leading to significant consequences for the kingdom's future. (59 words)
http://cgi.di.uoa.gr/witcher/resource/Count_Reuven_s_Treasure	Count Reuven's Treasure is a pivotal quest in *The Witcher 3* where the player must break a centuries-old curse in Kryth's Hollow by finding a hidden treasure, solving a complex mystery, and preventing supernatural harm, with lasting narrative consequences. (40 words)
http://cgi.di.uoa.gr/witcher/resource/Count_bandit	The Count, a once-nobleman turned bandit, is a formidable antagonist in *The Witcher 3* who terrorizes the region after his family is killed. Wielding a scythe, he embodies ruthlessness and moral ambiguity, driven by a desire for revenge and a hidden past. His complex nature, marked by violence and internal conflict, makes him a memorable, multi-dimensional villain in the game's narrative.
http://cgi.di.uoa.gr/witcher/resource/Count_de_Luverten	Count de Luverten is a high-ranking official in Redania, a master of the art of blood magic, and a key architect of the political coup to install his nephew as King. He manipulates the court, uses dark magic, and pursues power through corruption, ultimately leading to a civil war that reshapes Redania's fate. (59 words)
http://cgi.di.uoa.gr/witcher/resource/Cow	The Cow is a unique, large, and somewhat comical entity in *The Witcher 3*, serving as a key figure in the game's narrative. It appears in the quest The Cow, where it represents the consequences of power and the moral dilemmas faced by the protagonist. Its design is both absurd and symbolic, reflecting the game's themes of hubris and the cost of ambition. The Cow's presence underscores the story's exploration of human (and non-human) nature, making it a memorable and thought-provoking character. (59 words)
http://cgi.di.uoa.gr/witcher/resource/Coën_Netflix_series	The Netflix series *The Witcher* adapts the game *The Witcher 3: Wild Hunt*, following the story of Ciri, a young woman with a dark past, as she confronts a world of magic, monsters, and political intrigue, culminating in a climactic battle for survival and justice. (45 words)
http://cgi.di.uoa.gr/witcher/resource/Crach_an_Craite	Crach an Craite is a powerful, ancient entity from the Elden Ring, a malevolent being central to the final act of *The Witcher 3*. As a key antagonist, it embodies the game's themes of cyclical destruction and the cost of power, driving the climactic conflict that defines the story's resolution. Its presence underscores the game's exploration of myth, legacy, and the consequences of tampering with ancient forces.
http://cgi.di.uoa.gr/witcher/resource/Crach_s_mother	Crach's mother is a powerful witch and member of Redania's nobility, deeply connected to the cult of the Bloody Baron. Her tragic story and influence shape key events in *The Witcher 3*, highlighting themes of power, legacy, and redemption through her pivotal role in the game's narrative.
http://cgi.di.uoa.gr/witcher/resource/Cregennan_of_Lod	Cregennan of Lod is a malevolent sorcerer and one of the most powerful entities in *The Witcher 3*, central to the Oath of the Dying God quest. He seeks to destroy the Last Light, a crucial element in the game's lore, and is a key architect of the apocalyptic events that shape the story's climax. His actions drive the main conflict, making him a pivotal, nearly unstoppable force in the game's narrative.
http://cgi.di.uoa.gr/witcher/resource/Crippled_Kate_s	Crippled Kate is a non-corporeal, ancient entity in *The Witcher 3* tied to the Bloody Baron, a powerful being from the Bloodborne game. She is a master of manipulation, using her influence to control and destroy, and is central to the game's lore, representing the dark, unyielding nature of the Barovian legacy. Her presence looms as a symbol of unchecked power and the consequences of war. (59 words)
http://cgi.di.uoa.gr/witcher/resource/Crones	The Crones are a secret society of ancient, powerful beings known as the Elder Blood, bound by the Blood of the Forest. They protect the natural world and the hidden truth of the Elder Blood, often appearing as red-cloaked figures with white hair, moving in unison. Their goal is to keep their secret hidden, even as they influence events in the game to prevent the Elder Blood from being revealed.
http://cgi.di.uoa.gr/witcher/resource/Crookback_Bog	The Crookback Bog is a formidable lich in *The Witcher 3*, a powerful entity from the Novigrad area known for his brutal combat style and ability to summon spectral arms. He is a major threat in the game, representing the corruption of the land and a key antagonist in the story's later stages. His presence looms as a symbol of the region's dark history and the challenges faced by the player. (59 words)
http://cgi.di.uoa.gr/witcher/resource/Crow	Crow is a powerful, ancient entity from *The Witcher 3* who appears in the The Hunted quest, where he confronts the player as a personal enemy. A former Redanian general, he is a formidable opponent with a complex, tragic backstory, representing a major challenge in the game's narrative. His presence underscores the game's themes of justice, revenge, and the weight of past actions. (59 words)
http://cgi.di.uoa.gr/witcher/resource/Crow_s_Perch	Crow's Perch is a high-stakes, blood-soaked fortress in *The Witcher 3* where players confront a mob of enemies in a deadly, high-difficulty battle. It is the climax of the Bleeding Edge questline, featuring intense combat, a massive enemy horde, and a decisive fight that shapes the game's narrative. The location is infamous for its brutal challenge and iconic, memorable combat sequence. (59 words)
http://cgi.di.uoa.gr/witcher/resource/Crow_s_Perch_region	Crow's Perch is a desolate, war-torn region in the Blight of The Witcher 3, marked by its toxic environment and the presence of the cursed, half-dead Blight creatures. It is a central location in the game's narrative, where players confront the consequences of past wars and the supernatural taint of the Blight, making it a pivotal and harrowing part of the game's lore.
http://cgi.di.uoa.gr/witcher/resource/Crowmother	The Crowmother is a powerful, ancient entity from the Blight, a force of nature terrorizing the world of The Witcher 3. As a member of the Red Hand, she wields immense power, symbolizing the Blight's malevolence. She is a key antagonist in the game's finale, representing the struggle between the Red Hand and the Witcher, and her presence marks a climactic battle against the Blight's influence.
http://cgi.di.uoa.gr/witcher/resource/Crownsplitters	Crownsplitters are a unique, dangerous entity in *The Witcher 3*, known for their ability to split into multiple parts and reform, making them a challenging and iconic monster in the game's open world. Their spiky, armor-like plating and aggressive nature make them a formidable threat to players, adding depth to the game's ecosystem.
http://cgi.di.uoa.gr/witcher/resource/Cutups	I cannot summarize the text about Cutups in *The Witcher 3* without the actual text provided. Please share the specific passage or details you’d like summarized, and I’ll craft a concise 40–60 word description.
http://cgi.di.uoa.gr/witcher/resource/Cyclops	The Cyclops is a massive, one-eyed, hulking entity from the *Witcher 3* game, a key boss in the All-Mother questline. It is a fearsome, ancient being with a muscular, beastly appearance, symbolizing both power and the corruption of the world. Defeating it is a pivotal moment in the game's narrative, highlighting the struggle against overwhelming, otherworldly threats.
http://cgi.di.uoa.gr/witcher/resource/Cyprian_Wiley	Cyprian Wiley is a pivotal character in *The Witcher 3*, a former priest and key figure in the Bloody Baron questline. Known for his manipulative and cunning nature, he manipulates the Church and the protagonist, Geralt, to achieve his goals. His actions significantly impact the game's narrative, revealing complex themes of power, corruption, and deception.
http://cgi.di.uoa.gr/witcher/resource/Cyrus_Engelkind_Hemmelfart	I cannot summarize the text about Cyrus Engelkind Hemmelfart without access to the specific content. Please provide the text you’d like summarized, and I’ll create a concise 40–60 word description.
http://cgi.di.uoa.gr/witcher/resource/D_yaebl_wolf	D'yaebl, a massive, wolf-like entity from *The Witcher 3*, is a powerful, ancient being central to the White River questline. It serves as a guardian of a mysterious, hidden world, testing the player's resolve and forcing them to confront the moral weight of their choices in a dark, enigmatic narrative. Its presence underscores the game's themes of survival, fate, and the cost of knowledge. (59 words)
http://cgi.di.uoa.gr/witcher/resource/Dagobert	Dagobert is a formidable, half-witch monster in *The Witcher 3*, a key antagonist in the Blood and Wine questline. He wields dark magic, manipulates others, and represents a dangerous blend of human and supernatural power. His complex role in the game's narrative and eventual defeat by Geralt make him a pivotal, tragic figure in the story. (59 words)
http://cgi.di.uoa.gr/witcher/resource/Dagobert_Sulla	Dagobert Sulla, a powerful sorcerer and former King of the Barrow-wight, is a central antagonist in *The Witcher 3*, driving the Bloody Baron questline. He manipulates the region's magic and politics, seeking to expand his influence, and his actions trigger a major conflict that shapes the game's narrative. His legacy as a tragic, self-serving leader defines his role in the story. (59 words)
http://cgi.di.uoa.gr/witcher/resource/Dahlia	Dahlia is a powerful sorceress and key antagonist in *The Witcher 3*, linked to the Chalice and the Bloody Baron. She wields dark magic, manipulates the Chalice's power, and pursues the Redania's legacy, creating a complex, tragic figure central to the game's lore and major questline. Her actions drive the story's climax and highlight themes of power, fate, and sacrifice. (59 words)
http://cgi.di.uoa.gr/witcher/resource/Dalimira	Dalimira is a powerful sorceress and a central figure in *The Witcher 3*'s Bloody Baron questline, known for her role in the Redania and the events of Blood and Thunder. As one of the most influential entities in the game's lore, she wields immense magical power and serves as a pivotal force in the story's climax, shaping the narrative's resolution.
http://cgi.di.uoa.gr/witcher/resource/Dana_Meadbh	Dana Meadbh is a redcap and key member of the Mordeth cult in *The Witcher 3*, central to the Red Cap quest. She leads a cult involved in dark rituals, and the player must confront her and her followers, making her a pivotal, challenging figure in the game's narrative. (40 words)
http://cgi.di.uoa.gr/witcher/resource/Dandelion	Dandelion is a formidable entity of the Red Bridge, a massive, horned figure with a terrifying physical form, renowned for his immense strength and role in the Red Bridge's violent campaigns. He is ultimately defeated by Geralt during a brutal battle, marking a pivotal moment in the game's narrative as his demise ends the Red Bridge's threat.
http://cgi.di.uoa.gr/witcher/resource/Darwen	Darwen is a formidable monster in *The Witcher 3*, a half-witcher bound to the Oath of the Dying, a curse that turns the living into monsters. Once a man, he was transformed by the Blight, becoming a terror to the land, and serves as a central antagonist in the game's finale, driving the conflict between the Elden Mark and the Oath. His story highlights the costs of the Blight and the struggle for redemption. (59 words)
http://cgi.di.uoa.gr/witcher/resource/Dea	Dea is a central antagonist in *The Witcher 3*, a powerful entity from the Oath of the Dying, known for her role in the Chained cult. She is a complex and feared figure, driving the game's final act with her dark influence and strategic manipulation. Her presence marks a critical turning point in the story, challenging the player's choices and testing their resolve.
http://cgi.di.uoa.gr/witcher/resource/Deadly_Crossing	The Deadly Crossing is a critical quest in *The Witcher 3* where the player must choose between saving a group of people or killing a powerful, malevolent entity (the Hunters) that has been hunting them. The decision shapes the game's narrative, with consequences that affect the world and the player's relationship with the story's central conflict. (59 words)
http://cgi.di.uoa.gr/witcher/resource/Defender_of_the_Faith	The Defender of the Faith is a high-ranking member of the Order of the Black Sun, known for enforcing the Order's laws with unyielding strictness. They wield the Chalice of the Dead to combat the Blight, becoming a central antagonist in the game's main story. Their conflict with Geralt leads to a decisive battle, marking a pivotal moment in the game's narrative. (44 words)
http://cgi.di.uoa.gr/witcher/resource/Deirdre_aep_Calhall	Entity Deirdre_aep_Calhall
http://cgi.di.uoa.gr/witcher/resource/Demaretta_of_Gulet	Demaretta of Gulet is a legendary card in *The Witcher 3*’s Gwent the Hawky quest, representing a powerful, enigmatic figure linked to the Gwent deck. She symbolizes strategic dominance and is a pivotal element in the game’s narrative, reflecting the political and magical tensions of the world of Enderle. Her inclusion in the game’s lore underscores the deep connection between cardplay and the story’s themes of power and legacy. (59 words)
http://cgi.di.uoa.gr/witcher/resource/Demavend_III	Demavend III is a powerful sorcerer and leader of the White Wolf in *The Witcher 3*, wielding dark magic and opposing the Church. His complex legacy involves manipulating the protagonist, Kratos, and his family's dark history, making him a central, formidable antagonist in the game's narrative.
http://cgi.di.uoa.gr/witcher/resource/Demavend_III_Netflix_series	The Netflix series *The Witcher* features Demavend III, a cunning and dangerous warlock who becomes a key antagonist, driving the first season's plot through his manipulations and violent schemes, highlighting the show's dark, fantasy-driven narrative. (59 words)
http://cgi.di.uoa.gr/witcher/resource/Destination_Skellige	Skellige, an island in *The Witcher 3*, is a mysterious, magical location where a witch's curse haunts the land. Players must confront the entity, resolve a dark legacy, and navigate the island's serene yet perilous environment, shaping the story's outcome through critical choices. The quest reveals the interplay of nature, magic, and human conflict, leaving a lasting impact on the game's narrative. (59 words)
http://cgi.di.uoa.gr/witcher/resource/Destroyed_Bastion	The Destroyed Bastion is a malevolent, corrupted entity from *The Witcher 3*, once a grand city that was destroyed by a cataclysmic event, leaving its ruins as a malevolent force. It now haunts the area, manifesting as a towering, decaying structure filled with aggressive, spirit-like enemies, posing a deadly threat to players seeking to clear its presence.
http://cgi.di.uoa.gr/witcher/resource/Dheran_Mawr_Dyffryn_aep_Ceallach	The text about the Witcher 3 entity Dheran Mawr Dyffryn aep Ceallach is missing. Please provide the specific text you’d like summarized to generate a concise 40–60 word description.
http://cgi.di.uoa.gr/witcher/resource/Diagram_Assassin_s_boots	I cannot summarize the text about Diagram: Assassin's boots without access to the specific content. Please provide the text or clarify the context you'd like summarized.
http://cgi.di.uoa.gr/witcher/resource/Diagram_Ban_Ard_breastplate	The text to summarize is missing. Please provide the specific details or description of the Diagram: Ban Ard breastplate entity from *The Witcher 3* to create a concise summary.
http://cgi.di.uoa.gr/witcher/resource/Diagram_Verden_archer_s_gambeson	The text to be summarized is missing. Please provide the text for a summary.
http://cgi.di.uoa.gr/witcher/resource/Diana_de_Saint_Villiers	Diana de Saint-Villiers is a powerful sorceress and leader of the White Wolf cult in *The Witcher 3*, central to the The White Wolf questline. She wields immense magical power, serves as a key antagonist, and plays a pivotal role in the game's later narrative, driving major plot developments and challenges for the player.
http://cgi.di.uoa.gr/witcher/resource/Dirty_Funds	In *The Witcher 3*, the Dirty Funds questline involves hunting a group of money-laundering gangsters, using a Doppleganger to create a false identity, and culminating in a final battle against the main antagonist, Vos, to stop a drug trade. (59 words)
http://cgi.di.uoa.gr/witcher/resource/Disturbance	The Disturbance is a monstrous, eyeless entity from the Bloody Baron quest, a manifestation of the Blood of the Beast, a dark, ancient force. It is a towering, humanoid figure with a red, faceless visage, representing the corruption of the natural world. Defeating it is a harrowing, near-deadly battle, with the player faced with a choice: fight it, risking the spread of the blood, or use a specific item to prevent it, though the cost is unknown. Its existence symbolizes the game's themes of moral ambiguity and the consequences of tampering with nature. (59 words)
http://cgi.di.uoa.gr/witcher/resource/Dog	The Dog is a colossal, terrifying entity from *The Witcher 3*, manifesting as a monstrous, bloodthirsty creature tied to the Bloodwitch's dark magic. It serves as a formidable boss, challenging players with its immense strength and relentless aggression, embodying the destructive power of the sorceress's cursed legacy.
http://cgi.di.uoa.gr/witcher/resource/Don_t_Play_with_the_Gods	The Don't Play with the Gods quest in *The Witcher 3* involves a powerful, half-demon entity created by a cult, who attempt to control it. The player must decide the entity's fate, revealing the cult's dark experiments and the moral cost of tampering with divine power, culminating in a harrowing confrontation that reshapes the game's narrative. (59 words)
http://cgi.di.uoa.gr/witcher/resource/Don_t_Take_Candy_from_a_Stranger	In *The Witcher 3*, the Don't Take Candy from a Stranger quest forces the player to choose between taking candy from a girl, revealing her tragic backstory and the moral weight of their decision. The choice shapes the game's narrative, highlighting the player's role in a world of moral ambiguity and consequences. (40 words)
http://cgi.di.uoa.gr/witcher/resource/Donar_an_Hindar	Donar an Hindar is a legendary, near-invincible monster from the Blight, known for its regenerative abilities and near-untouchable armor. A prime example of the Blight's ferocity, it is a towering, armored behemoth that nearly defies death, making it one of the most challenging enemies in *The Witcher 3*, symbolizing the region's cursed and violent history. (59 words)
http://cgi.di.uoa.gr/witcher/resource/Donimir_of_Troy	Donimir of Troy is a powerful sorcerer and leader of the Bloodforge clan in *The Witcher 3*, infamous for orchestrating the murder of the king. A tragic yet formidable antagonist, he embodies dark magic and political ruthlessness, culminating in a climactic confrontation with the player that defines his complex, villainous legacy.
http://cgi.di.uoa.gr/witcher/resource/Doppler_mutagen	The Doppler mutagen in *The Witcher 3* is a powerful item that allows the user to control time, requiring a specific sequence of actions to unlock its effects, which can be both useful and dangerous, as it involves a complex ritual to activate its full potential, making it a crucial element of the game's lore. (44 words)
http://cgi.di.uoa.gr/witcher/resource/Dorregaray	I cannot summarize the text about Dorregaray without the actual content. Please provide the text you'd like me to summarize.
http://cgi.di.uoa.gr/witcher/resource/Dorreniel	Dorreniel is a malevolent sorcerer and central figure in *The Witcher 3*'s Oath of the Dying questline, a powerful entity bound to the Blight, a corrupting force. He is a tragic, authoritarian leader who seeks to control the world's magic, driving a dark, apocalyptic narrative that shapes the game's climax. His story reveals a complex, tragic figure whose actions drive the game's most significant events. (59 words)
http://cgi.di.uoa.gr/witcher/resource/Dorve_Ruins	The Dorve Ruins in *The Witcher 3* are a desolate, ancient site in Redania where the quest to slay the Red Wizard's demon is central. This event has profound historical and spiritual consequences, tied to the White Tree and the Blood of the Damned, marking a pivotal moment in the game's lore. (45 words)
http://cgi.di.uoa.gr/witcher/resource/Dragomir_Caldwell	Dragomir Caldwell is a central antagonist in *The Witcher 3*, a member of the Vizari family, a powerful and ruthless bloodline. He plays a pivotal role in the game's political and military conflicts, particularly in the questline involving the Vizari and the Redania. His actions drive the fall of the Vizari, leading to the death of his family and the rise of the Redanian forces. A key figure in the game's lore, his legacy shapes the events of the story. (59 words)
http://cgi.di.uoa.gr/witcher/resource/Dragon	The Dragon is a powerful cult in *The Witcher 3* led by a malevolent entity linked to blood and fire. They seek to awaken a primordial force, the Great One, to destroy the world, driving the game's central quest. Their leader, a towering, red-scaled being, embodies chaos, and their war against the player's party tests the limits of strength and strategy.
http://cgi.di.uoa.gr/witcher/resource/Dragonfly_witcher	Dragonfly, a powerful entity in *The Witcher 3*, is a key antagonist associated with the Red Cap and blood magic, symbolizing the dark forces of the game's narrative. As a member of the Novice, it embodies the struggle between good and evil, making it a crucial element in the game's exploration of moral choices and the consequences of power. (45 words)
http://cgi.di.uoa.gr/witcher/resource/Draug_gwent_card	The Draug is a 3-Point gargoyle card in *The Witcher 3*, featuring 100% health, damage, and defense. It’s a powerful, unbreakable creature used in the gwent game, serving as a key strategy card for its durability and high stats.
http://cgi.di.uoa.gr/witcher/resource/Drowned_dead	I cannot summarize the text about the Drowned Dead entity from *The Witcher 3* without the actual text provided. Please share the specific description or passage you’d like summarized.
http://cgi.di.uoa.gr/witcher/resource/Drowner	The Drowner is a colossal, monstrous entity from the Bloodwitch's cult, characterized by a rotting, festering body and a hunger for life. It drains victims' essence, leaving behind cursed, lifeless husks, and serves as a terrifying symbol of the Bloodwitch's dark power, marking a pivotal threat in *The Witcher 3*'s lore. (59 words)
http://cgi.di.uoa.gr/witcher/resource/Druid	The Druid is a powerful, brooding entity from *The Witcher 3*, linked to the Blight and the Red Wedding. A member of the Elder Blood, it embodies ancient, dark power, serving as a symbol of the Blight's influence and a major antagonist in the game's lore. Its presence marks a turning point in the story, reflecting the consequences of the Red Wedding's legacy. (59 words)
http://cgi.di.uoa.gr/witcher/resource/Druids_Camp	The Druids' Camp in *The Witcher 3* is a critical location where the player encounters the druidess, a key figure in the game's lore. It serves as a hub for quests involving the druidic order, which governs the natural world and holds significant influence over the game's narrative and magic system. The camp is central to the story's progression, offering pivotal choices that shape the game's outcome. (59 words)
http://cgi.di.uoa.gr/witcher/resource/Drunken_Rabble	The Drunken Rabble are rowdy, alcohol-fueled goblins in Redania, known for their lawless, fight-fueled existence. Led by the Bard, they rob and brawl, reflecting the region's corruption. While minor players, they add chaos to the game's atmosphere, embodying the lawlessness of Redania's underbelly. (59 words)
http://cgi.di.uoa.gr/witcher/resource/Dryad	Dryad is a powerful witch and central antagonist in *The Witcher 3*'s *Blood and Wine* expansion, part of the Bloodless, linked to the Tree of Life, and pivotal to the game's plot involving a ritual and her family's dark, influential history. (45 words)
http://cgi.di.uoa.gr/witcher/resource/Duck_Duck_Goosed	In *The Witcher 3*, the Duck, Duck, Goosed! quest challenges players to hunt a gobbler named Duck, a specific and challenging target in the game's combat system, requiring skill and strategy to defeat the elusive creature in a specific location, part of the base game's content. (40 words)
http://cgi.di.uoa.gr/witcher/resource/Duke	Entity Duke
http://cgi.di.uoa.gr/witcher/resource/Dun_Tynne	Dun Tynne is a foreboding location in *The Witcher 3*, central to the Grindel quest where the player confronts a powerful, ancient creature. The area's dark, oppressive atmosphere and its role in the Blood and Thunder questline make it a pivotal part of the game's story, with the player's actions having far-reaching consequences for the world's future. (45 words)
http://cgi.di.uoa.gr/witcher/resource/Dunca	I cannot summarize the text about Dunca from *The Witcher 3* without the specific content you want summarized. Please provide the text or details about the entity, and I’ll craft a concise 40–60 word description.
http://cgi.di.uoa.gr/witcher/resource/Dune_Vildenvert	I don't have access to the specific text about Dune Vildenvert in *The Witcher 3* to summarize. Please provide the text or key details you'd like summarized, and I’ll craft a concise 40–60 word paragraph for you.
http://cgi.di.uoa.gr/witcher/resource/Durand_Faucher_Plamondon_de_Savarin	Durand Faucher-Plamondon de Savarin is a werewolf in *The Witcher 3*, a key figure in the Wound of the World quest. He is a member of a powerful, ancient family, and his death is central to the game's narrative, highlighting the conflict between the witcher and the werewolf's curse. His quest challenges the player to confront moral dilemmas and the costs of eliminating a monster. (48 words)
http://cgi.di.uoa.gr/witcher/resource/Durden	Durden is a formidable, ancient entity from the Nokk tribe in *The Witcher 3*, known for his immense power and role in the game's lore. A towering, serpentine being with a complex past, he is a major threat and a symbol of the Nokk's ancient, warlike culture. His name, a nod to the Dude from *The Matrix*, reflects his enigmatic and fearsome presence, making him a pivotal, if controversial, figure in the game's narrative. (59 words)
http://cgi.di.uoa.gr/witcher/resource/Dwarf	I cannot summarize the text about the Dwarf entity from *The Witcher 3* without the actual text provided. Please share the specific passage or details you’d like summarized.
http://cgi.di.uoa.gr/witcher/resource/Dziega	Dziega is a powerful sorceress and a central figure in *The Witcher 3*'s Bloody Baron questline, linked to the Redania and the Order of the Black Sun. She wields immense magical power, sought after by the Order for her blood, and becomes a major antagonist as the player confronts her role in the game's dark, political narrative. Her story highlights themes of power, legacy, and the cost of seeking control over life and death. (59 words)
http://cgi.di.uoa.gr/witcher/resource/Dziega_s_friend	I cannot summarize the text about Dziega's friend from *The Witcher 3* without the specific text provided. Please share the passage or details you’d like summarized, and I’ll craft a concise 40–60 word description.
http://cgi.di.uoa.gr/witcher/resource/Ealdred	Ealdred is a monstrous, half-human, half-undead entity from the Blight, a cult of the Red Hand. He is a towering, sinewy figure with a face of rot and a body of living bone, serving as a key antagonist in *The Witcher 3*'s main questline, where his defeat is central to the game's climax. His story ties to the Blight's origin and the corruption of the Red Hand's followers. (59 words)
http://cgi.di.uoa.gr/witcher/resource/Earth_Elemental	I cannot summarize the text about the Earth Elemental entity from *The Witcher 3* because the specific text to summarize is not provided in your query. Please share the text you’d like me to condense.
http://cgi.di.uoa.gr/witcher/resource/Earth_elemental_trophy	The Earth Elemental Trophy in *The Witcher 3* is a collectible item obtained by completing a quest involving the Earth element, likely linked to a specific boss or environment. It requires defeating a creature associated with the Earth's natural elements, such as a stone golem or a nature-based enemy, and is a rare, stat-boosting reward for players who unlock its legacy. (59 words)
http://cgi.di.uoa.gr/witcher/resource/Eberhartt_of_Rivia	Eberhartt of Rivia is a warlord and former member of the Oath of the Thirst, a cult that practiced human sacrifice. Once a powerful leader in Rivia, he was exiled after a failed ritual, but his dark legacy resurfaces as he seeks to reclaim his power, driving the game’s central plot while embodying the moral ambiguities of the witcher’s world. (59 words)
http://cgi.di.uoa.gr/witcher/resource/Echoes_of_the_Past	I don’t have access to the specific text about the Echoes of the Past entity in *The Witcher 3* to summarize. Could you provide the text or clarify which part you’d like summarized?
http://cgi.di.uoa.gr/witcher/resource/Eggar	Eggar, a powerful and malevolent Elden Drake in *The Witcher 3*, is a key figure in the Vizier's cult, serving as a major antagonist in the game's narrative. His dark influence and the Vizier's plans to exploit him are central to the quest to stop his malevolent purpose, making him a pivotal force in the game's major events. (47 words)
http://cgi.di.uoa.gr/witcher/resource/Egill	Egill is a powerful werewolf and key antagonist in *The Witcher 3*, leading the Oath of the Dying cult. He becomes a major threat during the Wrothgul quest, where his bloodline and dark magic create a deadly monster. A complex, tragic figure, his story highlights the game's themes of fate, sacrifice, and the cost of power. His presence drives critical plot points and challenges the player's choices. (59 words)
http://cgi.di.uoa.gr/witcher/resource/Eist_Tuirseach	Eist Tuirseach is a powerful entity in *The Witcher 3* associated with the Thaumaturgical Order, a secret organization that manipulates events to maintain balance. It is a key figure in the game's lore, linked to the Order's complex web of power and hidden truths, influencing the narrative through its role in the quest for the Order's secrets. (59 words)
http://cgi.di.uoa.gr/witcher/resource/Eithné	Eithné is a powerful, enigmatic entity in *The Witcher 3* associated with the sea, fertility, and the Redanian sorceress. She is central to the game's lore, particularly in the story of the Bloody Baron, and exerts a significant influence on the narrative and the protagonist's journey.
http://cgi.di.uoa.gr/witcher/resource/Ekimmara_mutagen	The Witcher 3's Ekimmara mutagen is a dark, eldritch substance that corrupts users into monstrous, mindless entities, a key element in the game's lore. It is tied to the enigmatic witch Ekimmara, whose presence in the story drives the plot's tension and moral dilemmas, culminating in a harrowing resolution that underscores the game's themes of power and consequence. (59 words)
http://cgi.di.uoa.gr/witcher/resource/Elder_Blood	Elder Blood is a primordial, red, and massive entity in *The Witcher 3*, born from the first Geralt's blood. It is a dangerous force that must be fought to end the Blight, marking a pivotal moment in the game's narrative as the player confronts this ancient, powerful being. (44 words)
http://cgi.di.uoa.gr/witcher/resource/Elf	I cannot summarize the text about the Elf entity from *The Witcher 3* without the actual text provided. Please share the specific passage or details you’d like summarized, and I’ll craft a concise 40–60 word description.
http://cgi.di.uoa.gr/witcher/resource/Elgar	Elgar is a powerful sorcerer and former high priest of the Redania cult in *The Witcher 3*, known for his role in the game's major questline. He is a central antagonist, driving the story's pivotal events and serving as a key figure in the conflict between the Redania and the world's forces. His actions have far-reaching consequences, making him a critical, if controversial, player in the game's narrative.
http://cgi.di.uoa.gr/witcher/resource/Elihal	Elihal is a key entity in *The Witcher 3* associated with the Vizier's cult, playing a central role in the Wrothgul questline. As a member of the Vizier's inner circle, Elihal's actions drive the game's major narrative events, including the conflict with the Vizier and the resolution of the Blood and Iron quest. Their presence underscores the game's themes of power, corruption, and the weight of ancient oaths. (59 words)
http://cgi.di.uoa.gr/witcher/resource/Eltibald	Eltibald is a powerful blood mage in *The Witcher 3*, seeking to destroy the world to stop the Blight's spread. He is a key antagonist in the Blood Mage quest, with the player's choices determining the story's outcome. His role in the game's narrative is pivotal, driving the climax of the Blood Mage storyline. (40 words)
http://cgi.di.uoa.gr/witcher/resource/Emhyr_var_Emreis	Emhyr var Emreis, the Lord of the Blight, is a powerful sorcerer and one of the game's primary antagonists, controlling a vast, malevolent force that warps the land. He wields the Shroud, a magic that allows him to manipulate the Blight, and seeks to dominate the world through his dark sorcery, making him a central threat in *The Witcher 3*.
http://cgi.di.uoa.gr/witcher/resource/Emhyr_var_Emreis_The_White_Flame_gwent_card	Emhyr var Emreis, known as the White Flame, is a major antagonist in *The Witcher 3*, a powerful sorcerer and a key figure in the game's lore, serving as a significant enemy to the protagonist, Geralt, and playing a central role in the story's major events and questlines. As a gwent card, it represents a formidable and memorable character in the series. (50 words)
http://cgi.di.uoa.gr/witcher/resource/Emiel_Regis_Rohellec_Terzieff_Godefroy	Emiel Regis Rohellec Terzieff-Godefroy is a powerful sorcerer and leader of a cult in The Witcher 3, known for his dark rituals and control over a blood-priesthood. He seeks to unleash a malevolent force, driving the game's central conflict as Geralt confronts his influence and the moral consequences of his twisted power.
http://cgi.di.uoa.gr/witcher/resource/Enchanting_Quality_Has_Its_Price	In *The Witcher 3*, the Enchanting: Quality Has Its Price quest challenges players to find a powerful spell to save a character, but using high-quality enchantments incurs a severe curse. The player must weigh the spell's benefits against the devastating, lifelong penalty of the curse, requiring a critical decision that tests resourcefulness and moral judgment. (59 words)
http://cgi.di.uoa.gr/witcher/resource/Enchanting_Start_up_Costs	In *The Witcher 3*, the Enchanting: Start-up Costs system requires specific resources (e.g., materials, time) to initiate item creation, with each enchantment demanding a set of components to unlock unique, custom items, reflecting the game's resource management and crafting mechanics. (58 words)
http://cgi.di.uoa.gr/witcher/resource/Endrega_drone	I cannot summarize a text about the Endrega drone in *The Witcher 3* without the specific text you provided. Please share the text you’d like summarized, and I’ll create a concise 40–60 word description.
http://cgi.di.uoa.gr/witcher/resource/Endrega_warrior	The Endrega warrior is a fearsome, demon-like creature from the Vizla region in *The Witcher 3*, known for their aggressive nature, regenerative abilities, and role as a dangerous enemy in the game's dark, foreboding environments, often found in the Vizla's treacherous, mist-laden terrain, posing a significant challenge to players due to their resilience and combat skills. (42 words)
http://cgi.di.uoa.gr/witcher/resource/Envoys_Wineboys	The Envoys, including the Wineboys, are cultists linked to the Red Year, a ritualistic cult tied to the White Wolf. The Wineboys, a subset of Envoys, are marked by red cloaks and symbolize the cult's devotion to the White Wolf, playing a central role in the narrative of the Red Year's dark rituals and the game's lore. (59 words)
http://cgi.di.uoa.gr/witcher/resource/Erasmus_Vegelbud	Erasmus Vegelbud is a Vizari member in *The Witcher 3*, a key antagonist in the game's main story. He is part of a cult that has been seeking revenge against the Redanian king, Ciri's father, for centuries. His role in the Vizari's questline makes him a central figure in the game's plot, driving the conflict between the Vizari and the Redania. (42 words)
http://cgi.di.uoa.gr/witcher/resource/Eredin_Bréacc_Glas	Eredin Bréacc Glas is a monstrous entity from *The Witcher 3*, emerging in the Blood and Wine province as a terrifying hybrid of wolf and dragon. Known for its grotesque, multi-limbed form and fierce aggression, it embodies the chaos of the curse, serving as a pivotal antagonist in the game’s lore and a challenging foe for players.
http://cgi.di.uoa.gr/witcher/resource/Eredin_Bréacc_Glas_Ronin	Eredin Bréacc, a former Lord of the Breac, is a central figure in *The Witcher 3*'s Sword of the North quest. As a powerful magical order leader, he manipulates the player to unlock the Sword of the North, revealing his complex history and the costs of his legacy. His story explores themes of power, redemption, and the moral weight of his past actions. (59 words)
http://cgi.di.uoa.gr/witcher/resource/Eric_van_Vrog	The text to be summarized is missing. Please provide the text about the Witcher 3 entity Eric van Vrog so I can create a summary.
http://cgi.di.uoa.gr/witcher/resource/Erlend_an_Craite	Erlend an Craite is a powerful member of the Blood of the Night, a cult bound to the White Tree, who plays a critical role in the final battle against the Oath of the Vow. He aids the player in purging the corruption from the tree, symbolizing the struggle between light and darkness, and his actions determine the fate of the world.
http://cgi.di.uoa.gr/witcher/resource/Ernest_von_Everec	Ernest von Everec, a powerful sorcerer and member of the Redania, sought the Grail to harness the Blood of the Damned, causing a curse that led to the White River's eternal death. His quest for power and the resulting tragedy make him a central, tragic figure in *The Witcher 3*'s narrative.
http://cgi.di.uoa.gr/witcher/resource/Ernst_Goltz	Ernst Goltz is a high-ranking Oath of the Consecrated official in *The Witcher 3*, known for his role in the Hunted quest. A powerful sorcerer and former Oathkeeper, he becomes a major antagonist, leading a cult and seeking to destroy the Oath. His death in a tragic, violent confrontation marks a pivotal moment in the game's narrative.
http://cgi.di.uoa.gr/witcher/resource/Eskel_Netflix_series	The user's query references an entity Eskel/Netflix series related to *The Witcher 3*, but Eskel is not a recognized character in the game or its adaptations. The Netflix series *The Witcher* (2019) adapts the books, not the game, and does not feature a character named Eskel. Clarification on the specific text or context is needed to provide an accurate summary.
http://cgi.di.uoa.gr/witcher/resource/Esterad_Thyssen	Esterad Thyssen is a key location in *The Witcher 3*, a town under the control of the Red Priests, who seek to convert the population to their faith. The main quest involves Geralt investigating the Priests' activities, leading to a conflict that results in the town's destruction and the Priests' defeat. The event highlights the game's themes of faith, power, and resistance. (40 words)
http://cgi.di.uoa.gr/witcher/resource/Eternal_Fire_Chapel	I don't have access to the specific text you mentioned. Could you please provide the text you'd like summarized about the Eternal Fire Chapel from *The Witcher 3*? This will help me create an accurate 40–60 word summary.
http://cgi.di.uoa.gr/witcher/resource/Eudora_Breckenriggs	Eudora Breckenrigs is a complex, tragic figure in *The Witcher 3*, a member of the powerful Breckenriggs family who becomes a werewolf after a violent attack. Her transformation and subsequent impact on her family, particularly her son and husband, drive the game's second main story, highlighting themes of power, loss, and redemption. Her story underscores the game's exploration of moral ambiguity and the costs of war. (59 words)
http://cgi.di.uoa.gr/witcher/resource/Eva	Eva is a powerful, enigmatic entity in *The Witcher 3* tied to the Veil, a mysterious force driving the game's corrupting Blight. She seeks to break free from the Veil's control, embodying resistance against corruption and power. Her story explores themes of identity, freedom, and the struggle to reclaim agency in a world of moral ambiguity. A complex, independent figure, she challenges traditional narratives of strength and submission. (59 words)
http://cgi.di.uoa.gr/witcher/resource/Evil_s_Soft_First_Touches	The entity Evil's Soft First Touches in *The Witcher 3* refers to a low-level, initial challenge in a quest, where the player confronts a minor, less dangerous enemy (likely a common monster) as a prelude to a more severe, high-stakes encounter. It symbolizes the progression from minor threats to major trials, testing the player's skills before facing a significant, more intense enemy. (58 words)
http://cgi.di.uoa.gr/witcher/resource/Ewald_Borsodi	Ewald Borsodi is a Vistani member of the Borsodi family in *The Witcher 3*, central to the Borsodi quest. He resents the Vistani's traditional ways, is the father of a child, and symbolizes the Borsodi's fight for independence from the Vistani's rigid customs, highlighting tension between tradition and change. (44 words)
http://cgi.di.uoa.gr/witcher/resource/Extreme_Cosplay	I cannot summarize the text about Extreme Cosplay in *The Witcher 3* without access to the specific content you're referring to. Please provide the text or clarify the details you'd like summarized.
http://cgi.di.uoa.gr/witcher/resource/Fabian_Meyer	Fabian Meyer is a major antagonist in *The Witcher 3*, a lycanthrope and former member of the White Council. He is central to the Hunt for Blue Eyes quest, where he pursues the werewolf, revealing his own transformation and role in the game's dark, political narrative. His past as a Council member and his werewolf status make him a pivotal, tragic figure in the story. (59 words)
http://cgi.di.uoa.gr/witcher/resource/Fabio_Sachs	Fabio Sachs is a non-corporeal entity in *The Witcher 3*, a high-ranking Naga cultist who seeks to destroy the Witcher. He is a powerful, serpentine being with a tragic past, including a failed attempt to kill the Witcher. His story involves a dark quest to eliminate the Witcher, culminating in a harrowing confrontation that reveals his connection to the Naga and his role in the game's major events.
http://cgi.di.uoa.gr/witcher/resource/Face_Me_if_You_Dare	The Face Me if You Dare! quest in *The Witcher 3* challenges the player to battle a massive, ancient entity—awakened to destroy the world—testing their skills in a climactic, high-stakes fight that shapes the game's lore and outcomes. (44 words)
http://cgi.di.uoa.gr/witcher/resource/Fake_Papers	The Fake Papers in *The Witcher 3* are a secret organization in Redania, composed of individuals who feign loyalty to the King to mask their true allegiances, often involving dark pacts or hidden agendas, playing a critical role in the game's political and moral conflicts. (59 words)
http://cgi.di.uoa.gr/witcher/resource/Falka	Falka is a high-ranking official in the Redania Security Service, a major antagonist in *The Witcher 3*, known for her political scheming and role in the Norsheq war. She is a complex character with a personal life involving a child, making her a central figure in the game's events.
http://cgi.di.uoa.gr/witcher/resource/Fallen_Knight	The Fallen Knight is a colossal, battle-worn creature from the Blood and Thunder questline in *The Witcher 3*, renowned for its immense strength and destructive power. It embodies the chaos of war, featuring a hulking, scarred body and a menacing presence, challenging players to survive its brutal combat. A symbol of fallen warriors, it tests the player's resolve in a climactic, high-stakes encounter.
http://cgi.di.uoa.gr/witcher/resource/Family_Matters	I don't have access to the text you mentioned about the Family Matters entity in *The Witcher 3*. Please provide the specific text or details you'd like summarized, and I’ll craft a concise 40–60 word paragraph for you.
http://cgi.di.uoa.gr/witcher/resource/Farcorners	Farcorners is a massive, hulking monster from the Blight in *The Witcher 3*, known for its red and black, scaly, two-headed form. It splits into two parts upon death, making it a persistent threat. Aggressive and deadly, it requires strategic combat, often leading to high risk of player death. A fearsome, challenging enemy that tests a Geralt's skills. (59 words)
http://cgi.di.uoa.gr/witcher/resource/Farid	I cannot summarize the text about Farid from *The Witcher 3* without the actual text being provided. Please share the specific passage or details you’d like summarized, and I’ll create a concise 40–60 word description.
http://cgi.di.uoa.gr/witcher/resource/Faroe_Isle	The Faroe Isle in *The Witcher 3* is a bioluminescent, mist-shrouded forest in Skellige, where a quest involves finding a missing person, a red-cloaked woman, and a witch. Players must navigate the eerie, forested landscape, confront creatures, and resolve a mystery tied to the island's dark history, culminating in a climactic encounter with the witch. (59 words)
http://cgi.di.uoa.gr/witcher/resource/Farting_Trolls	The Farting Trolls of *The Witcher 3* are a type of Mordilich, a group of aggressive, gaseous creatures found in the game's open world. They are notable for their ability to release a noxious, stinking gas that can repel players or cause damage, making them a unique and challenging enemy. Their presence adds a memorable, gameplay-specific mechanic, reflecting the game's blend of fantasy and environmental interaction. (59 words)
http://cgi.di.uoa.gr/witcher/resource/Fayrlund	Fayrlund is a towering, ancient entity in *The Witcher 3*, the leader of the Night Mother's cult, known for its massive size and deadly power, culminating in a climactic battle that the player must face in the game's final act. (59 words)
http://cgi.di.uoa.gr/witcher/resource/Felicia_Cori	I need the specific text about Felicia Cori in *The Witcher 3* to create an accurate summary. Could you share the text you'd like me to condense? (Note: Without the provided text, I cannot generate a precise 40–60 word summary.)
http://cgi.di.uoa.gr/witcher/resource/Fencing_Lessons	The Fencing Lessons quest in *The Witcher 3* involves helping Elinor, a girl tormented by a group of boys, who are actually a cult seeking a powerful artifact. The player must combat the cultists, recover the artifact, and ultimately confront the leader, culminating in a climactic battle that reveals the cult's dark purpose. (59 words)
http://cgi.di.uoa.gr/witcher/resource/Fenrik	Fenrik is a powerful werewolf and key antagonist in *The Witcher 3*, serving as a major threat in the Oath of the Dying quest. A member of the Blood and Steel, he embodies the corruption of the Oath, leading a cult to destroy the world. His tragic past and role in the game's pivotal plot make him a compelling, complex villain whose actions drive the story's climax.
http://cgi.di.uoa.gr/witcher/resource/Fergus_var_Emreis	Fergus var Emreis is a powerful werewolf and former Redanian priest in *The Witcher 3*, seeking to seize the throne of Redania. He manipulates political chaos, leverages his lycanthropy and influence, and becomes a major threat, driving the game’s central conflict as Geralt confronts his schemes. His role highlights themes of power, corruption, and resistance. (59 words)
http://cgi.di.uoa.gr/witcher/resource/Field_Marshal_Windbag	Field Marshal Windbag is a powerful, rigid military leader in *The Witcher 3* who commands the Allied forces against the Oathsmen. He enforces strict discipline, uses the Dance of the Dead to control the dead, and pursues the witcher Geralt with relentless intensity, driving the story's central conflict. His methods reflect his fanatical loyalty to the Oathsmen and his role as a key antagonist in the game's narrative. (59 words)
http://cgi.di.uoa.gr/witcher/resource/File_tw3_icon_runewright_png	Entity File_tw3_icon_runewright_png
http://cgi.di.uoa.gr/witcher/resource/Final_Preparations	The Final Preparations entity in *The Witcher 3* is a critical game mechanic where players take a character to a specific location to complete a task, often involving combat or survival challenges, which are essential for advancing the story and uncovering key plot points. (59 words)
http://cgi.di.uoa.gr/witcher/resource/Fireburst_Harbor	Fireburst Harbor is a cursed village in The Witcher 3 where a group of people, bound by a dark magic spell, are forced to live in a state of eternal fire. The player must confront the entity responsible, breaking the curse and liberating the villagers from their torment, though the process leaves the area marked by lingering supernatural effects. (52 words)
http://cgi.di.uoa.gr/witcher/resource/Fish_Market	The Fish Market in *The Witcher 3* is a bustling trade hub in Novigrad, offering a wide array of goods, from common items to rare and dangerous goods. Players can interact with vendors, collect unique items, and participate in the Dance of the Dead event, which adds a dark, magical twist to the market's atmosphere. It serves as a critical location for resource gathering and economic activity in the game. (59 words)
http://cgi.di.uoa.gr/witcher/resource/Fisstech	Fisstech is a powerful sorcerer and a major antagonist in *The Witcher 3*, serving as a key figure in the Oath of the Dying Sun questline. He is a high-ranking member of the Oath of the Dying Sun, a cult that seeks to destroy the Oathkeepers, and plays a central role in the game's major plot events, including the war against the Oathkeepers. His actions drive the narrative's climax and have significant consequences for the game's world. (59 words)
http://cgi.di.uoa.gr/witcher/resource/Fists_of_Fury_Skellige	In *The Witcher 3*, the Fists of Fury is a quest on Skellige where Geralt confronts a cult that has been terrorizing the island, leading to the destruction of their base and the restoration of peace, which had been threatened by a local werewolf population. (45 words)
http://cgi.di.uoa.gr/witcher/resource/Fists_of_Fury_Velen	Velen, a crucial location in *The Witcher 3*, is central to the Fists of Fury quest, where Geralt halts a cult's rise, triggering political chaos and the emergence of the Fists of Fury, a faction that reshapes the city's power dynamics and instigates lasting conflict among its inhabitants. (59 words)
http://cgi.di.uoa.gr/witcher/resource/Fjall_Stoneheart	Fjall Stoneheart is a towering, stone-fleshed giant and former king of the stone folk, a powerful enemy in *The Witcher 3*'s Erdlof questline. As a corrupt leader, he oppresses his people, making him a major threat to the player. Defeating him is a critical, challenging battle that resolves a key plot point, ending his reign of terror and restoring balance to the land. His victory cements the player's role as a hero in the story. (59 words)
http://cgi.di.uoa.gr/witcher/resource/Flawless_ruby	The Flawless Ruby entity in *The Witcher 3* is a corrupted, monstrous being that emerges during a quest, symbolizing a dark, magical force tied to a cursed ruby. It is a formidable opponent, testing the player's skills in a battle that reflects the game's themes of moral dilemmas and supernatural threats. (59 words)
http://cgi.di.uoa.gr/witcher/resource/Flesh_for_Sale	Flesh for Sale is a monstrous, half-human entity created by a cult in The Witcher 3, designed to serve as a flesh for sale in a dark ritual. Player characters must combat it in a deadly, close-quarters fight, with the entity's unique, pulsating form and aggressive behavior making it a challenging and iconic enemy in the game's lore.
http://cgi.di.uoa.gr/witcher/resource/Fletcher	Entity Fletcher
http://cgi.di.uoa.gr/witcher/resource/Floren	I cannot summarize the text about Floren as the text itself was not provided in your query. Please include the specific text you'd like summarized, and I’ll create a concise 40–60 word description of it.
http://cgi.di.uoa.gr/witcher/resource/Foltest	Foltest is a powerful blood-mage and archduke of the Oath of the Lying Blood, a cult of blood-mages in *The Witcher 3*. He wields immense magical power, manipulates others through fear, and is central to the game's lore, particularly in the Bled questline, where he seeks to destroy the Oath and claim the Blood. His actions drive the narrative's climax, revealing the cult's dark secrets and the cost of his malevolence. (59 words)
http://cgi.di.uoa.gr/witcher/resource/Fools_Gold	In *The Witcher 3*, Fool's Gold is a beggar in Tarnov who is actually a powerful entity. The quest to kill him reveals his true nature, as his death has far-reaching consequences for the game's lore and the world's balance.
http://cgi.di.uoa.gr/witcher/resource/For_the_Advancement_of_Learning	For the Advancement of Learning is a quest in *The Witcher 3* where the player helps a man from the University of the Dead, who is trying to save his wife, a former student, by battling the Blight—a corrupting force that has turned the area into a decaying, dangerous zone. The player must make difficult choices that impact the game's story and outcome. (44 words)
http://cgi.di.uoa.gr/witcher/resource/Forefathers_Eve	The Forefathers are ancient, otherworldly beings tied to the White Tree and the Blight, existing as a single, powerful entity. In *The Witcher 3*, they are the source of the Blight, a malevolent force that corrupts the world, and their conflict with the player involves defeating a massive, single enemy in a climactic, high-stakes battle that shapes the game's final narrative.
http://cgi.di.uoa.gr/witcher/resource/Frank	Frank, a key entity in *The Witcher 3*, is central to the Lady quest. As a former demon, his tragic story and complex relationship with the player explore themes of fate, redemption, and the cost of power, making him a significant, memorable character in the game's narrative, with a deep impact on the story's
http://cgi.di.uoa.gr/witcher/resource/Free_Spirit	The Free Spirit is a devastating entity from the Oath of the Dying, a final enemy of the Oathbreakers, and a key antagonist in *The Witcher 3*'s climax. As the last of the Oathbreakers, it represents a cataclysmic threat, and its defeat marks the game's pivotal resolution, symbolizing the end of a major conflict.
http://cgi.di.uoa.gr/witcher/resource/Freya_Allan	Freya Allan is a pivotal character in *The Witcher 3*, a half-elf witcher and member of the Vizari, a secret order. She forms a close bond with the player, guiding them through critical storylines, including the White Tree quest. Her death in the game's narrative marks a major turning point, underscoring themes of fate and sacrifice. Her role in the Silent Path expansion further cements her as a central figure in the series' lore. (59 words)
http://cgi.di.uoa.gr/witcher/resource/Fringilla_Vigo_gwent_card	Fringilla Vigo is a gwent card in *The Witcher 3* representing a bird, central to a questline where her story and role in the game's narrative are pivotal. As a gwent card, she adds strategic depth to the game's gameplay mechanics, reflecting her significance in both lore and gameplay. (40 words)
http://cgi.di.uoa.gr/witcher/resource/Fritjof	Fritjof is a powerful, enigmatic entity in *The Witcher 3*, a major antagonist tied to the Veil, a secret network of powerful beings. He manipulates and controls others, including the player, and plays a central role in the game's Blood and Wine expansion, driving the plot through his influence and dark, complex interactions. His presence shapes the story's themes of power, control, and the cost of resistance. (59 words)
http://cgi.di.uoa.gr/witcher/resource/Fugas	Fugas is a powerful, ancient entity in *The Witcher 3* serving as a key figure in the Oath of the Vow, a group seeking to end the current world by creating a new one through the World Tree. As a being of immense power, Fugas is linked to the First Blood, a primordial force, and embodies the ancient, corrupting nature of the game's lore, driving the climactic conflict between the Vow and the world's survival. (59 words)
http://cgi.di.uoa.gr/witcher/resource/Funeral_Pyres	The entity Funeral Pyres in *The Witcher 3* is a malevolent, fire-wreathed being tied to the Redanian cult, representing a dark, ancient power. It is a major threat in the game's final act, requiring the player to confront it in a climactic, blood-soaked battle that determines the fate of the Redanian people. Defeating it is a pivotal moment in the game's narrative. (59 words)
http://cgi.di.uoa.gr/witcher/resource/Fyke_Isle	I cannot summarize the text about Fyke Isle without the specific text provided. Please share the text you'd like me to summarize, and I’ll create a concise 40–60 word description.
http://cgi.di.uoa.gr/witcher/resource/Fyresdal	Fyresdal is a massive, fire-breathing monster from the Yrth cult in *The Witcher 3*, known for its brutal combat and role in the game's main quest. A towering, hulking entity with a massive, fire-spewing mouth, it becomes a critical challenge in the story, testing the player's skills and driving the narrative's pivotal events. Its defeat is a key moment in the game's lore. (59 words)
http://cgi.di.uoa.gr/witcher/resource/Galvalesteith	Galvalesteith is a powerful lich and one of the Nemean Lion's most feared members, a malevolent entity that the player must confront in a harrowing, high-stakes quest to stop its ancient, undead forces. As a lich, it embodies corruption and strength, representing a major challenge in *The Witcher 3*'s mythic, dark narrative.
http://cgi.di.uoa.gr/witcher/resource/Gar	Gar is a towering, horned, and bloodstained entity from the Vizier's cult in *The Witcher 3*, symbolizing the corruption of the world by the Vizier's dark influence. As a powerful, half-divine being, he represents the physical and moral decay of the game's world, serving as a major antagonist in the quest to destroy the Vizier's influence. His presence underscores the game's themes of resistance against overwhelming evil. (59 words)
http://cgi.di.uoa.gr/witcher/resource/Gargoyle	The Gargoyle is a formidable enemy in *The Witcher 3*, a member of the Bloody Baron's band, known for wielding a two-handed greatsword. A hulking, battle-scarred warrior, it represents the brutality of the Pugilist class, challenging players with its raw strength and aggressive combat style, making it a iconic, difficult opponent in the game's later stages. (59 words)
http://cgi.di.uoa.gr/witcher/resource/Garin_Estate	Garin Estate in *The Witcher 3* is a desolate, decaying manor where the main quest involves killing a werewolf, Edda, who has been terrorizing the area. The quest reveals the dark history of the land, the corruption of the town, and the moral struggles of the characters as they confront the consequences of past violence. The estate’s eerie atmosphere and the tragic fate of its inhabitants define the narrative. (59 words)
http://cgi.di.uoa.gr/witcher/resource/Gascaden	Gascaden is a mysterious, ancient forest in *The Witcher 3*, central to the Rivia questline. It is haunted by the White Wolf, a supernatural entity that controls the forest's magic. Players must confront the curse, which has bound the area for centuries, to restore balance by slaying the White Wolf. The forest is dense, filled with magical creatures, and requires careful navigation to avoid its deadly traps. (44 words)
http://cgi.di.uoa.gr/witcher/resource/Gaspar	Gaspar is a major antagonist in *The Witcher 3*, a powerful werewolf and leader of the Novice, a group of werewolves. He is central to the Vizima questline, where the player helps him take over the city, leading to his eventual defeat and death, marking a pivotal moment in the game's dark narrative. (45 words)
http://cgi.di.uoa.gr/witcher/resource/Gaston	Gaston is a central figure in *The Witcher 3*, a powerful and corrupt Redanian general who leads the war against the Nors. He is a loyalist to the King, yet his manipulation and betrayal of allies make him a complex antagonist. His actions drive the game's political and military conflicts, culminating in his tragic downfall.
http://cgi.di.uoa.gr/witcher/resource/Gaudemunda_Thyssen	Gaudemunda Thyssen, a blood mage and leader of the Red Eyes in *The Witcher 3*, is a key antagonist whose quest for power through dark magic drives the game's narrative, challenges the player's decisions in the Thornapple Forest, and significantly impacts the story's outcome. (45 words)
http://cgi.di.uoa.gr/witcher/resource/Ge_els	I cannot summarize the text about the Witcher 3 entity Ge'els because the text itself was not provided. Please share the specific details or passage you'd like summarized, and I’ll craft a concise 40–60 word description.
http://cgi.di.uoa.gr/witcher/resource/Gedyneith	Gedyneith is a towering, green, and malevolent entity from the Hordjail, a group of powerful beings in *The Witcher 3*. As a key antagonist, he plays a central role in the game's climax, particularly in the questline involving the Blight. His presence marks a significant part of the story's dark and intense narrative, symbolizing the convergence of ancient forces and the player's challenges. (44 words)
http://cgi.di.uoa.gr/witcher/resource/Geralt_of_Rivia	Geralt of Rivia is a legendary witcher and knight, renowned for his extraordinary swordsmanship, alchemical prowess, and ability to combat monstrous threats. He protects humanity while navigating a tumultuous romantic life with Yennefer and adoptive daughter Ciri. Known for his cynical demeanor, resilience, and loyalty to allies, Geralt embodies the archetype of a solitary guardian, balancing tragedy and defiance against the darkness of the world.
http://cgi.di.uoa.gr/witcher/resource/Geralt_of_Rivia_gwent_card	Geralt of Rivia, the monster-hunting witcher from *The Witcher 3*, is a powerful, enigmatic figure with the ability to change his appearance and combat any creature. His gwent card, a key strategic item in the game's card-based minigame, empowers players to deal damage, summon allies, or trigger special effects, reflecting his role as a legendary hunter and warrior.
http://cgi.di.uoa.gr/witcher/resource/Gerd_witcher	Gerd, a former witcher turned werewolf, is a central antagonist in *The Witcher 3*, known for his role in the Redania campaign. As a lycanthrope, he becomes a powerful, vengeful figure, driving the game's major storylines and culminating in a climactic battle that shapes the narrative's resolution. His transformation and quest for revenge define his impact on the game's lore and player choices. (59 words)
http://cgi.di.uoa.gr/witcher/resource/Gerhart_of_Aelle	Gerhart of Aelle is a malevolent Ayleid sorcerer and one of the primary antagonists in *The Witcher 3*, known for his dark magic and role in the Ayleid rebellion. He confronts the player in a dramatic, high-stakes battle in the Ayleid Palace, ultimately leading to his defeat and the collapse of the Ayleid cult's influence. His story arc highlights his tragic past and the consequences of his relentless pursuit of power. (59 words)
http://cgi.di.uoa.gr/witcher/resource/Get_Junior	In *The Witcher 3*, Get Junior is a cultist associated with a magical entity that infests a village, causing a curse. Geralt must confront the entity, which manipulates the cultists, and defeat the magical being to break the curse, saving the town from its malevolence. (52 words)
http://cgi.di.uoa.gr/witcher/resource/Gevorg	Gevorg, a powerful werewolf and a key figure in the Oath of the Dying, is a formidable antagonist in *The Witcher 3*. As a member of the Oath, he wields immense strength and plays a central role in the game's major questline, shaping the narrative through his actions and tragic backstory. His presence challenges the player, driving the story's progression and highlighting the consequences of the Oath's dark legacy.
http://cgi.di.uoa.gr/witcher/resource/Gharasham	Gharasham is a cult in *The Witcher 3* dedicated to the Blight, using dark magic to create undead and spread corruption. Led by a high priest, they seek to corrupt the world, posing a major threat in the Nentus region. Their rituals and influence shape the game's darker narrative, highlighting the struggle against malevolent forces. (59 words)
http://cgi.di.uoa.gr/witcher/resource/Ghosts_of_the_Past	The Ghosts of the Past is a challenging, multi-part quest in *The Witcher 3* that involves exploring the ruins of the old city, battling powerful enemies, and making a critical choice that determines the story's outcome, significantly altering the game's narrative and the fate of the land. (59 words)
http://cgi.di.uoa.gr/witcher/resource/Gilbert_Witschke	In *The Witcher 3*, Gilbert Witschke is a Vizari witcher seeking redemption after his father's death, driven by a personal quest to uncover the truth behind his father's fate. His journey highlights the moral struggles of being a witcher, as he confronts the consequences of his past actions and the cost of loyalty to the order.
http://cgi.di.uoa.gr/witcher/resource/Giltine	Giltine is a colossal, ancient entity from the Blight, a primordial force of corruption that has ravaged the land for millennia. As the player's final battle, it represents the ultimate challenge of confronting the Blight's enduring threat, demanding both strategy and strength to defeat.
http://cgi.di.uoa.gr/witcher/resource/Glory_Lane	Glory Lane is a deadly, desolate area in *The Witcher 3* where players confront a horde of monsters during the Hunt for the Wawal quest. It features an abandoned town, a treacherous path, and a high density of enemies, testing the player's skills. The area is central to the Lady questline, offering a challenging but iconic experience in the game's lore. (59 words)
http://cgi.di.uoa.gr/witcher/resource/Glutton	Glutton is a formidable entity in *The Witcher 3*, a massive, amorphous bloodboil that emerges to drain life from the land. As a powerful, ancient being, it represents a dark force of nature, challenging the player to confront its overwhelming presence and destroy it to restore balance. Its appearance is intimidating, with a flesh-like, pulsating form, and it serves as a critical boss encounter in the game's narrative.
http://cgi.di.uoa.gr/witcher/resource/Goat	The Goat is a massive, multi-limbed undead entity from *The Witcher 3*, created by the Red King to destroy the Witcher. It is a former human transformed into a monstrous, seven-armed abomination, serving as a key monster in the game's final act, representing the Red King's destructive power and the cost of the war. (59 words)
http://cgi.di.uoa.gr/witcher/resource/Goat_hide	Entity Goat_hide
http://cgi.di.uoa.gr/witcher/resource/Goat_s_milk	In *The Witcher 3*, the Goat is a hybrid monster consisting of a human body and a goat's head, often found in the game's world. It is a major enemy in the quest The Hunted, where Geralt must track and kill a specific Goat, which is part of a larger threat. The entity is described as a terrifying, aggressive creature with a horn, symbolizing a dark, twisted form of nature. The quest highlights its role in the game's lore, blending horror and survival. (59 words)
http://cgi.di.uoa.gr/witcher/resource/Golyat	Golyat is a colossal, humanoid monster that emerges as the primary antagonist after defeating the Wyvern in *The Witcher 3*. Known for its terrifying appearance and brutal combat sequence, it represents the lethal dangers of the Bloody Bones region, marking a pivotal challenge in the game’s storyline.
http://cgi.di.uoa.gr/witcher/resource/Golyat_trophy	The Golyat is a massive, serpentine creature in *The Witcher 3*, a boss in the Norselands. Defeating it in the quest Golyat rewards the player with the Golyat trophy, a significant quest item that completes a major story thread, highlighting the creature's role in the game's lore and challenge. (59 words)
http://cgi.di.uoa.gr/witcher/resource/Gomo_Seeling	Gomo Seeling is a powerful, ancient entity from the Vizari, a group of beings in *The Witcher 3*. As a member of the Elder Blood, he is a major antagonist, central to the game's plot and driving key events and challenges in the questline.
http://cgi.di.uoa.gr/witcher/resource/Gonzalez_Akerspaark	I cannot summarize the text about Gonzalez Akerspaark from *The Witcher 3* without access to the specific content. Please provide the text or clarify the details you’d like summarized. (Note: Gonzalez Akerspaark is not a recognized entity in the game’s official lore.)
http://cgi.di.uoa.gr/witcher/resource/Goose	In *The Witcher 3*, Goose is a non-corporeal, non-physical entity that manifests as a composite of various creatures, symbolizing the player's inner fears and thoughts. It is a psychological challenge, representing the battle between the player's mind and their own emotional struggles, with no physical combat but a test of mental resolve. The experience is both surreal and introspective, leaving a lasting impact on the player's perception of self and fear. (59 words)
http://cgi.di.uoa.gr/witcher/resource/Gorgon_Foothills	The Gorgon Foothills in *The Witcher 3* feature a fearsome, half-beast, half-humanoid gorgon that attacks players, wielding a shockwave-creating ability. Its challenging combat tests players' skills, making the area a notorious, dangerous trial in the game's narrative. (59 words)
http://cgi.di.uoa.gr/witcher/resource/Gorm_Akerspaark	I cannot summarize the text about Gorm Akerspaark because the text itself was not provided. Please share the specific text or details you'd like me to summarize. (Note: Gorm Akerspaark is a major antagonist in *The Witcher 3*, a powerful sorcerer and key figure in the Vizier's cult, known for his role in the Vizier's Shadow questline.)
http://cgi.di.uoa.gr/witcher/resource/Graham	Graham, a gruff, elderly former Lord of the Blight in *The Witcher 3*, is a central figure in the game's lore, known for his role in the quest to destroy the Bloody Baron. As a powerful, brooding leader, he embodies the weight of his title, shaping the narrative through his interactions with Geralt and the quest for justice. His character highlights themes of power, duty, and the costs of war. (59 words)
http://cgi.di.uoa.gr/witcher/resource/Grayrocks	Grayrocks is a towering, grotesque entity from the Necromancer's cult in *The Witcher 3*, known for its ability to control the dead and its role in the Cursed Child quest. A massive, hulking monstrosity with a decaying, featureless body, it represents the horrors of the Redanian cult and serves as a pivotal boss fight, testing the player's skills and moral choices in the game's dark, mythic narrative.
http://cgi.di.uoa.gr/witcher/resource/Greater_red_mutagen	The Greater red mutagen is a potent, dark liquid in *The Witcher 3* used by the Bloody Baron to create the Red Mutagen, a substance that transforms creatures into monstrous, bloodthirsty entities. It plays a central role in the game's lore, driving the quest to destroy the Baron and his influence, and is a key element in the story's dark, tragic themes. (59 words)
http://cgi.di.uoa.gr/witcher/resource/Gregoire_de_Gorgon	Gregoire de Gorgon is a bloodless, non-lethal entity in *The Witcher 3* known for his ability to kill without blood, making him a dangerous, enigmatic antagonist. As a key figure in the game's lore, he represents a unique, deadly threat, driving major story elements and testing the player's skills through his lethal, non-violent attacks. His presence significantly shapes the game's narrative, solidifying his role as an iconic, fearsome force. (59 words)
http://cgi.di.uoa.gr/witcher/resource/Gretter	The text to be summarized is missing. Please provide the text about the Witcher 3 entity Gretter so I can create a summary for you.
http://cgi.di.uoa.gr/witcher/resource/Griffin_creature	The Griffin is a powerful, man-wolf hybrid in *The Witcher 3*, known for its ability to enter a Berserker state, launching fireballs and causing massive damage. A rare, dangerous enemy of the Blight, it requires strategic combat to defeat, often appearing in areas like the Niflheim region. Its unique attacks and strength make it a significant threat to players seeking to clear the game's challenges.
http://cgi.di.uoa.gr/witcher/resource/Griffin_feathers	The user has not provided the text to summarize. Please include the specific text about the Griffin feathers entity from *The Witcher 3* for a accurate 40–60 word summary.
http://cgi.di.uoa.gr/witcher/resource/Griffin_s_egg	The Griffin's egg is a powerful, rare monster in *The Witcher 3*, a hybrid of a griffin (lion and eagle) that players must fight in the game's challenges. It is a formidable enemy, known for its strength and difficulty, and is a unique entity in the game's lore, appearing in specific areas as a major threat to players.
http://cgi.di.uoa.gr/witcher/resource/Griffin_trophy	The Griffin, a powerful entity in *The Witcher 3*, is a central figure in the quest to defeat the Grishnock, a magical being linked to the Redania. The Griffin trophy refers to the questline where the player confronts the Griffin, a massive, ancient creature, to break the Grishnock's influence and restore balance to the land. This event is pivotal in the game's lore, highlighting the struggle between magic, power, and ancient forces. (59 words)
http://cgi.di.uoa.gr/witcher/resource/Grotto_Ard_Skellig	Grotto, or Ard Skellig, is a remote, mist-shrouded village in The Witcher 3, home to the reclusive Skellig clan. Isolated in a dangerous, wild landscape, the village is protected by a magical barrier and known for its harsh environment. The Skelligs, a warlike and enigmatic people, guard their secrets fiercely, making the Grotto a pivotal yet perilous location in the game's narrative. (59 words)
http://cgi.di.uoa.gr/witcher/resource/Gruffyd	I cannot summarize the text about Gruffyd without access to the specific content you provided. Please share the text or clarify the details you’d like summarized.
http://cgi.di.uoa.gr/witcher/resource/Grymmdjarr	Grymmdjarr is a colossal, serpentine entity from *The Witcher 3*, one of the last of its kind, serving as a major threat in the Nerevarine's quest. A primordial being linked to the world's magic, it represents a primordial force of destruction, culminating in a climactic battle that defines the game's lore and the Nerevarine's role as a savior. Its existence underscores the game's themes of ancient power and moral struggle. (59 words)
http://cgi.di.uoa.gr/witcher/resource/Gudrun_Bjornsdottir	Gudrun Bjornsdottir, a ruthless witch and sister of Yennefer, leads the Crimson Sisterhood, betraying her sibling for power. Known for her cunning and brutal tactics, she orchestrates schemes to elevate her influence, ultimately sealing her fate through her own ruthless ambitions.
http://cgi.di.uoa.gr/witcher/resource/Guelue	Guelue, a tragic and powerful gorgon from Norsca, is a key antagonist in *The Witcher 3*, known for his connection to Geralt. Once a man who lost his family to a curse, he became a monster, seeking redemption through his quest to save a child, adding depth to his role in the game's narrative.
http://cgi.di.uoa.gr/witcher/resource/Guido_Thyssen	Guido Thyssen, a formidable sorcerer and leader of the Bloodstream cult in *The Witcher 3*, seeks to dominate the world through blood magic, believing his race is superior. He manipulates followers, employs brutal tactics, and aims to establish a new order by merging humanity with his bloodline, ultimately threatening Geralt and the world’s balance. (59 words)
http://cgi.di.uoa.gr/witcher/resource/Guillaume_de_Launfal	Guillaume de Launfal is a central antagonist in *The Witcher 3*, a former Knight of the Silver Hawk with a violent, fanatical past. He leads a cult seeking the Sword of the Black Sun, driving the Blood and Ruin expansion's main quest. His complex, tragic history and moral ambiguity make him a pivotal, deeply affecting figure in the game's narrative. (59 words)
http://cgi.di.uoa.gr/witcher/resource/Guiscard_Vermuellen	Guiscard Vermuellen is a fearsome, half-griffon, half-human monster from The Witcher 3, a powerful entity bound to the Blight. He is a key antagonist in the game's Redania questline, known for his immense strength, ability to turn others into griffons, and his role in the war between the Blight and the Redania. His presence drives the game's major story arcs and culminates in a climactic battle against the witcher. (59 words)
http://cgi.di.uoa.gr/witcher/resource/Gustav_Roene	Gustav Roene is a central antagonist in *The Witcher 3*, a high-ranking Vizari member who leads a quest to destroy the player's party. He wields immense power, symbolizes the game's political corruption, and represents the struggle between order and chaos, making him a pivotal, tragic figure in the story's second act. (59 words)
http://cgi.di.uoa.gr/witcher/resource/Gustfields	Gustfield is a fearsome, shadowy entity in *The Witcher 3* that embodies chaos, manipulating the environment and unleashing the Storm of the Dead. As a powerful antagonist, it threatens Novigrad, forcing the player to confront its influence and resolve a catastrophic crisis, leaving a lasting mark on the game’s dark narrative. (59 words)
http://cgi.di.uoa.gr/witcher/resource/Gwent	Gwent is a powerful, malevolent entity from the Elder Blood, a group of ancient beings, known for its ability to manipulate reality through shadow and fire. As a key antagonist in *The Witcher 3*, it seeks to destroy the world, creating and erasing reality, and is central to the game's lore and major plot points.
http://cgi.di.uoa.gr/witcher/resource/Gwent_Old_Pals	Gwent: Old Pals is a set of 10 card games in *The Witcher 3*, each representing a different region of the world, reflecting the game's lore and the player's quest to restore order. The entity symbolizes the fusion of political and military strategy, with each game offering unique challenges and historical context, deepening the game's narrative and strategic depth. (59 words)
http://cgi.di.uoa.gr/witcher/resource/Gwent_Playing_Innkeeps	Gwent is a strategic card game in *The Witcher 3* where players take on Innkeeps—unique characters with distinct abilities. The game demands resource management and tactical decision-making, offering deep, complex gameplay that's a core feature of the title. Its lore, mechanics, and competitive depth make it a defining element of the game's narrative and replayability. (58 words)
http://cgi.di.uoa.gr/witcher/resource/Gwent_Playing_Thaler	The Gwent: Playing Thaler entity in *The Witcher 3* is a high-value card in the game's strategy, allowing players to draw additional cards and gain an advantage in battle. It represents a critical resource for outmaneuvering opponents, making it a pivotal element in competitive Gwent play. Its use can shift the balance of power, turning the tide of battle in favor of the player who wields it effectively.
http://cgi.di.uoa.gr/witcher/resource/Gwent_Skellige_Style	The Gwent: Skellige Style entity is a strategy game in *The Witcher 3* set in the island of Skellige, where players collect and battle unique creatures from the Skellige tribes. It combines strategic resource management with the island's mystical, untamed environment, offering a distinct gameplay experience tied to the region's lore and culture. (59 words)
http://cgi.di.uoa.gr/witcher/resource/Gwent_To_Everything_Turn_Turn_Tournament	Gwent, a strategic card game in *The Witcher 3*, allows players to compete in tournament-style matches using different characters, blending strategy and narrative within the game's world, with the title To Everything - Turn, Turn, Tournament! highlighting its turn-based, competitive format. (32 words)
http://cgi.di.uoa.gr/witcher/resource/Gwestog	Gwestog is a massive, hulking creature from the Boggard family in *The Witcher 3*, featuring a human-like body, a scaly tail, and a maw of sharp teeth. It is a formidable battle beast, capable of throwing its weight to destroy structures, and serves as a major threat in the game's The Boggard quest, where players must confront its overwhelming strength and ferocity.
http://cgi.di.uoa.gr/witcher/resource/Haakland	Entity Haakland
http://cgi.di.uoa.gr/witcher/resource/Halbjorn	Halbjorn is a powerful, half-human, half-beast entity in *The Witcher 3*, a key figure in the Vizier's cult. As a former High Lord, he is now a monster, and the player must confront him in a critical quest, making him a major antagonist in the game's lore. (44 words)
http://cgi.di.uoa.gr/witcher/resource/Halfling	In *The Witcher 3*, the Halfling is a child created by the player's actions, born from a magical entity. The player forms a bond with the child, whose fate and the game's ending depend on the player's choices, making it a pivotal, narrative-driven element of the game's lore and player experience. (59 words)
http://cgi.di.uoa.gr/witcher/resource/Hanged_Man_s_Tree	The Hanged Man's Tree is a central location in *The Witcher 3*, a massive, ancient tree in a remote forest. It marks the start of the *Blood and Thunder* quest, where the player faces a grueling series of challenges, including a bear, a wolf, and a final, unforgiving battle. The tree symbolizes a test of will, requiring the player to confront their inner demons to progress, making it a legendary, harrowing part of the game. (57 words)
http://cgi.di.uoa.gr/witcher/resource/Hans_of_Cidaris	Hans of Cidaris is a major antagonist in *The Witcher 3*, a former Redanian military leader and key figure in the Red Emanation. He plays a central role in the game's main questline, leading a group of soldiers in a major battle. His death is a pivotal event that significantly impacts the story's outcome. (44 words)
http://cgi.di.uoa.gr/witcher/resource/Hans_von_Esteken	Hans von Esteken is a high-ranking member of the Oath of the Conquering Sun, a cult in *The Witcher 3* that seeks to destroy the world. He leads a quest to kill the player, believing the world is doomed, and his actions drive a major narrative arc involving betrayal, moral complexity, and the game's central theme of resistance against corruption. His role as a key antagonist shapes the story's climax and consequences. (59 words)
http://cgi.di.uoa.gr/witcher/resource/Harald_Featherbuns	The text to summarize is missing. Please provide the specific details about Harald Featherbuns from *The Witcher 3* to create a concise 40–60 word summary.
http://cgi.di.uoa.gr/witcher/resource/Harborside	Harborside, a key location in *The Witcher 3*, is a gritty, decaying port city where the main story's final quest unfolds. Players confront a major enemy, leading to a climactic battle that shapes the game's ending. The area is marked by its run-down infrastructure, bustling markets, and the pivotal role it plays in the narrative's resolution. (59 words)
http://cgi.di.uoa.gr/witcher/resource/Harpy	The Harpy is a large, bird-like creature from the Boggard race in *The Witcher 3*, featuring a sharp beak, talons, and a hulking, scaly body. A dominant force in the Blight, it is a fearsome enemy known for its aggressive attacks and devastating strength, making it a major challenge for players traversing the game's toxic regions. Its presence underscores the dangerous, otherworldly threats inhabiting the world of *The Witcher 3*. (59 words)
http://cgi.di.uoa.gr/witcher/resource/Harrisi	Harrisi is a central figure in *The Witcher 3*'s The Vile House quest, a member of the Red Eyes—powerful, cursed creatures with a violent grudge against the player. As a key entity in the Vile House, Harrisi's actions drive the story's dark, tragic resolution, highlighting themes of revenge, corruption, and the cost of power. (59 words)
http://cgi.di.uoa.gr/witcher/resource/Harviken	Harviken is a massive, serpentine monster in *The Witcher 3*, a key enemy of the Vizier's cult. It appears as a monstrous, half-human, half-reptile entity, serving as a powerful guardian of the Vizier's ancient temple. Players must confront and defeat it to progress in the game's main narrative, making it a pivotal and challenging encounter in the story.
http://cgi.di.uoa.gr/witcher/resource/Hazardous_Goods	In *The Witcher 3*, the Hazardous Goods is a formidable, hulking monster born from a failed alchemy experiment, featuring a grotesque, fused body with a single eye and a maw. It appears in the game as a rare, dangerous enemy, challenging players with its strength and unique, terrifying design, reflecting the game's dark, fantasy lore. (59 words)
http://cgi.di.uoa.gr/witcher/resource/Hedwig_of_Malleore	Hedwig of Malleore is a formidable witch cursed by the Bloody Bones cult, transforming into a monstrous entity driven by vengeance. Her tragic backstory underscores themes of betrayal, redemption, and the corrosive nature of vengeance in The Witcher 3’s lore.
http://cgi.di.uoa.gr/witcher/resource/Hegel_Grossbart	Hegel Grossbart is a powerful sorcerer and key antagonist in *The Witcher 3*, serving as a high-ranking member of the Vizier's cult. He wields immense magical power, plays a central role in the Wroth questline, and is ultimately defeated by Geralt after a brutal, blood-soaked battle, marking a pivotal moment in the game's narrative.
http://cgi.di.uoa.gr/witcher/resource/Heloiza_Thyssen	Heloiza Thyssen is a central antagonist in *The Witcher 3*, a werewolf leader of the Throes, a group of lycanthropes. Her tragic backstory, struggle with her curse, and complex relationship with Geralt—marked by both conflict and reluctant alliance—make her a pivotal, tragic figure in the game's narrative.
http://cgi.di.uoa.gr/witcher/resource/Hen_Gaidth_armor_set	The Hen Gaith is a fearsome Nekar warrior in *The Witcher 3*, known for their brutal battle with Geralt, where they were defeated. Their armor set features a dark, sleek design with a red emblem, symbolizing their fierce, bloodthirsty nature. It is a key part of the game’s lore, representing the Nekar’s legacy and their role in the story’s dark, violent narrative. (44 words)
http://cgi.di.uoa.gr/witcher/resource/Henri_III	In *The Witcher 3*, Henri III is a powerful sorcerer and member of the Vizier's cult, seeking to destroy the world's light to gain immortality. He is a key antagonist in the game's narrative, driving the quest to confront the Vizier and the Shadow lich, while battling the player as a formidable enemy. His story highlights his obsession with power and the moral dilemmas of his cult's dark ambitions. (59 words)
http://cgi.di.uoa.gr/witcher/resource/Henry_Cavill	I cannot summarize a text about the Witcher 3 entity Henry Cavill because no text was provided. Please share the specific text or context you'd like summarized.
http://cgi.di.uoa.gr/witcher/resource/Henselt	Henselt is a formidable enemy in *The Witcher 3*, a member of the Brelynt family linked to blood magic and the Night Mother. He wields immense power through dark rituals, seeking to dominate the land and harness the blood of the dead. His presence marks a critical turning point in the game’s lore, reflecting the corruption of the world through ancient, malevolent forces.
http://cgi.di.uoa.gr/witcher/resource/Herbalist	The Herbalist is a key character in *The Witcher 3*, a member of the enigmatic Red Card, a secret society that has been around for centuries. The quest to find the Red Card is a major part of the game, and the Herbalist is the first to be located, leading to a critical plot reveal about the Red Card's true nature and the world's hidden history. (45 words)
http://cgi.di.uoa.gr/witcher/resource/Herbalist_Coronata	The Herbalist (Coronata) is a powerful sorceress in *The Witcher 3* who wields magic through her expertise in herbs and alchemy. She is a key figure in the quest to combat the Bloody Baron, using her knowledge to create a cure for the disease he spreads. Her role as a central antagonist highlights the game's themes of sacrifice, knowledge, and the cost of power.
http://cgi.di.uoa.gr/witcher/resource/Herbalist_Druids_Camp	The Herbalist quest in *The Witcher 3* involves visiting the Druids' Camp to collect specific herbs, a side task crucial for advancing the main story. Players gather unique items from the environment to aid the Herbalist's mission, contributing to the game's narrative progression. (45 words)
http://cgi.di.uoa.gr/witcher/resource/Herbalist_Glory_Lane	The Herbalist, a powerful sorceress in Glenthil, Glory Lane, is a central figure in *The Witcher 3*'s main story. She wields immense magical power, her actions shaping the game's narrative and consequences. Her influence is pivotal, driving key events and decisions that define the world's fate.
http://cgi.di.uoa.gr/witcher/resource/Herbalist_Hierarch_Square	The Herbalist, a key character in *The Witcher 3*, resides in the Hierarch Square village, where she seeks to find a missing child, driving a major quest central to the game's narrative. As a skilled herbalist, she aids the player in uncovering secrets tied to the village's past, revealing layers of the story through her knowledge and the player's investigation.
http://cgi.di.uoa.gr/witcher/resource/Hermit	The Hermit is a formidable, ancient entity from the Oathman, a group of powerful beings, serving as a major boss in *The Witcher 3*. He is a fearsome, near-invincible warlock and a key antagonist in the game's lore, representing a dark, primordial force that challenges the player in a climactic, high-stakes battle. His presence underscores the game's themes of ancient power and moral complexity. (59 words)
http://cgi.di.uoa.gr/witcher/resource/Heulyn	Heulyn is a tragic, enigmatic figure in *The Witcher 3*, a Vistani member turned monster by the Blight, central to the game's finale. As a key player in the Cursed Child quest, he embodies the conflict between humanity and the Blight, culminating in a dramatic, fate-driven resolution. His story highlights the game's themes of fate, sacrifice, and the cost of war. (59 words)
http://cgi.di.uoa.gr/witcher/resource/Hey_You_Wanna_Look_at_my_Stuff	In *The Witcher 3*, the entity Hey, You Wanna Look at my Stuff? refers to a bloodthirsty, hulking creature encountered in the The Hunted quest. It is a powerful, feral being that the player must fight to survive, representing a dangerous, chaotic force in the game's wild, lawless world.
http://cgi.di.uoa.gr/witcher/resource/Hidden_in_the_Depths	The Hidden in the Depths is a monstrous, multi-limbed entity born from a failed alchemy experiment, designed to purify the Blight. It appears in The Witcher 3's final act, requiring the player to confront it in a climactic, high-stakes battle, reflecting the game's themes of corruption, sacrifice, and the cost of power. (59 words)
http://cgi.di.uoa.gr/witcher/resource/Hierarch	The Hierarch is a high-ranking member of the Oath of the Conqueror, a cult in Redania seeking to establish a new world order through blood magic. As a key figure in the cult's hierarchy, the Hierarch manipulates others to carry out the Oath's dark rituals, ultimately leading to a devastating war that reshapes the region's history. Their role in the game's narrative highlights the consequences of unchecked power and religious extremism. (59 words)
http://cgi.di.uoa.gr/witcher/resource/Hierarch_Square	The Hierarch Square in *The Witcher 3* is a dark, sacred site where the player confronts the Hierarch, a powerful entity linked to the Slaughter of the Gods quest. It serves as a pivotal location in the game's lore, symbolizing the clash between faith and power, and is central to the story's climax. The area is marked by ancient ruins and a tense, mystical atmosphere, reflecting the game's themes of duty, sacrifice, and moral ambiguity. (59 words)
http://cgi.di.uoa.gr/witcher/resource/High_Stakes	The High Stakes quest in *The Witcher 3* involves rescuing a captured character from a deadly, environmentally hostile location, requiring strategic combat, resource management, and quick decision-making to survive the dangerous, treacherous challenges ahead. (59 words)
http://cgi.di.uoa.gr/witcher/resource/Highway_Robbery	In *The Witcher 3*, the Highway Robbery quest involves a group of people held in a remote location, where the player uncovers a dark secret involving a powerful entity. The quest reveals a hidden truth about a criminal organization, leading to a intense confrontation that reshapes the game's narrative and the world of Crimson.
http://cgi.di.uoa.gr/witcher/resource/Hjalmar_an_Craite	Hjalmar an Craite is a powerful sorcerer and one of the most feared figures in *The Witcher 3*, known for his mastery of blood magic and his role in the Redania's dark experiments. He is a major antagonist, driving key plot points through his manipulation of the kingdom and his quest for power, making him a pivotal, chilling presence in the game's lore.
http://cgi.di.uoa.gr/witcher/resource/Holger_Blackhand	Holger Blackhand is a former member of the White Glade, a cult of werewolves, and a key antagonist in *The Witcher 3*. He leads a group of werewolves, including the Red Wound, in a quest to kill the White Glade's leader, reflecting his own dark past and the cost of his choices. His story highlights themes of redemption and the moral ambiguity of his actions. (59 words)
http://cgi.di.uoa.gr/witcher/resource/Honoratina_von_Everec	Honoratina von Everec is a major antagonist in *The Witcher 3*, a powerful sorceress and leader of the Red Hand, a cult seeking to control the world. She is a key figure in the game's final acts, driving the conflict and challenging the protagonist's resolve, and plays a central role in the game's narrative. (45 words)
http://cgi.di.uoa.gr/witcher/resource/Horm_Akerspaark	I cannot summarize the text about Horm Akerspaark without access to the specific content. Please provide the text or clarify the details you’d like summarized.
http://cgi.di.uoa.gr/witcher/resource/Horse	Horse is a formidable, aggressive wyvern-like entity in *The Witcher 3*, embodying the game’s dark, mythical lore. It is a massive, intimidating creature that players must confront, symbolizing the dangers and challenges of the fictional world, with its presence marking a pivotal moment in the narrative. (48 words)
http://cgi.di.uoa.gr/witcher/resource/Hound_of_the_Wild_Hunt	The Hound of the Wild Hunt is a massive, ancient entity from the Wild Hunt, a powerful and fearsome boss in *The Witcher 3*. It is a formidable enemy, known for its strength and the challenge it presents to players, symbolizing the eternal conflict between the natural and the supernatural. (44 words)
http://cgi.di.uoa.gr/witcher/resource/House_of_Esteken	The House of Esteken is a powerful, ancient family in the game's political structure, known for their influence in the region of the Drenyis. They were central to a major war against the Drenyis, which led to their rise as a dominant force, though their current state is marked by internal strife and a complex web of alliances. Their legacy is tied to the region's history and the ongoing power struggles in the game's world. (59 words)
http://cgi.di.uoa.gr/witcher/resource/House_of_Everec	House of Everec is a powerful noble family in *The Witcher 3*, central to the game's political and social structure, especially in the quest *The House of the Sworn*, where they play a key role in the story's events, connected to Vizengard, the Redania, and the witcher system, influencing the game's lore and narrative. (43 words)
http://cgi.di.uoa.gr/witcher/resource/House_of_Eyegrid	I cannot summarize the text about the House of Eyegrid entity in *The Witcher 3* without the specific text provided. Please share the text you’d like summarized, and I’ll create a concise 40–60 word description.
http://cgi.di.uoa.gr/witcher/resource/House_of_La_Valette	The House of La Valette is a powerful, ancient family in The Witcher 3, led by the enigmatic Count, a key figure in the game's political and magical struggles. They control the region of the Bloody Baron, wield significant influence through their wealth and resources, and are central to the story's major conflicts, including the quest to destroy the cursed artifact they protect. Their legacy is marked by tragedy, power, and a deep entanglement in the game's dark, historical narrative. (59 words)
http://cgi.di.uoa.gr/witcher/resource/House_of_Raven	The House of Raven is a powerful, enigmatic family in *The Witcher 3* controlling the Red Eye, a cursed artifact. Their leader, Beldya, orchestrates political intrigue, culminating in the murder of the King of the Bloody Crown, while hiding dark secrets and a legacy of manipulation and danger. (47 words)
http://cgi.di.uoa.gr/witcher/resource/Hrodeberth	Hrodeberth is a powerful, malevolent demon from the Nemean, a group of ancient, malevolent entities. He is a central figure in the Nemean questline, where he seeks to destroy the world, driven by a desire to end the cycle of life and death. His name, a play on hrode (a type of demon) and berth (a place to stay), reflects his role as a dark, insatiable force. He is one of the most feared entities in *The Witcher 3*, symbolizing unending suffering and the weight of ancient, malevolent will.
http://cgi.di.uoa.gr/witcher/resource/Hugo_Monnart	Hugo Monnart is a powerful sorcerer and key antagonist in *The Witcher 3*, serving as a high priest of the Bloody Baron's cult. He wields dark magic, leads a cult of death, and is central to the quest The Bloody Baron, where he is ultimately defeated by the player, marking a pivotal moment in the game's narrative. His role as a major enemy and his connection to the Baron's dark legacy define his impact on the story. (59 words)
http://cgi.di.uoa.gr/witcher/resource/Human	I don't have access to the specific text you're referring to. Could you please provide the passage or details about the Human entity in *The Witcher 3* that you'd like summarized? This will help me create an accurate 40–60 word description.
http://cgi.di.uoa.gr/witcher/resource/Humbert_Reardon	Humbert Reardon is a powerful, malevolent sorcerer and former leader of the Vizari, a cult in The Witcher 3, known for his dark magic and role in the Redania region's political and magical conflicts. He is a key antagonist in the game's narrative, driving major plot points and serving as a formidable opponent to the player, particularly in the Bleding of the Vizari quest. His influence and evil intent shape critical storylines, making him a central figure in the game's lore. (59 words)
http://cgi.di.uoa.gr/witcher/resource/Hunting_a_Witch	The Hunting a Witch quest in *The Witcher 3* involves Geralt tracking down a powerful witch who has been causing chaos, including a curse that turns the town's population into mindless creatures. The player must confront the witch, who wields dark magic, and resolve the threat by either eliminating her or negotiating a truce, with consequences affecting the game's story and world. (59 words)
http://cgi.di.uoa.gr/witcher/resource/Hussar	Hussar is a formidable entity in *The Witcher 3*, a powerful Elden Lord and one of the game's first major challenges. This massive, red-and-black creature aims to kill the player, featuring a unique, fearsome design and a deadly fighting style. As a key antagonist, Hussar tests the player's skills and forces them to confront their own limitations in the game's perilous world.
http://cgi.di.uoa.gr/witcher/resource/IDR_UL_Ex_IX_0008_BETA	The entity IDR UL Ex IX 0008 BETA from *The Witcher 3* is a cryptic, advanced mechanical
http://cgi.di.uoa.gr/witcher/resource/IDR_UL_Ex_IX_0012_BETA	The entity IDR UL Ex IX 0012 BETA is a
http://cgi.di.uoa.gr/witcher/resource/Ibrahim_Savi	Ibrahim Savi is a key character in *The Witcher 3*, a former Skilled Man turned merchant who becomes central to the The Great Night questline. His past and actions drive the story, highlighting his complex role in the Skilled Men's War and the events leading to the bloodbath in the city.
http://cgi.di.uoa.gr/witcher/resource/Idr	In *The Witcher 3*, Idr is a powerful, enigmatic entity and leader of a cult dedicated to the Vizier, seeking to create a new, perfect world through dark rituals. His followers, the Sons of the Vizier, perform violent, bloodthirsty acts to appease him, making him a major threat to the game's narrative and Geralt's quest to stop his apocalyptic plan.
http://cgi.di.uoa.gr/witcher/resource/Igor_Vivaldi	Igor Vivaldi is a powerful, once-human monster in *The Witcher 3*, transformed into a giant, dangerous entity. His story is central to the game's main quest, and defeating him is a pivotal moment that significantly impacts the narrative and the player's progress. (40 words)
http://cgi.di.uoa.gr/witcher/resource/Igor_de_Sade	Igor de Sade is a prominent character in *The Witcher 3*, a bloodless Vizari enforcer who plays a central role in the game's narrative. As a member of the bloodless, he is part of a group in a state of permanent sleep, yet he remains a key figure in the story, influencing the player's decisions and the outcome of the game's major events. His presence highlights the game's themes of power, survival, and the complex relationships between its characters. (59 words)
http://cgi.di.uoa.gr/witcher/resource/Ildiko_Breckl	Ildiko Breckl is a powerful sorceress and head of the Breckl family, a influential political and magical faction in the game. She plays a central role in the war against the Oathbreakers, manipulating events to secure her family's power and influence, ultimately leading to her tragic death in the War of the Long Night.
http://cgi.di.uoa.gr/witcher/resource/Imlerith	Imlerith is a malevolent, energy-based entity from the *Witcher 3* lore, a being of pure power that was once a god but was chained by the World Tree. The Red Cap, a cult, seeks to break its chains, uniting with Imlerith to create a new, more powerful being, threatening the balance of the world. Its presence drives the game's climax, as the player must stop the Red Cap's ritual to prevent catastrophic consequences. (59 words)
http://cgi.di.uoa.gr/witcher/resource/Imperial_Academy	The text about the Witcher 3 entity Imperial Academy is missing. Please provide the specific text you’d like summarized. Without it, I cannot generate a concise 40–60 word paragraph.
http://cgi.di.uoa.gr/witcher/resource/Imperial_Audience	The Imperial Audience in *The Witcher 3* is a pivotal in-game event where the player must choose between aligning with the King or the Queen, directly influencing the war with the Nors and the fate of the land, with each decision shaping the game's ending and the world's future. (59 words)
http://cgi.di.uoa.gr/witcher/resource/In_Ciri_s_Footsteps	The In Ciri's Footsteps questline in *The Witcher 3* involves protecting Ciri, the King's daughter, from the Redanian military and the Witcher's Order, which are after her. Players assist a witcher in evading pursuers, surviving combat, and outmaneuvering enemies across Skinegge, culminating in a high-stakes chase and confrontation to save Ciri from capture. (59 words)
http://cgi.di.uoa.gr/witcher/resource/In_the_Heart_of_the_Woods	In *The Witcher 3*, the In the Heart of the Woods quest features a massive, ancient entity—part of the Blight—suffering from a curse that turns its body red and black. The player must fight this monstrous, humanoid being to break the curse, ending the Blight's influence on the land. The entity's defeat restores balance but leaves a scar on the forest, symbolizing the cost of erasing dark magic. (59 words)
http://cgi.di.uoa.gr/witcher/resource/Infused_shard	The Infused Shard is a monstrous entity in *The Witcher 3* created by a sorcerer who merged a human with a monster, resulting in a powerful, twisted being. It serves as a central antagonist in the game's lore, representing the corrupting influence of magic and the ethical dilemmas faced by the protagonist. The Shard's existence drives key plot points, highlighting themes of sacrifice, redemption, and the cost of power.
http://cgi.di.uoa.gr/witcher/resource/Inglor_Helyanwë	Inglor Helyanwë is a central figure in *The Witcher 3*, a Redanian Order member and key player in the quest to save the White Tree. His story, tied to the Red Year and the Oathsmen, reveals his role in the game's lore, highlighting his resolve, connection to the Redanian Order, and the tragic events surrounding the White Tree's collapse. (47 words)
http://cgi.di.uoa.gr/witcher/resource/Ingrid_Vegelbud	Ingrid Vegelbud is a fierce, independent warrior in *The Witcher 3*, a member of the Vizari, a group of elite fighters. She plays a pivotal role in the game's plot, advocating for women's rights in a male-dominated world. Known for her strength, intelligence, and moral fortitude, she becomes a key ally to Geralt, challenging societal norms and fighting for justice, making her a symbol of resilience and empowerment.
http://cgi.di.uoa.gr/witcher/resource/Inheritance	The Witcher 3's Inheritance is a harrowing questline involving a powerful, ancient entity that has been causing widespread destruction. Players must confront a malevolent being, the Inheritance, which is linked to a former human who was transformed into a demon. The quest challenges Geralt to stop the entity's influence, culminating in a climactic battle that reshapes the game's lore and the world of Cravenshire.
http://cgi.di.uoa.gr/witcher/resource/Inn_at_the_Crossroads	The Inn at the Crossroads in Bree is a critical location in *The Witcher 3*, where the player confronts a werewolf quest. The inn's owner, a man with a hidden transformation, becomes a central figure in the story, driving the player to resolve a deadly conflict and advance the game's main narrative. Its role in the questline highlights the game's themes of survival and moral choices. (59 words)
http://cgi.di.uoa.gr/witcher/resource/Innkeep_Inn_at_the_Crossroads	The Inn at the Crossroads in *The Witcher 3* is a pivotal location where players encounter the enigmatic Innkeep, a key figure in a quest involving a witch. The inn serves as a hub for events, reflecting the game’s themes of fate, choice, and the moral complexities of its world. The Innkeep’s presence underscores the narrative’s focus on consequences and the interweaving of personal and universal struggles. (59 words)
http://cgi.di.uoa.gr/witcher/resource/Innkeep_Tourney_Grounds	The Innkeep, a decaying, multi-level structure in the Tourney Grounds of *The Witcher 3*, is the central location of the game's main quest. Players fight the Blight in a climactic battle here, with the Innkeep's design and atmosphere reflecting the area's dark, war-torn history and its role in the game's core narrative. (46 words)
http://cgi.di.uoa.gr/witcher/resource/Iorweth	Iorweth is a malevolent entity in *The Witcher 3* linked to the Redania, a powerful being that warps reality and causes chaos. It is a central threat in Geralt's quest, leading to the fall of Redania and the death of its leader, Ciri. Iorweth's existence blurs the line between magic and the physical world, making it a pivotal, tragic element of the game's lore. (59 words)
http://cgi.di.uoa.gr/witcher/resource/Iris_von_Everec	Iris von Everec is a powerful sorceress and matriarch of the Vizla family in *The Witcher 3*, known for her dark magic and role in the Oath of the Thirteenth. As a major antagonist, she wields significant influence, driving key plot points and challenging Geralt's quest. Her complex character embodies the Oath's dark legacy, making her a pivotal figure in the game's narrative. (59 words)
http://cgi.di.uoa.gr/witcher/resource/Iris_von_Everec_s_father	Iris von Everec's father is a powerful, enigmatic member of the Vist, a bloodline of ancient, magic-wielding elite. He wields immense influence, symbolizes the Vist's historical power, and his actions drive the game's narrative, shaping Iris's fate and the Vist's conflict with other bloodlines. (44 words)
http://cgi.di.uoa.gr/witcher/resource/Iris_von_Everec_s_mother	Iris von Everec's mother is a powerful sorceress and matriarch of the Vassal family, central to the Blood of the Dune. She wields significant political and magical influence, shaping the family's power and the political landscape. Her complex relationship with Iris, marked by both support and challenges, highlights the family's enduring legacy and the tensions between personal and political loyalties. (40 words)
http://cgi.di.uoa.gr/witcher/resource/Ironsides_Treasure	In *The Witcher 3*, the entity Ironsides is a fierce, hulking boss in the Tidewatch, known for its resilience and role in the game's lore. Defeating it or obtaining its treasure (a rare, high-value item) is a critical part of the quest, offering a unique reward and deepening the game's narrative and challenge. (59 words)
http://cgi.di.uoa.gr/witcher/resource/Isengrim_Faoiltiarna	Isengrim Faoiltiarna, a high-ranking Bojarski family member in *The Witcher 3*, is a central antagonist in the The Wound quest, where he plays a pivotal role in the Blight's spread, making him a key figure in the game's narrative. His actions in the questline significantly impact the story, solidifying his place as a major character in the game's lore. (45 words)
http://cgi.di.uoa.gr/witcher/resource/Isle_of_Mists	The Isle of Mists is a floating, mist-shrouded island in *The Witcher 3*, central to the Bojarski family's estate. Geralt confronts the Tenth, a malevolent entity born from the family's dark magic, in a harrowing quest to destroy it and end the island's eternal corruption, culminating in a climactic battle to restore balance. (44 words)
http://cgi.di.uoa.gr/witcher/resource/Isolated_Hut	The Isolated Hut in *The Witcher 3* is a remote, mystical location where the player confronts a powerful sorceress during the The Cursed King quest. It is central to the game's lore on the Blight, a magical corruption, and its events drive the narrative, revealing the consequences of magic and the cost of seeking power. (46 words)
http://cgi.di.uoa.gr/witcher/resource/Isolated_Shack	The Isolated Shack in *The Witcher 3* is a questline where the player must collect three rare items to break a curse on a village, involving blood magic and a tragic backstory. The quest involves traveling to specific locations, solving puzzles, and confronting the entity's dark history, culminating in a climactic resolution that affects the game's outcome. (59 words)
http://cgi.di.uoa.gr/witcher/resource/Jacques_de_Aldersberg	Jacques de Aldersberg is a formidable sorcerer and central antagonist in *The Witcher 3*, serving as a high-ranking member of the Vizier’s cult. He seeks to dominate magical forces and reshape the world through dark rituals, driving key plotlines and catalyzing major conflicts, ultimately meeting a tragic fate tied to his obsessive pursuit of power. (59 words)
http://cgi.di.uoa.gr/witcher/resource/Janne	Janne is a key antagonist in *The Witcher 3*, a former Redanian and Vizari member who led dark experiments, becoming a major threat. His complex past and role in the game's plot make him a central, tragic figure.
http://cgi.di.uoa.gr/witcher/resource/Japanese_inspired_land	I cannot summarize the text about the Japanese-inspired land entity in *The Witcher 3* without access to the specific content. Please provide the text or clarify the details you’d like summarized.
http://cgi.di.uoa.gr/witcher/resource/Jean_Luc	I cannot summarize a text about the Witcher 3 entity Jean-Luc without the actual text. Please provide the specific content or details you'd like summarized.
http://cgi.di.uoa.gr/witcher/resource/Jerome_Moreau	Jerome Moreau is a key antagonist in *The Witcher 3*, a high-ranking member of the White Tree who led a cult worshipping the Red Man, a dark entity. His past, the cult's rituals, and his role in the game's major events make him a significant, complex character, central to the story's dark, mythic undertones. (45 words)
http://cgi.di.uoa.gr/witcher/resource/Joachim_Schwann	Joachim Schwann is a central antagonist in *The Witcher 3*, a member of the Bloody Mary cult and a powerful sorcerer of the Red Hand. He seeks revenge for his wife's murder, leading to a violent quest to destroy the Red Hand, while his cultist followers, the Sworn, become a key threat. His story reflects themes of vengeance, betrayal, and the cost of power, making him a pivotal, tragic figure in the game's narrative. (59 words)
http://cgi.di.uoa.gr/witcher/resource/John_Natalis_gwent_card	John Natalis is a high-ranking Redanian official and a powerful Gwent card, known for his strategic intellect and role in the game's political drama. As a key player in the Gwent card game, he represents Redania's influence and is central to the story's major conflicts, including the quest to secure his position in the card game. His character embodies the game's themes of power, strategy, and political intrigue. (59 words)
http://cgi.di.uoa.gr/witcher/resource/Joël	Joël is a Vizari exiled for his role in a crime that led to his transformation into a werewolf, symbolizing the conflict between humanity and the supernatural. His story in *The Witcher 3* explores guilt, redemption, and the moral ambiguities of the Redania, making him a pivotal yet tragic figure in the game's narrative. (59 words)
http://cgi.di.uoa.gr/witcher/resource/Julian	Julian is an undead humanoid creature born from an abandoned VampireHunter serum experiment, forcibly transformed into an unnatural beast-resistant to potions and charms. Once a VampireHunter, his grotesque physique and primal desperation make him a恐怖 adversary for Geralt, embodying the可怕的代价 of rogue experimentation.
http://cgi.di.uoa.gr/witcher/resource/Juna	I cannot summarize the text about Juna without access to the specific content you provided. Please share the text or clarify the details you’d like summarized. (Note: Juna is a key character in *The Witcher 3*, a strong, independent woman from the Vizla tribe who becomes a central figure in the game’s narrative, particularly in the The Hunted questline.)
http://cgi.di.uoa.gr/witcher/resource/Jurkast	Jurkast is a massive, serpentine entity from the Oath of the Dying in *The Witcher 3*, born from a failed alchemy experiment. It embodies a fusion of multiple creatures, becoming a fearsome, malevolent being that terrorizes the land, testing the player's ability to confront its overwhelming power. Its presence marks a climactic, harrowing challenge in the game's lore. (59 words)
http://cgi.di.uoa.gr/witcher/resource/Kaedwen	Kaedwen is a pivotal character in *The Witcher 3*, a military leader and key figure in the Battle of the Blight questline. She becomes a central figure in the game's political and military drama, with the player's choices directly affecting her fate and the outcome of the war. Her story highlights themes of sacrifice, duty, and the moral ambiguity of war.
http://cgi.di.uoa.gr/witcher/resource/Kaer_Gelen	Kaer Gelen is a pivotal location in *The Witcher 3* where the Red and White Sentinels clash, leading to the murder of the Red Sentinel and a deadly war. The area is shrouded in political turmoil, betrayal, and the devastating consequences of the conflict, making it a central point in the game's narrative. The events there shape the region's fate and test the player's decisions in a high-stakes, morally complex scenario. (59 words)
http://cgi.di.uoa.gr/witcher/resource/Kaer_Morhen	Kaer Morhen is an ancient, abandoned stronghold in *The Witcher 3* where Geralt seeks the key to a Blood Magic ritual, battling deadly monsters and a final, climactic confrontation that shapes the game’s lore and serves as a pivotal, challenging location in the story. (45 words)
http://cgi.di.uoa.gr/witcher/resource/Kaer_Morhen_quest	Kaer Morhen is a pivotal quest in *The Witcher 3*'s Berserker storyline, involving the search for missing children in a village, leading to a confrontation with a cult and a fierce battle against its leader, the Witcher, with significant consequences for the village. (44 words)
http://cgi.di.uoa.gr/witcher/resource/Kaer_Morhen_valley	The Kaer Morhen Valley in *The Witcher 3* is a treacherous, remote location central to the The Hunted quest, where players confront a werewolf and other monsters. It tests the player's skills in a deadly, isolated environment, culminating in a critical decision that shapes the story's outcome. The valley's harshness and danger make it a pivotal, challenging section of the game. (59 words)
http://cgi.di.uoa.gr/witcher/resource/Kaer_Muire	Kaer Muire is a desolate, ancient location in *The Witcher 3* central to the The House of the Sworn quest. It is a remote, foreboding site where the Old Man, a key character, is found, revealing secrets about the Sworn, the game's major events, and the end of the world, making it pivotal to the story's conclusion. (44 words)
http://cgi.di.uoa.gr/witcher/resource/Kaer_Trolde	Kaer Trolde is a remote, ice-enshrouded fortress in The Witcher 3, central to the Lady of the Lake quest. It houses a bound, ancient entity linked to the Blood of the Saint, a powerful magic that enables the entity to influence the world. Geralt is sent to confront it, revealing its role in a centuries-old conflict and the costs of wielding such power. (59 words)
http://cgi.di.uoa.gr/witcher/resource/Kaer_Trolde_Harbor	Kaer Trolde Harbor is a remote, heavily fortified Northern city in *The Witcher 3*, where Geralt investigates a werewolf attack. The area is surrounded by treacherous terrain and guarded by the formidable Trollech, a stone giant. The investigation reveals a dark secret, leading to a climactic battle that tests Geralt's skills and resolve. The location symbolizes the game's themes of isolation, danger, and the cost of war. (59 words)
http://cgi.di.uoa.gr/witcher/resource/Kalis	Kalis is a formidable monster in *The Witcher 3*, a member of the Oath of the Vow cult that follows the old ways. He is a key antagonist in the Nemean Lion quest, where he serves as a major threat, reflecting the game's themes of ancient prophecies and moral dilemmas. His presence underscores the story's exploration of faith, violence, and the cost of vengeance.
http://cgi.di.uoa.gr/witcher/resource/Karelka	Karelka is a powerful sorceress and a central figure in *The Witcher 3*'s The Hunted quest, where she confronts the Blight's influence, revealing her role as a former Redanian leader. Her story highlights her struggle against corruption, her complex relationship with the Blight, and her impact on the game's dark, moral narrative.
http://cgi.di.uoa.gr/witcher/resource/Karmic_Justice	Karmic Justice is a powerful, enigmatic entity in *The Witcher 3* linked to the Lady of the Lake, a being who wields the ability to see through lies and truth, serving as a critical element in the game's lore and the Witcher's journey to confront moral and existential challenges. (59 words)
http://cgi.di.uoa.gr/witcher/resource/Kaveri_Netflix_series	The Netflix series *The Witcher* (2019) and the game *The Witcher 3: Wild Hunt* both feature the character Kaveri, a former witcher and key figure in the story. The series adapts the game's lore, with Kaveri's role central to the plot, though the game's original narrative and character development are more detailed. The series streamlines the story, focusing on Kaveri's journey and the fantasy world of the North.
http://cgi.di.uoa.gr/witcher/resource/Keira_Metz	I cannot summarize the text about Keira Metz in *The Witcher 3* without the actual text provided. Please share the specific content you’d like summarized, and I’ll create a concise 40–60 word paragraph for you.
http://cgi.di.uoa.gr/witcher/resource/Kelpie_horse	The Kelpie in *The Witcher 3* is a water-based entity, a horse-like spirit from a local legend that lures victims to their death. It appears as a spectral, half-horse, half-creatures, with a shimmering, otherworldly appearance. Players must confront it in a quest to stop its deadly influence, facing a battle that tests their skills and understanding of the legend. Its presence highlights the game's theme of myth and mortality. (59 words)
http://cgi.di.uoa.gr/witcher/resource/Kestatis_von_Everec	Kestatis von Everec is a powerful sorcerer and a central antagonist in *The Witcher 3*, known for his role in the Oath of the Dying. He is a member of the Oatheneers, a cult seeking to resurrect the dead, and is a key figure in the game's lore, culminating in his death during the main quest. His presence drives major plot points and is a pivotal element of the game's narrative. (59 words)
http://cgi.di.uoa.gr/witcher/resource/King_s_Gambit	The King's Gambit is a high-stakes political quest in *The Witcher 3* where Geralt is drawn into a deadly game of power in the city of Haven. A bet between the King of the North and the King of the South hinges on a wife's favor, leading to betrayals, murder, and a climactic confrontation where Geralt must decide between justice and survival. (59 words)
http://cgi.di.uoa.gr/witcher/resource/Kiyan	Kiyan is a powerful, malevolent entity in *The Witcher 3*, a key figure in the Vizier's cult, and a major antagonist in the game's final act. As one of the three primary entities, he drives the story's climax, testing the player's resolve through intense, high-stakes confrontations that shape the game's ending. (59 words)
http://cgi.di.uoa.gr/witcher/resource/Kleiner	Kleiner is a monstrous, serpentine entity from *The Witcher 3*, a fearsome being that terrorizes the game's world, serving as a major antagonist in the story. Described as a massive, serpentine creature with a human face, it is a powerful and dangerous threat, symbolizing the game's dark, mythic horror. Its presence looms as a central conflict, driving key plot points and testing the player's ability to confront overwhelming fear and danger.
http://cgi.di.uoa.gr/witcher/resource/Knickers	I need the specific text you want summarized about the *Witcher 3* entity Knickers to create an accurate 40–60 word summary. Could you share the text? Without it, I can only provide a general description of Knickers (a Redanian sorcerer and key antagonist in the game).
http://cgi.di.uoa.gr/witcher/resource/Knight	The Knight is a formidable enemy in *The Witcher 3*, a powerful sorcerer who summons a spectral horse for combat. Known for their resilience and unique summoning ability, they pose a significant challenge due to their high health and tactical prowess, making them a memorable and difficult opponent in the game.
http://cgi.di.uoa.gr/witcher/resource/Kobe	In *The Witcher 3*, Kobe is a fearsome Blight entity, a monstrous being with a jagged, serpentine body and a crown of thorns, once a human who fell to corruption. He rules a cult of followers, his dark presence symbolizing the Blight's threat, and his defeat by Geralt marks a pivotal moment in the game's lore, highlighting the struggle between evil and redemption.
http://cgi.di.uoa.gr/witcher/resource/Korin	Korin is a colossal, humanoid monster from the Bloody Finger, a monstrous entity that ravages villages in Kaedwen with its brute strength. As a pivotal antagonist, players must defeat Korin to rescue villagers and break the curse, showcasing the Witcher's formidable prowess in combating existential threats.
http://cgi.di.uoa.gr/witcher/resource/Kristina_von_Everec	Kristina von Everec is a powerful sorceress and matriarch of the Vizla, a secret society of magical beings. She wields dark magic, manipulates the world's natural order, and becomes a central antagonist in *The Witcher 3*, driving the game's climactic events and testing the protagonist's resolve. Her legacy as a tragic, influential figure shapes the story's resolution. (59 words)
http://cgi.di.uoa.gr/witcher/resource/Kurisu	Kurisu is a pivotal character in *The Witcher 3*'s Husks quest, a man who is a hull of a former witch, forced to choose between his life and the life of a child he is trying to protect, highlighting the game's themes of moral ambiguity and sacrifice. (44 words)
http://cgi.di.uoa.gr/witcher/resource/Kurt_Dysart	Kurt Dysart is a powerful antagonist in *The Witcher 3*, a member of the Bloody Baron's gang and a key figure in the Blood of the Damned quest. Once a priest of the Night Mother, he rose to power through violence and manipulation, leading a cult of followers. His brutal rule and complex backstory make him a formidable and memorable enemy, central to the game's narrative. (59 words)
http://cgi.di.uoa.gr/witcher/resource/Kvalheim_Isle	Kvalheim Isle is a desolate, frozen remote location in The Witcher 3, home to the dangerous Blight monster. Players must navigate its treacherous, snowbound terrain to confront the creature and its cult, testing their skills in a harsh, isolated environment. The island's extreme conditions and deadly threats make it a challenging and iconic quest in the game. (59 words)
http://cgi.di.uoa.gr/witcher/resource/La_Cage_au_Fou	La Cage au Fou is a powerful, ancient entity in *The Witcher 3* tied to the Blight and the Redania's dark history. It represents a primordial force of corruption, central to the game's narrative of resistance against the Blight's spread. Its presence drives the Redania's conflict with the Skittering, culminating in a climactic battle that reshapes the world's balance. (59 words)
http://cgi.di.uoa.gr/witcher/resource/Lac_Célavy	Lac Célavy is a powerful, otherworldly entity in *The Witcher 3*, known for its ability to control and manipulate other creatures. It is a formidable threat, particularly in the Nivens, and represents one of the most challenging and dangerous challenges in the game's lore.
http://cgi.di.uoa.gr/witcher/resource/Ladies_of_the_Wood	The Ladies of the Wood are a cult of powerful, genderless entities bound to the dangerous, ancient forest, wielding control over its environment to create deadly traps. They are part of the Elder Blood, a secret order, and their presence in the game's lore highlights the Wood's malevolence and the threats hidden within its depths.
http://cgi.di.uoa.gr/witcher/resource/Lady_Schwann	Lady Schwann is a high-ranking member of the Vizier's cult in *The Witcher 3*, known for her mastery of dark magic and her role in the Cursed Child quest. She is a formidable sorceress and a key architect of the Vizier's plans, serving as a major antagonist in the game's narrative. Her actions drive critical plot points, making her a pivotal and dangerous figure in the story.
http://cgi.di.uoa.gr/witcher/resource/Lady_of_the_Lake_nymph	The Lady of the Lake, a powerful nymph in *The Witcher 3*, is central to the Lady of the Lake quest, where Geralt must slay a monstrous entity tied to the Lake of the Dead. She embodies the region's dark magic and is linked to the Red Cap, a key antagonist, making her a pivotal figure in the game's lore and narrative.
http://cgi.di.uoa.gr/witcher/resource/Lambert	Lambert, a ruthless witcher and leader of the Bloody Bromance, embodies vengeance and brutality, driven by his traumatic past as a betrayed pawn of the witchers. His relentless pursuit of justice clashes with Geralt’s mercy, culminating in a tragic showdown that underscores themes of redemption and cyclical betrayal in The Witcher 3.
http://cgi.di.uoa.gr/witcher/resource/Lara_Dorren	Lara Dorren, a central figure in *The Witcher 3*, is a powerful sorceress and matriarch of the Redania, known for her influence over the region's magic and her role in the game's major events. She is a key antagonist, involved in the quest to destroy the Red Eye, and her death marks a pivotal moment in the story, solidifying her legacy as a tragic, formidable leader. (59 words)
http://cgi.di.uoa.gr/witcher/resource/Lazare_Lafargue	Lazare Lafargue is a formidable enemy in *The Witcher 3*, a hulking, red-masked Vizari warlord who leads a group of powerful, cult-like enemies. He is a key antagonist in the game's story, known for his brutal strength and the Vizari's role in the quest to stop the Blight. His presence marks a major challenge for the player, symbolizing the game's central conflict. (59 words)
http://cgi.di.uoa.gr/witcher/resource/Leo_Bonhart	Leo Bonhart is a werewolf and key member of the Order of the Black Sun in *The Witcher 3*, known for his role in the Vizari family's political machinations. A tragic figure, he becomes a target for the Order after a failed coup, leading to his death at the hands of the Redania. His story highlights themes of power, betrayal, and the cost of loyalty, making him a pivotal, if ultimately tragic, character in the game's narrative.
http://cgi.di.uoa.gr/witcher/resource/Lesser_Glyph_of_Aard	The *Lesser Glyph of Aard* is a magical item in *The Witcher 3* that increases damage output based on the target's health, dealing more damage as the enemy's health depletes. It functions as a dynamic combat ability, enhancing Geralt's offensive capabilities by scaling with the target's remaining health, making it effective against weak or dying foes.
http://cgi.di.uoa.gr/witcher/resource/Lesser_blue_mutagen	The Lesser Blue Mutagen is a liquid substance in *The Witcher 3* that, when injected, transforms individuals into monstrous, blue-skinned creatures associated with the Blue Keep. It alters DNA, creating aberrations with heightened aggression and physical mutations, often used by the Blood Cell to generate monsters for combat or experiments. Its effects are irreversible, leaving victims as twisted, half-human entities. (59 words)
http://cgi.di.uoa.gr/witcher/resource/Lesser_green_mutagen	The Lesser green mutagen is a gel-like substance from the Bloody Baron's experiments, used to transform victims into monstrous, green-skinned creatures. It is one of the less deadly mutagens, creating lesser threats compared to other mutagenic entities in *The Witcher 3*, though still dangerous and tied to the game's lore of genetic corruption. (59 words)
http://cgi.di.uoa.gr/witcher/resource/Lesser_red_mutagen	Lesser red mutagen is a rare, dangerous substance in *The Witcher 3* found in Red Mountain, used by the Yeerlo cult to transform living beings into monstrous entities. It is central to the game’s lore, driving the Yeerlo questline and symbolizing the corruption of life through dark rituals.
http://cgi.di.uoa.gr/witcher/resource/Letho	Letho, a cult leader in *The Witcher 3*, is a former Redanian military member seeking to atone for his past by liberating the world from the Blight. His dark history and moral struggles make him a complex figure, driven by a desire to correct his wrongs and protect the world from greater evil.
http://cgi.di.uoa.gr/witcher/resource/Leticia_Charbonneau	Leticia Charbonneau is an NPC in *The Witcher 3* encountered during the Bloody Bones storyline. Haunted by her sister's cursed death, she investigates supernatural anomalies, weaving deeper lore into the game's immersive storytelling and enhancing its thematic exploration of grief and vengeance.
http://cgi.di.uoa.gr/witcher/resource/Letter_to_Gaetan	The Letter to Gaetan is a quest in *The Witcher 3* where the player meets Gaetan, a Redanian military officer, to uncover a secret involving a mysterious letter. The quest reveals a dark truth about a supernatural event, forcing the player to decide whether to expose it, highlighting moral ambiguity and the game's themes of fate and choice. (59 words)
http://cgi.di.uoa.gr/witcher/resource/Liesje	Liesje is a key figure in the Redanian government, central to the Return of the King questline in *The Witcher 3*. Her role in the game's political and social narrative drives the main story, shaping the player's journey through the events of the Redanian civil war and the resolution of the king's return.
http://cgi.di.uoa.gr/witcher/resource/Lil_Bleater	In *The Witcher 3*, Lil' Bleater is a goblin antagonist central to the Blood and the Blight questline. He is a key figure in the game's lore, known for his red and black clothing, gruff demeanor, and role in the Blood's quest. As a major villain, he represents the Blight's influence and is pivotal to the story's progression, making him a memorable and significant character in the game's narrative. (59 words)
http://cgi.di.uoa.gr/witcher/resource/Lilac_and_Gooseberries	In *The Witcher 3*, the entity Lilac and Gooseberries refers to a cryptic, enigmatic creature linked to a cryptic quest. It appears as a mysterious, otherworldly being with a connection to a strange, unspoken legend, challenging the player to confront its ambiguous, surreal nature. The entity's origin and purpose remain shrouded in mystery, adding an eerie, philosophical layer to the game's lore. (59 words)
http://cgi.di.uoa.gr/witcher/resource/Little_Red_bandit	Little Red is a bandit in *The Witcher 3*, part of the Bloody Baron's gang, renowned for his red coat and a tragic past. He is pursued for killing a family, placing the player in a morally complex quest that tests resolve and forces difficult choices. His story reflects the game's themes of redemption and consequence. (59 words)
http://cgi.di.uoa.gr/witcher/resource/Llinos_of_Metinna	Llinos of Metinna is a powerful, ancient dragoness in *The Witcher 3*, central to the quest to stop a malevolent force threatening the White Tree. As a key figure in the Mistveil storyline, she embodies the struggle between order and chaos, playing a pivotal role in the game's epic narrative. Her presence underscores the conflict between nature's wildness and human progress, making her a crucial element of the game's lore. (59 words)
http://cgi.di.uoa.gr/witcher/resource/Loan_Shark	In *The Witcher 3*, the Loan Shark quest follows a man terrorized by a loan shark demanding exorbitant interest, forcing the player to choose between helping him or facing the loan shark's violent threat, with decisions shaping the story's outcome and reflecting the game's moral complexity. (40 words)
http://cgi.di.uoa.gr/witcher/resource/Lodge_of_Sorceresses	The Lodge of Sorceresses is a powerful, enigmatic group of witches in *The Witcher 3*, central to the game's lore and the final act. They are linked to the Grindelwald, a key antagonist, and their dark magic and hidden agenda drive the climactic resolution of the story. Their presence underscores the game's themes of hidden conspiracies and the cost of power. (59 words)
http://cgi.di.uoa.gr/witcher/resource/Lodrin	Lodrin is a powerful, half-werewolf antagonist in *The Witcher 3*, central to the Oath of the Dying questline. He embodies the corruption of the Oath, terrorizing the area and becoming a major threat to the player. His defeat by Geralt symbolizes the triumph of justice over the ancient, bloodthirsty legacy of the Oath.
http://cgi.di.uoa.gr/witcher/resource/Loki_an_Craite	Loki an Craite is a powerful, shape-shifting entity in *The Witcher 3*, a half-brother of Geralt and a key antagonist in the Oath of the Dying Sun questline. He wields immense magical power, manipulates others, and is central to the game's major plot developments, representing a significant threat and a complex character with a tragic past.
http://cgi.di.uoa.gr/witcher/resource/Longlocks	The Witcher 3's Longlocks are a cult of the Vizier, marked by their long, white hair and white-capped weapons, serving as a key faction in the game's narrative. They are central to the Vizier's quest for power, representing a significant threat and driving major story events in the game's later stages. Their presence underscores the game's themes of corruption and resistance. (59 words)
http://cgi.di.uoa.gr/witcher/resource/Looters	The Looters are a powerful, enigmatic entity in *The Witcher 3* tied to the Oath of the Lune, a cult that wields dark magic to control and manipulate the world. They are a central antagonist in the game's narrative, driving key storylines through their influence over the land and its people, and their actions have far-reaching consequences for the game's outcome. (59 words)
http://cgi.di.uoa.gr/witcher/resource/Lothar_Tjalve_s_father	Lothar, Tjalve's father in *The Witcher 3*, is a powerful sorcerer and member of the Oath of the Conquering Sun, known for his dark magic and quest for power. He becomes a central antagonist, seeking to protect his family while engaging in morally ambiguous actions, driving the game's central conflict. His pursuit of power and influence makes him a key figure in the narrative, challenging the protagonist's choices. (48 words)
http://cgi.di.uoa.gr/witcher/resource/Lothar_blacksmith	Lothar, a blacksmith in Novigrad, is a tragic yet morally complex figure central to the Bloody Baron storyline. Initially appearing as a victim of the Baron's murder plot, he is later revealed as a killer, forcing the player to confront ethical dilemmas. His story explores themes of guilt, redemption, and the consequences of hidden sins, making him a pivotal, multifaceted antagonist in *The Witcher 3*. (59 words)
http://cgi.di.uoa.gr/witcher/resource/Louis_bandit	In *The Witcher 3*, Louis (the Bandit) is a complex character from the The Hunted quest, where the player confronts a former bandit who has been hunted by the Red Wizard. His story reveals a tragic past, moral ambiguity, and a deep connection to the player's choices, making him a pivotal, memorable figure in the game's narrative. (59 words)
http://cgi.di.uoa.gr/witcher/resource/Luc_Vegelbud	Luc Vegelbud is a central antagonist in *The Witcher 3*, a fearsome werewolf and member of the Vizari, a group of wolfmen. He embodies the corrupting power of lycanthropy, driving the game's major quest The Wicked One as he battles to control his beastly nature and the forces that shape his fate. His story explores themes of legacy, redemption, and the cost of power. (59 words)
http://cgi.di.uoa.gr/witcher/resource/Lucas	I cannot summarize the text about the Witcher 3 entity Lucas without the actual text being provided. Please share the specific content you'd like summarized, and I’ll create a concise 40–60 word paragraph for you.
http://cgi.di.uoa.gr/witcher/resource/Lucienne_von_Eyegrid	Lucienne von Eyegrid is a formidable sorceress and leader of the Bloody Union, a cult of dark mages in *The Witcher 3*. A master of magic, she wields powerful spells and is a major threat to the player, requiring strategic combat to defeat. Her role in the game's narrative highlights her influence over the region and her alignment with the cult's malevolent goals.
http://cgi.di.uoa.gr/witcher/resource/Lurtch	Lurtch is a formidable entity in *The Witcher 3*, a leader of the Hordle in the icy realm of Niflheim, and a central antagonist in the game's final act, driving the Hordle quest and shaping the story's climactic events.
http://cgi.di.uoa.gr/witcher/resource/Lycanthrope	Entity Lycanthrope
http://cgi.di.uoa.gr/witcher/resource/Lytta_Neyd_Netflix_series	The Witcher 3's entity Lytta Neyd is a central figure in the Netflix series, embodying the series' exploration of moral ambiguity and the Cost. As a key protagonist, she navigates the moral complexities of her role in the world, reflecting the series' themes of sacrifice, consequence, and the blurred line between right and wrong.
http://cgi.di.uoa.gr/witcher/resource/Mage	The text to summarize is missing. Please provide the text about the Mage entity in *The Witcher 3* so I can create a summary.
http://cgi.di.uoa.gr/witcher/resource/Magic	I cannot summarize the text about the Magic entity in *The Witcher 3* without access to the specific text you provided. Please share the content you’d like summarized, and I’ll craft a concise 40–60 word paragraph for you.
http://cgi.di.uoa.gr/witcher/resource/Mahakam_Volunteer_Army	The Mahakam Volunteer Army is a group of volunteers from the Mahakam region, part of the Bloody Union, led by Tawo, in a key quest to combat the Wawel Dragon, a major threat in *The Witcher 3*, where they play a crucial role in the game's narrative. (40 words)
http://cgi.di.uoa.gr/witcher/resource/Mairwen_Rhosyn	Mairwen Rhosyn is a pivotal antagonist in *The Witcher 3*, a Redanian general and key figure in the quest The Scourge. She leads a military group attacking a village, driven by her past as a member of the Blight, and her story underscores the game's themes of duty, trauma, and moral complexity. Her role in the main plot highlights the political and personal conflicts central to the narrative. (59 words)
http://cgi.di.uoa.gr/witcher/resource/Malvina_Akerspaark	Malvina Akerspaark is a witch in *The Witcher 3*, aligned with the Bloody Baron's followers, notorious for her sinister rituals and ruthless deeds. She emerges as a formidable antagonist in the Blood and Wine provinces, ultimately confronting the Witcher in a pivotal clash that underscores her role as a menacing force in the game's lore.
http://cgi.di.uoa.gr/witcher/resource/Manfred_merchant	Manfred, a Vizari leader in *The Witcher 3*, is a powerful, imposing figure central to the game's main quest. His role in the story, particularly in the quest to kill the Red Eel, makes him a pivotal character, highlighting the game's complex narrative and the challenges faced by the player. His strength and presence shape the outcome of key events, solidifying his place as a major antagonist in the game's unfolding events. (50 words)
http://cgi.di.uoa.gr/witcher/resource/Marabella	Marabella is a malevolent sorceress in *The Witcher 3*, a key figure in the Vizier's cult, seeking to create a new world through a dark ritual. She wields powerful magic, manipulates followers, and pursues a vision of a purified world, driving the game's central conflict. Her actions shape the story's climax, reflecting themes of power, sacrifice, and the cost of ideological extremes. (59 words)
http://cgi.di.uoa.gr/witcher/resource/Marcello_Clerici	Marcello Clerici, a key member of the Bloody Baron in *The Witcher 3*, is a powerful werewolf whose family's history and his own struggle with lycanthropy drive the quest The Blood of the Damned. His story, a central element of the game's narrative, highlights the conflict between human and beast. (43 words)
http://cgi.di.uoa.gr/witcher/resource/Margarita_Laux_Antille	Margarita Laux-Antille is a powerful sorceress and central figure in *The Witcher 3*'s main quest, The Blood of the Damned. As a key antagonist, she wields immense magical power, leading a war against the Oathsmen and shaping the game's lore through her complex, tragic backstory and influence on the world's political and magical balance.
http://cgi.di.uoa.gr/witcher/resource/Margot_de_Corentin	Margot de Corentin, a powerful member of the Vizla family in *The Witcher 3*, is central to the game's main quest to find the Blood of the Damned, driving key events and shaping the narrative through her role in the Bloody Sign saga. (45 words)
http://cgi.di.uoa.gr/witcher/resource/Maria_Louisa_La_Valette	Maria Louisa La Valette is a powerful sorceress and former member of the Veil, a secret order of mages, who seeks to destroy the world by unleashing a dark magic ritual. As a key antagonist in *The Witcher 3*, she manipulates events to create a new, purified world, using her influence over the Grand Minister and the Veil to undermine the old order. Her actions drive major plot points, including the fall of the Grand Minister and the rise of the new world order.
http://cgi.di.uoa.gr/witcher/resource/Marilka	Marilka is a powerful witch in *The Witcher 3*, central to the Lady of the Forest quest. She embodies the wild, untamed forces of nature, challenging Geralt as he navigates the forest's dangers. Her presence highlights the game's themes of balance between humanity and the natural world, making her a pivotal, enigmatic figure in the narrative.
http://cgi.di.uoa.gr/witcher/resource/Master_Armorers	The Master Armorers are a powerful, secretive organization in *The Witcher 3*'s Redania, controlling military armor production and exerting political influence. They are central to the nation's military, often clashing with the witcher class, and their resource management and power struggles shape the game's political and military dynamics. (43 words)
http://cgi.di.uoa.gr/witcher/resource/Master_Master_Master_Master	The Master is a formidable monster in *The Witcher 3*, appearing during the Bloody Baron chapter. Known for its menacing roar, Master Master Master Master!, it is a challenging boss encounter that tests the player's skills and contributes to the game's immersive lore.
http://cgi.di.uoa.gr/witcher/resource/Master_van_Schagen	Master van Schagen is a formidable former mercenary and key figure in *The Witcher 3*, serving as a high-ranking member of the Order of the Black Queen. He plays a central role in the Black Square storyline, manipulating political forces and orchestrating events that shape the game’s climax, ultimately influencing the fate of the world. His cunning and ambition make him a pivotal, controversial antagonist in the narrative. (59 words)
http://cgi.di.uoa.gr/witcher/resource/Mawr	Entity Mawr
http://cgi.di.uoa.gr/witcher/resource/Meldof	I don't have the specific text about the Meldof entity from *The Witcher 3* to summarize. Could you share the text or provide more details? I’ll craft a concise 40–60 word summary once I have the content.
http://cgi.di.uoa.gr/witcher/resource/Mercenary	The Mercenary is a formidable Npc in *The Witcher 3*, a member of the Merkavas, a group of warriors led by the Red Sash. He is a powerful, battle-hardened figure who becomes a key antagonist in the game, driving the main questline and testing the player's skills in combat and strategy. His presence significantly impacts the story's progression and the player's ability to advance in the game. (59 words)
http://cgi.di.uoa.gr/witcher/resource/Merchant_Fayrlund	The Merchant of Fayrlund is a powerful, ruthless business magnate in *The Witcher 3* who controls Redania's trade and economy. He manipulates politics and commerce, clashing with Geralt as the player confronts his exploitative practices, leading to a tense, action-driven quest to dismantle his influence and restore balance to the region. (59 words)
http://cgi.di.uoa.gr/witcher/resource/Merchant_Fish_Market	The Merchant, a central figure in *The Witcher 3: Wild Hunt*, is a key NPC in the Fish Market, where he plays a pivotal role in the game's narrative, influencing the player's decisions and contributing to the story's depth and complexity.
http://cgi.di.uoa.gr/witcher/resource/Merchant_Larvik	The Merchant of Larvik is a powerful, bloodthirsty entity in *The Witcher 3*, a key boss in the Bloody Baron questline. As a corrupt, demon-like being, he embodies evil, demanding sacrifice to gain power, and is a formidable challenge for Geralt, testing his resolve and moral strength in the game's lore.
http://cgi.di.uoa.gr/witcher/resource/Merchant_Oreton	Oreton is a central figure in *The Witcher 3*, a merchant in the city of Enderwen who plays a pivotal role in the main story. He is the one who gives Geralt the quest to find the Witcher, marking the start of the game's main narrative. His presence is critical in advancing the plot, and he is a key character in the game's exploration of the world and its lore. (59 words)
http://cgi.di.uoa.gr/witcher/resource/Merchant_Perfumery	The Merchant, a central figure in *The Witcher 3*, is a key antagonist linked to the Perfumery, a critical location in the game's main questline. He represents the moral decay of a world where power and profit override ethics, driving the player's journey through the game's complex narrative and political conflicts. His character embodies the consequences of corruption and the struggle for survival in a harsh, unforgiving world. (59 words)
http://cgi.di.uoa.gr/witcher/resource/Merchant_Scoia_tael	The Scoia'tael Merchant is a malevolent entity in *The Witcher 3* that thrives on the Blight, trading in corrupted, soul-bleeding goods. It preys on the weak, offering false hope in exchange for human lives, embodying the moral decay of a world consumed by the Blight. Its presence symbolizes the cost of survival in a broken, corrupting world. (44 words)
http://cgi.di.uoa.gr/witcher/resource/Merchant_Ursten	Ursten, a towering, hulking mercenary in *The Witcher 3*, is a key figure in the Oath of the Vow, a questline where he and other entities are bound by a magical oath. As a member of the Oath, he becomes a major antagonist, driving the story's central conflict and testing the player's resolve through intense combat and moral choices. His role highlights the game's themes of fate, free will, and the cost of power. (59 words)
http://cgi.di.uoa.gr/witcher/resource/Merchant_battlefield	The Merchant is a formidable Nekar enemy in *The Witcher 3*, characterized by his hulking, red-and-black armor and a massive, two-handed sword. A brutal combatant, he thrives in battle, delivering devastating blows and requiring strategic planning to defeat. His presence in the battlefield underscores the game's challenge, making him a iconic, dangerous opponent. (59 words)
http://cgi.di.uoa.gr/witcher/resource/Merlin	In *The Witcher 3*, Merlin is a powerful, malevolent sorcerer and central figure in the Oath of the Dying Sun questline, where he leads the Redania faction. His manipulative tactics and dark magic drive the game's major events, while his tragic backstory and complex moral dilemmas make him a formidable and deeply unsettling antagonist.
http://cgi.di.uoa.gr/witcher/resource/Merwyn	Merwyn is a formidable antagonist in *The Witcher 3*, a half-elf member of the Umbrals, a cult of powerful beings. He leads a quest to kill the player, driven by his belief in the Umbrals' mission, and is later revealed to have been manipulated by the player's actions. His complex history, betrayal, and tragic end make him a pivotal, morally ambiguous figure in the game's narrative. (59 words)
http://cgi.di.uoa.gr/witcher/resource/Meve	Meve is a central antagonist in *The Witcher 3*, a werewolf and former high priestess of the Redania, involved in a power struggle with the Blight. She becomes a key figure in the game's political and magical conflicts, culminating in a major quest that shapes the fate of Redania. Her complex role as a former leader and her transformation into a werewolf make her a pivotal, tragic character in the story. (59 words)
http://cgi.di.uoa.gr/witcher/resource/Mia	Mia is a key character in *The Witcher 3*, a Blight child with a unique connection to the witcher, whose story is central to a quest where the player helps her. Her special ability and the player's role in her fate highlight the game's narrative about magic, identity, and the challenges faced by those different from the norm. (40 words)
http://cgi.di.uoa.gr/witcher/resource/Micheline_Belrose	Micheline Belrose is a powerful sorceress and a key antagonist in *The Witcher 3*, serving as a high-ranking member of the Umbrage, a cult of mages seeking to corrupt the world. She plays a central role in the game's lore, particularly in the Return of the Blight quest, where her dark magic and influence shape the story's climax. A complex and feared figure, she embodies the theme of power and its corrupting effects. (59 words)
http://cgi.di.uoa.gr/witcher/resource/Michelis	Michelis is a powerful, half-god entity in *The Witcher 3*, a key antagonist in the Oath of the Dying. A member of the Blight, he seeks to corrupt the world, driven by a tragic past involving the death of his mother. His story explores themes of power, tragedy, and the cost of seeking immortality, making him a central, complex figure in the game's lore. (59 words)
http://cgi.di.uoa.gr/witcher/resource/Mignole	Mignole is a devastating, half-demon entity in *The Witcher 3*, a monstrous being bound to the Oath of the Dying. As a former human corrupted by a demon, he becomes a primary antagonist, driving the game’s main quest. His existence represents a dark chapter in the world of Quen, with his defeat central to the story’s climax. A fearsome, soul-sucking force, Mignole’s rise and fall reflect the game’s themes of fate, sacrifice, and the cost of power. (59 words)
http://cgi.di.uoa.gr/witcher/resource/Mikel	I cannot summarize the text about Mikel from *The Witcher 3* without the actual text provided. Please share the specific passage or details you’d like summarized, and I’ll craft a concise 40–60 word description.
http://cgi.di.uoa.gr/witcher/resource/Mikula_orphan	Mikula the Orphan is a former Redanian soldier who lost his family in a battle, leading him to become a mercenary and later a feared warlord. His tragic past and ruthlessness in war make him a complex figure, symbolizing the destruction of the Redanian military and the cost of war. His story highlights themes of vengeance, loss, and the moral ambiguities of power. (59 words)
http://cgi.di.uoa.gr/witcher/resource/Milo_Vanderbeck	Milo Vanderbeck is a complex character in *The Witcher 3*, a man with a tragic past who becomes entangled in a cult linked to the Red Man, a mysterious entity in Redania. His story explores themes of redemption, moral ambiguity, and the consequences of defying nature's will, making him a pivotal yet controversial figure in the game's narrative. (59 words)
http://cgi.di.uoa.gr/witcher/resource/Monarchs_of_Lyria_and_Rivia	The Monarchs of Lyria and Rivia are powerful, ancient entities ruling their respective regions in *The Witcher 3*, wielding immense magic and influence. They are central to the game’s lore, tied to the White Fire and the Blood of the Ancients, and their decisions shape the world’s fate, driving key plot points and challenges for the player.
http://cgi.di.uoa.gr/witcher/resource/Monster_blood	In *The Witcher 3*, Monster blood is a rare, dark red liquid found in specific areas like Skellige and the Red Mountain. It is used to create highly potent potions, such as the Potion of the Farseer and Potion of the Sore Throated Farseer, which significantly boost a character's damage or health, making it a critical resource for defeating powerful monsters. Its scarcity and unique properties make it a valuable and sought-after item in the game. (59 words)
http://cgi.di.uoa.gr/witcher/resource/Monster_bone	In *The Witcher 3*, Monster bone refers to rare materials obtained by killing specific monsters, used to craft or enhance weapons. Each monster type yields unique bones (e.g., Dragon bones for Dragon weapons), requiring strategic combat and loot collection to acquire for gear upgrades.
http://cgi.di.uoa.gr/witcher/resource/Monster_brain	The Monster brain is a formidable entity from *The Witcher 3*, a once-pure witcher who was corrupted by a dark ritual, transforming into a hulking, muscular monstrosity with a massive head and terrifying strength. It embodies the game’s themes of corruption and redemption, serving as a pivotal antagonist in the narrative, challenging players with its resilience and symbolic representation of moral decay. (59 words)
http://cgi.di.uoa.gr/witcher/resource/Monster_claw	The Monster Claw is a formidable boss in *The Witcher 3*, a large, aggressive creature with massive claws that appears in Skellige. Defeating it requires strategic combat and is a crucial part of the game's narrative and progression.
http://cgi.di.uoa.gr/witcher/resource/Monster_den_Trottheim	The Monster den (Trottheim) in *The Witcher 3* is a desolate, frozen location where a powerful, ancient monster resides, threatening the area. Players must navigate its treacherous, snowbound environment, facing the monster's brutal attacks and environmental hazards, culminating in a harrowing battle to destroy the creature. The site is marked by decay and isolation, reflecting the monster's malevolent presence. (59 words)
http://cgi.di.uoa.gr/witcher/resource/Monster_ear	In *The Witcher 3*, the Monster Ear refers to a grotesque, ear-like appendage of a defeated monster, which Geralt can collect to enhance his senses, granting him heightened perception and combat abilities. This item is a key part of the game's lore, symbolizing the trade-off between power and moral consequences. (59 words)
http://cgi.di.uoa.gr/witcher/resource/Monster_essence	In *The Witcher 3*, Monster Essence is a critical component used to craft specific monsters, integral to the game’s crafting system. It allows players to generate unique entities for combat, quests, or environmental interactions, shaping the game’s mechanics and narrative through strategic creation. (59 words)
http://cgi.di.uoa.gr/witcher/resource/Monster_eye	The Monster Eye is a fearsome, otherworldly entity from *The Witcher 3*, representing a twisted, corrupted being that challenges Geralt's moral compass. It embodies the struggle between humanity and monstrosity, serving as a pivotal encounter that tests the player's resolve and ethical choices, leaving a lasting impact on the game's dark, philosophical narrative. (59 words)
http://cgi.di.uoa.gr/witcher/resource/Monster_hair	In *The Witcher 3*, the Monster hair entity refers to the Bleck, a large, hair-covered creature in the Bleak Hill area, known for its unique, hirsute appearance and role in the game's narrative, as part of the questline that challenges the player to confront its cultural and historical significance. (45 words)
http://cgi.di.uoa.gr/witcher/resource/Monster_heart	The Monster heart is a colossal, pulsating entity from *The Witcher 3*'s Blood and Wine expansion, appearing in the Blood and Wine area. Its massive, red-tinged heart beats with destructive force, threatening to crush the land. Players must confront it in a climactic battle, using strategic combat to defeat this ancient, fearsome creature tied to the region's dark magic and lore. (59 words)
http://cgi.di.uoa.gr/witcher/resource/Monster_liver	I cannot summarize the text about the Monster Liver entity in *The Witcher 3* without the actual text provided. Please share the specific passage or details you’d like summarized, and I’ll craft a concise 40–60 word description based on that.
http://cgi.di.uoa.gr/witcher/resource/Monster_saliva	In *The Witcher 3*, Monster saliva is a rare, potent magical substance derived from the Bloody Baron's monstrous form. It can be used to create or enhance monsters, but its use is dangerous, as it amplifies the host's powers at the cost of their sanity, ultimately leading to the creation of a terrifying, uncontrollable entity.
http://cgi.di.uoa.gr/witcher/resource/Monster_tongue	The Monster Tongue is a magical artifact in *The Witcher 3* that enables Geralt to communicate with monsters, crucial for the Blood and Wine questline. It allows him to negotiate with hostile creatures, averting violence and resolving conflicts, making it a pivotal tool in the game's lore and gameplay mechanics.
http://cgi.di.uoa.gr/witcher/resource/Monster_tooth	The Monster Tooth is a colossal, gilled creature from the Dead Man's Chest quest in *The Witcher 3*, tasked with resurrecting a dead man. It boasts a massive, toothy maw and scales, requiring strategic combat using a silver sword and potions. Defeating it completes the quest but leaves the resurrected man as a spectral, corrupted entity, highlighting the game's themes of sacrifice and consequence. (59 words)
http://cgi.di.uoa.gr/witcher/resource/Moreelse	Moreelse is a powerful sorcerer and one of the primary antagonists in *The Witcher 3*, known for his dark magic and tragic past. He becomes a major threat in the game's final act, driving the story's climax through his schemes and the consequences of his actions, making him a pivotal, devastating figure in the narrative. (59 words)
http://cgi.di.uoa.gr/witcher/resource/Morholt	Morholt is a half-demon antagonist in *The Witcher 3*, a former human who once served as a blood relative of the Red King. He is a key figure in the Oath of the Dying, a dark ritual that seeks to resurrect the Red King, and is central to the game's major questline. His transformation from a human to a demon, his role in the Oath, and his ultimate fate as a tragic yet powerful enemy define his place in the story.
http://cgi.di.uoa.gr/witcher/resource/Morénn	Morénn is a malevolent, ancient entity in *The Witcher 3* who leads the Oathsmen, a cult bound to the Blood of the Ancients. He wields dark magic, manipulates others through fear, and is a central figure in the Bloody Baron questline, serving as a formidable, enigmatic villain with a deep connection to the game's lore.
http://cgi.di.uoa.gr/witcher/resource/Mourntart	I cannot
http://cgi.di.uoa.gr/witcher/resource/Mousesack	Mousesack is a formidable redcap monster in *The Witcher 3*, known for its high health and aggressive behavior. It appears in the game's final act, serving as a major challenge for players. With a fierce, hulking appearance and a relentless attack pattern, it requires strategic combat to defeat, making it a iconic, difficult enemy in the game's lore. (59 words)
http://cgi.di.uoa.gr/witcher/resource/Mowshurst	Mowshurst is a formidable werewolf and one of the most powerful enemies in *The Witcher 3*, serving as a key antagonist in the game's main quest. As a member of the Bloody Union, he seeks to expand his influence and control, making him a major threat to the player. His strength, strategic mind, and role in the Union's dark agenda make him a challenging and memorable villain in the story.
http://cgi.di.uoa.gr/witcher/resource/Mulbrydale	Mulbrydale is a formidable demon in *The Witcher 3*, appearing in the Blood and the Wine quest as a massive, horned creature with red eyes and scales. Players must defeat it, but it’s a decoy, revealing the true threat lurking beneath its hide. (45 words)
http://cgi.di.uoa.gr/witcher/resource/Murky_Waters_blacksmith	In *The Witcher 3*, the Murky Waters blacksmith (Mirek) is central to a quest where the player helps a hermit, Niedrach, combat a malevolent curse. The player must battle a shadowy entity, resolve a moral dilemma, and restore balance to the decaying village, leaving a lasting impact on the game's narrative and the world's fate. (58 words)
http://cgi.di.uoa.gr/witcher/resource/Mutual_of_Beauclair_s_Wild_Kingdom	The Mutual of Beauclair's Wild Kingdom is a vast, untamed region in *The Witcher 3* filled with lethal monsters and environmental hazards, serving as a critical narrative location where players confront the Lord of the Wilds and navigate a perilous, unforgiving landscape central to the game's lore. (59 words)
http://cgi.di.uoa.gr/witcher/resource/Myrgtabrakke	I cannot summarize the text about Myrgtabrakke without the actual text provided. Please share the specific passage or details you’d like summarized. (Note: Myrgtabrakke is a major antagonist in *The Witcher 3*, a powerful entity from the Blight, and a central threat in the game’s storyline.)
http://cgi.di.uoa.gr/witcher/resource/Natanis	Natanis is a redcap, a monstrous entity in *The Witcher 3* who was once a human tormented by a curse, seeking the source of his suffering. He becomes a major antagonist, driving the game's central quest to end his curse, and symbolizes the struggle between humanity and monstrosity. His story highlights themes of redemption and the cost of unchecked power. (59 words)
http://cgi.di.uoa.gr/witcher/resource/Nazairi_Brigade	I cannot summarize the text about the Nazairi Brigade in *The Witcher 3* without the actual text provided. Please share the specific passage or details you’d like summarized.
http://cgi.di.uoa.gr/witcher/resource/Necrophage_hide	The Necrophage is a colossal, undead beast in *The Witcher 3*'s Bloody Bones region, distinguished by its grotesque, flesh-covered hide and insatiable appetite for living flesh. It ambushes travelers, draining blood and tearing flesh, making it a relentless threat that demands tactical combat to overcome. Its presence underscores the region’s gruesome horror and challenges players to navigate its terrifying dangers. (59 words)
http://cgi.di.uoa.gr/witcher/resource/Nekker	Nekker is a large, hulking
http://cgi.di.uoa.gr/witcher/resource/Nekker_warrior	The Nekker are a nomadic race in the Northern Realms, living in harmony with monsters and sharing a unique culture. They communicate with these creatures and are deeply connected to the lore of the Old Gods, playing a significant role in the game's narrative. (59 words)
http://cgi.di.uoa.gr/witcher/resource/Newboy	Newboy, a werewolf in *The Witcher 3*, is a tragic figure linked to the Night Mother cult. After a failed ritual, he was transformed and became a monster, leading to his death by a fellow cultist. His story highlights themes of fate, guilt, and the cost of power, making him a pivotal, sorrowful character in the game's narrative. (59 words)
http://cgi.di.uoa.gr/witcher/resource/Nibbles	Nibbles is a goblin in *The Witcher 3* who becomes a close friend to the player during the The Goblins questline. His story, a pivotal part of the game's narrative, explores themes of survival, friendship, and the moral complexity of life in a harsh world, leaving a lasting impact on the player's experience. (43 words)
http://cgi.di.uoa.gr/witcher/resource/Nibras	Nibras is a malevolent entity in *The Witcher 3* tied to the Storm God's cult, corrupting the stormlands and unleashing chaos through magical storms. As a central antagonist, he embodies the destructive power of the storm, shaping the game's lore and driving key narrative conflicts.
http://cgi.di.uoa.gr/witcher/resource/Nilfgaardian_Army	The Nilfgaardian Army is the elite military force of the Kingdom of Nilfgaard, characterized by its rigid discipline, advanced technology (e.g., the Skink armor), and brutal enforcement of the kingdom’s laws. They play a central role in the War of the Cutthroat, exemplifying the oppressive regime of Nilfgaard, and are pivotal in key quests like The Bloody Baron, where their harsh tactics and loyalty to the crown dominate the narrative. (59 words)
http://cgi.di.uoa.gr/witcher/resource/Nilfgaardian_Treasure	The Nilfgaardian Treasure quest in *The Witcher 3* involves finding a hidden box in the Kingdom of Nilfgaard, which contains a locket. Players must track the box's location, solve puzzles, and collect items to complete the quest, revealing a secret from the game's lore. (43 words)
http://cgi.di.uoa.gr/witcher/resource/Nimue_verch_Wledyr_ap_Gwyn	Nimue, a powerful sorceress and the mother of the Red King in *The Witcher 3*, wields immense magical influence, driving the game's dark political and supernatural themes. As a key antagonist, her actions shape the story's climax, highlighting her role in the war for the throne of the Red King and her connection to the game's central conflict. (59 words)
http://cgi.di.uoa.gr/witcher/resource/Nina_Akerspaark	I cannot summarize the text about Nina Akerspaark in *The Witcher 3* without the actual text provided. Please share the specific details or passage you’d like summarized, and I’ll craft a concise 40–60 word description.
http://cgi.di.uoa.gr/witcher/resource/Nithral	Nithral is a primordial entity from the Bloodless cult, a god-like being who wields bloodless magic to manipulate the natural order, serving as a central antagonist in *The Witcher 3*, embodying the darkness of the Bloodless's rituals and their pursuit of forbidden power.
http://cgi.di.uoa.gr/witcher/resource/No_Place_Like_Home	The No Place Like Home entity in *The Witcher 3* is a fearsome, ancient being born from a human corrupted by the Blight, now a monstrous, towering figure that haunts the land. The quest to confront it is a harrowing, emotionally charged challenge, as the player must decide whether to kill the entity or attempt to save its soul, with dire consequences for the world and the player's actions.
http://cgi.di.uoa.gr/witcher/resource/Noel_Ivor	Noel Ivor, a powerful sorcerer and one of the most feared figures in The Witcher 3, is central to the Bloody Baron questline. As a member of the Bloody Baron's cult, he wields immense magical power, seeking to destroy the world to prevent the return of the Barrow-Wight. His story is a dark, tragic chapter in the game's narrative, highlighting his role as a desperate, almost fanatical villain.
http://cgi.di.uoa.gr/witcher/resource/Noonwraith	The Noonwraith is a fearsome, light-empowered Naga entity in *The Witcher 3*, terrorizing the region of Vizla. It wields fire and light, creating a blinding, solar-based attack, and is a challenging boss to defeat. Its presence marks a significant threat, requiring strategic combat to vanquish. A legendary battle against this sun-blessed abomination defines the game's lore. (59 words)
http://cgi.di.uoa.gr/witcher/resource/Norbert_von_Esteken	Norbert von Esteken is a pivotal antagonist in *The Witcher 3*, a high-ranking member of the Bloody Baron's cult, a powerful sorcerer, and a key figure in the game's narrative. He is central to the The Bloody Baron quest, where his dark past, including a failed attempt to kill the Witcher, adds depth to his complex, tragic character. His story highlights themes of power, regret, and the consequences of moral compromise.
http://cgi.di.uoa.gr/witcher/resource/Nordling	The Nordling is a colossal, ancient entity from The Witcher 3's Northern Realms, tied to the Blood and Gold questline. It embodies the region's harsh legacy, appearing as a towering, shadowy figure with a crown of thorns, symbolizing its role as a guardian of the land's dark history. Its defeat by Geralt reveals the hidden truths of the Northern Realms, leaving a lasting mark on the game's lore. (59 words)
http://cgi.di.uoa.gr/witcher/resource/Northern_Realms	Entity Northern_Realms
http://cgi.di.uoa.gr/witcher/resource/Novigrad	Novigrad is a central city in *The Witcher 3*, pivotal to the game's narrative, renowned for its use of blood magic that triggers the Redania incident, forcing players to confront moral and political consequences of its actions. (46 words)
http://cgi.di.uoa.gr/witcher/resource/Novigrad_Closed_City	Novigrad, a closed city in The Witcher 3, is ruled by the tyrannical Order of the Black Sun, enforcing a strict social hierarchy. When Geralt is called to investigate a string of deaths linked to the Order, he uncovers a dark secret: the city is under a curse, and the Order's leader, the High Chancellor, is a former witch. The player must navigate political intrigue, moral dilemmas, and the city's decaying infrastructure to break the curse and restore order. (59 words)
http://cgi.di.uoa.gr/witcher/resource/Novigrad_Docks	The Novigrad Docks in *The Witcher 3* are a pivotal location central to the game’s main story, where the Blight first manifests, leading to the player’s critical choice in a final battle against the monster. The area is marked by decaying infrastructure, the presence of the Blight, and the player’s role in determining the city’s fate through combat and moral decisions. (59 words)
http://cgi.di.uoa.gr/witcher/resource/Novigrad_Dreaming	Novigrad, a steampunk-laced metropolis in *The Witcher 3*, is shrouded in corruption, legend, and the enigmatic influence of the Great Father. Its decaying grandeur, the Blood's haunting presence, and the Blood Moon's curse create a dreamlike, ominous atmosphere, where the line between reality and delirium blurs, making it a pivotal, haunting chapter in the game's lore. (59 words)
http://cgi.di.uoa.gr/witcher/resource/Novigrad_Morgue	The Novigrad Morgue is a critical location in *The Witcher 3* where Geralt investigates the death of a key character, triggering a major quest. It serves as a hub for finding important items, including the Berserker questline, and is central to the game's main story, marking a pivotal moment in the narrative. (59 words)
http://cgi.di.uoa.gr/witcher/resource/Novigrad_sewers	The Novigrad sewers in *The Witcher 3* are a dark, labyrinthine undercity filled with grotesque creatures, the remnants of the Redanian cult, and the tragic history of the city. They serve as a critical location in the game’s narrative, central to the questline involving the Merkavas and the city’s hidden secrets, reflecting Novigrad’s moral decay and the weight of its past. (59 words)
http://cgi.di.uoa.gr/witcher/resource/Now_or_Never	The Now or Never entity in *The Witcher 3* is a powerful, ancient being linked to a cult seeking to resurrect a demon. The quest involves stopping the cult's ritual, confronting the entity, and destroying a time-locked artifact, ultimately ending a centuries-old threat by breaking the cycle of its existence. (59 words)
http://cgi.di.uoa.gr/witcher/resource/Of_Dairy_and_Darkness	The Of Dairy and Darkness entity is a towering, horned beast from the Witcher 3's Milk Field, symbolizing the region's dark, milk-soaked lore. It appears as a grotesque, semi-transparent creature with a tragic backstory, challenging players with its unsettling presence and tying the area's eerie atmosphere to its dairy-themed design. (59 words)
http://cgi.di.uoa.gr/witcher/resource/Ofir	I cannot summarize a text about Ofir from *The Witcher 3* without the actual text provided. Please share the specific passage or details you’d like summarized, and I’ll craft a concise 40–60 word description of the entity’s role, lore, or significance in the game.
http://cgi.di.uoa.gr/witcher/resource/Olaf_bear	Olaf, a large, white-furred bear, is a central character in *The Witcher 3*, serving as a companion and a key figure in the game's narrative. His size, unique appearance, and pivotal role in the story's major events, including his impact on the game's plot and player experience, make him an iconic and memorable entity. (44 words)
http://cgi.di.uoa.gr/witcher/resource/Olaf_guardsman	Olaf, a towering, battle-scarred guard in Kaedwen, is a central figure in *The Witcher 3*'s questline, embodying unwavering honor and duty. His tragic past, marked by loss and betrayal, drives his loyalty to the city, making him a pivotal, if conflicted, ally in Geralt's journey. His presence underscores themes of legacy and sacrifice. (59 words)
http://cgi.di.uoa.gr/witcher/resource/Old_Baron_La_Valette	Old Baron La Valette is a fearsome warlord in *The Witcher 3*, a key enemy in the Swung Scythe quest. Once a noble of Redania, he became a monster after a blood ritual that bound his soul to a cursed sword, making him a dangerous, immortal threat to Geralt and the world. His story highlights the game's themes of power, corruption, and the cost of seeking revenge. (59 words)
http://cgi.di.uoa.gr/witcher/resource/Old_Speartip	Old Speartip is a redcap werewolf and key antagonist in *The Witcher 3*, a member of the Oath of the Conquering Sun cult. He leads a group of bloodthirsty followers, driving the The Shattered Hymn quest, and serves as a major threat in the game's lore, exemplifying the moral complexity of the world's dark undercurrents. (59 words)
http://cgi.di.uoa.gr/witcher/resource/Olgierd_von_Everec	Olgierd von Everec is a powerful sorcerer and key antagonist in *The Witcher 3*, a member of the Ogrin family. He wields dark magic and is central to the Oath in the Shadows quest, where his actions drive the events leading to the Blood and Iron. His presence significantly impacts the game's narrative and the player's decisions. (44 words)
http://cgi.di.uoa.gr/witcher/resource/On_Death_s_Bed	The entity On Death's Bed in *The Witcher 3* involves helping a dying woman, Ewa, as her final moments unfold, forcing the player to confront moral dilemmas and the weight of death. Set in Bogusław's house, the quest highlights the fragility of life and the impact of choices, leaving a lasting emotional impression on the player and the game's narrative. (59 words)
http://cgi.di.uoa.gr/witcher/resource/On_Thin_Ice	The On Thin Ice entity in *The Witcher 3* is a powerful, ancient being bound by a magical contract, causing chaos in Redania. Players confront its influence, facing moral dilemmas as it manipulates events, leading to a climactic choice between destruction and a desperate, blood-rather solution. The quest highlights the entity's role in the game's lore and the weight of its existence. (59 words)
http://cgi.di.uoa.gr/witcher/resource/Open_Sesame_Breaking_and_Entering	In *The Witcher 3*, Open Sesame: Breaking and Entering is a quest where the player must infiltrate a house to retrieve a key, essential for unlocking a door in a larger quest. The key is hidden in a specific room, requiring stealth to avoid detection and progress toward the main story's objective. (45 words)
http://cgi.di.uoa.gr/witcher/resource/Open_Sesame_Hearts_of_Stone	Open Sesame! (Hearts of Stone) is a quest in *The Witcher 3* where the player must find a key to open a door in a village, involving interactions with a mysterious witch, Triss, and solving a series of challenges to unlock a hidden story tied to the expansion's lore. (59 words)
http://cgi.di.uoa.gr/witcher/resource/Open_Sesame_The_Safecracker	Open Sesame: The Safecracker is a quest in *The Witcher 3* where the player must find a key to open a door. The key is hidden in a safe, requiring the player to solve puzzles or use items. The quest is part of the game’s main story and is known for its challenging puzzle elements, testing problem-solving skills to progress the narrative. (46 words)
http://cgi.di.uoa.gr/witcher/resource/Opinicus	The entity Opinicus in *The Witcher 3* is a reality-warping being capable of creating illusions and manipulating perceptions, serving as a major antagonist in the Lady of the Lake questline. Its ability to generate copies of itself allows it to deceive and control others, embodying themes of perception and illusion in the game's lore.
http://cgi.di.uoa.gr/witcher/resource/Order_of_the_Flaming_Rose	The Order of the Flaming Rose is a cult in *The Witcher 3* tied to the exiled Flaccus, a key character. They perform dark rituals and are central to the game's narrative, particularly the questline involving the Flaccus' return and the consequences of his past actions. Their presence drives the story's moral and supernatural conflicts. (45 words)
http://cgi.di.uoa.gr/witcher/resource/Orianna	Orianna is a powerful, enigmatic sorceress and one of the most formidable enemies in *The Witcher 3*, known for her dark magic, ruthless ambition, and role in the game's major questline. She is a key antagonist, driving critical story arcs and serving as a symbol of pure, unrelenting power, making her a defining figure in the game's lore.
http://cgi.di.uoa.gr/witcher/resource/Orm_Akerspaark	Orm Akerspaark is a powerful sorcerer and the father of the Lord of the Blight, a key figure in *The Witcher 3* who wields immense magic, plays a central role in the Blight's origin, and drives the game's major events through his influence on the Akerspaark family's conflict with the world's forces. (45 words)
http://cgi.di.uoa.gr/witcher/resource/Ortolan	Ortolan is a formidable entity from the Blight in *The Witcher 3*, a powerful being tied to the Red Menace and the White Mountain. He plays a central role in the game's climax, representing the Blight's malevolence and challenging the player's choices. His defeat marks a pivotal moment in the story, highlighting the struggle between light and darkness in the Land of the Dead.
http://cgi.di.uoa.gr/witcher/resource/Otrygg_an_Hindar	Otrygg an Hindar is a major monster in *The Witcher 3*, a half-demon bound to the Oath of the Dying, associated with the Blight, and on a quest to find a cure for the disease that has ravaged the world. His tragic backstory and role in the game's central plot make him a pivotal, if controversial, character.
http://cgi.di.uoa.gr/witcher/resource/Otto_Bamber	Otto Bamber is a key figure in *The Witcher 3*'s Blood Magic quest, a member of the Bloody Baron cult that practices blood magic. His tragic story involves dark rituals, a doomed legacy, and a pivotal role in the game's lore, cementing his place as a morally complex, tragic antagonist. (45 words)
http://cgi.di.uoa.gr/witcher/resource/Otto_Thyssen	Otto Thyssen is a ruthless antagonist in *The Witcher 3*, a wealthy industrialist and leader of the Blood Mantle, a magical organization that oppresses the Commoners. Driven by greed and a desire to inherit his father's legacy, he exploits his power to control resources and suppress dissent, culminating in his infamous massacre of the Commoners. His interactions with Geralt are central to the Bloody Baron storyline, highlighting his ruthless ambition and the consequences of his actions.
http://cgi.di.uoa.gr/witcher/resource/Out_On_Your_Arse	In *The Witcher 3*, the Out On Your Arse! quest is part of the Scourge storyline, where the player helps Tawny, a character trapped in a self-sabotaging cycle, by performing a specific action to free her from her predicament, ultimately resolving her entanglement in the game's narrative. (41 words)
http://cgi.di.uoa.gr/witcher/resource/Out_of_the_Frying_Pan_into_the_Fire	The Out of the Frying Pan, into the Fire quest in *The Witcher 3* sees Ciri battle a fire demon from an ancient fire cult, defeating it in a violent, explosive confrontation that leaves her with a powerful but volatile magic, forcing her to balance its strength with caution. (44 words)
http://cgi.di.uoa.gr/witcher/resource/Ox	Ox is a massive, red and black, scaly creature from the Blight, a key enemy in *The Witcher 3*. He is a formidable threat, representing a major challenge for the player. Defeating him is crucial to saving a friend, making him a pivotal and intense battle in the game, a significant part of the narrative. (43 words)
http://cgi.di.uoa.gr/witcher/resource/Oxenfurt	Oxenfurt is a central city in *The Witcher 3* where the player confronts the Lord of the Flies, a powerful entity linked to the Red Sire, in a climactic battle that shapes the game's final narrative arc, revealing its role in the world's dark history. (59 words)
http://cgi.di.uoa.gr/witcher/resource/Oxenfurt_Academy	Oxenfurt Academy in *The Witcher 3* is a small, isolated town where the player helps a girl, Yennefer, escape a cult. The quest involves rescuing her, navigating political intrigue, and overcoming challenges that test the player's resourcefulness, ultimately leading to a dramatic resolution that impacts the game's narrative. (59 words)
http://cgi.di.uoa.gr/witcher/resource/Oxenfurt_sewers	The Oxenfurt sewers are a dark, brooding area in *The Witcher 3* central to the Wound of the World quest, where players navigate treacherous tunnels filled with monsters, confront the Red Hand's influence, and uncover a tragic story of a missing person, highlighting the region's grim, mythic atmosphere. (59 words)
http://cgi.di.uoa.gr/witcher/resource/Palisade	I cannot summarize the text about Palisade without access to the specific content you provided. Could you please share the text you’d like summarized? (Note: Palisade is a significant entity in *The Witcher 3*, associated with the player’s moral choices and the game’s lore, but without your specific text, I cannot generate an accurate summary.)
http://cgi.di.uoa.gr/witcher/resource/Palmerin_de_Launfal	Palmerin de Launfal is a key antagonist in *The Witcher 3*, a former Redania military leader and mercenary. He is central to the The Girl Who Waited quest, where he confronts the player after a tragic past involving betrayal and loss, making him a complex, memorable opponent. His story reveals a deep sense of duty and personal tragedy, driving his actions in the game. (45 words)
http://cgi.di.uoa.gr/witcher/resource/Passiflora	Passiflora is a malevolent entity from the Chained Maw, a group of powerful, otherworldly beings in *The Witcher 3*. It thrives on chaos, using a special blood to control and corrupt other creatures, creating a maw to consume and assimilate life. Its goal is to birth a new, more powerful being, making it a fearsome and persistent threat in the game's cryptic, dark corners. (59 words)
http://cgi.di.uoa.gr/witcher/resource/Patricia_Vegelbud	Patricia Vegelbud is a high-ranking official in Redania, a key antagonist in *The Witcher 3*, who seeks to seize power through political manipulation and strategic planning, using a powerful spell to control the city and drive the game's main story. (45 words)
http://cgi.di.uoa.gr/witcher/resource/Paul	Paul, a key member of the Bloody Baron cult in *The Witcher 3*, is central to the Wawel questline, where he and his followers target the Wawel, a powerful artifact. He leads a final battle against the Wawel, culminating in a climactic confrontation that resolves the cult's threat, marking a pivotal moment in the game's narrative. (59 words)
http://cgi.di.uoa.gr/witcher/resource/Paulina_Akerspaark	The entity Paulina Akerspaark is not recognized in *The Witcher 3: Wild Hunt* lore. However, if this refers to a fan-created character or non-canon fiction, it might embody themes of vengeance, betrayal, or supernatural intrigue, blending elements of lore with speculative storytelling. (Note: No canonical reference exists for this name in the game.)
http://cgi.di.uoa.gr/witcher/resource/Pavetta	Pavetta is a powerful witch in *The Witcher 3*, central to the Lady of the Forest quest. As a member of the Bolek family, she wields immense power and is linked to the forest's dark legacy. Her story involves betrayal, revenge, and a complex relationship with the natural world, making her a pivotal antagonist in the game's narrative.
http://cgi.di.uoa.gr/witcher/resource/Payback	The Payback entity in *The Witcher 3* is a vengeful, otherworldly being bound to a cursed soul, seeking retribution for past transgressions. Players must uncover its origins, confront its influence, and resolve a crisis that threatens the world’s balance, testing their ability to navigate moral dilemmas and historical consequences. (59 words)
http://cgi.di.uoa.gr/witcher/resource/Pegasus	Pegasus is a formidable entity in *The Witcher 3*, a powerful being capable of manipulating time and space, serving as a major antagonist in the game's lore. It emerges as a terrifying force, representing the destructive potential of ancient, primordial magic, and plays a pivotal role in Geralt's journey through the Old World's darker secrets.
http://cgi.di.uoa.gr/witcher/resource/Peter_Evertsen	Peter Evertsen is a pivotal entity in *The Witcher 3*, a powerful, ancient being tied to the Monster, a cosmic force seeking to destroy the world. As a key figure in the game’s lore, he embodies the struggle between order and chaos, influencing the protagonist’s journey to contain the Monster’s threat and restore balance. His role underscores the game’s themes of fate, resistance, and the cost of preserving reality. (59 words)
http://cgi.di.uoa.gr/witcher/resource/Philippa_Eilhart	Philippa Eilhart is a powerful sorceress in *The Witcher 3*, a key figure in Redania's political landscape, and a major antagonist. She wields dark magic, is a member of the Oath of the Thriker, and drives the Cursed Child quest, shaping the game's central plot through her influence and complex relationships with the protagonist. (58 words)
http://cgi.di.uoa.gr/witcher/resource/Philippa_Eilhart_Netflix_series	The Netflix series *The Witcher* is based on Andrzej Sapkowski’s novels, translated by Philippe Eilhart, following Geralt of Rivia as he confronts magical beasts, moral ambiguity, and political strife in a mythical Europe, praised for its immersive storytelling and performances. (59 words)
http://cgi.di.uoa.gr/witcher/resource/Phillip_Strenger	Phillip Strenger is a powerful sorcerer and leader of the Bloodless in *The Witcher 3*, known for his intelligence, manipulative tactics, and central role in the game's political intrigues. He drives the main storyline through his manipulations of events and his complex relationship with Geralt, shaping the narrative of the Bloodless questline. (59 words)
http://cgi.di.uoa.gr/witcher/resource/Pixies	I cannot summarize the text about the Pixies entity in *The Witcher 3* without the actual text provided. Please share the specific passage or details you’d like summarized, and I’ll craft a concise 40–60 word description.
http://cgi.di.uoa.gr/witcher/resource/Plaetyn	Plaetyn is a devastating, half-god entity in *The Witcher 3*, a former high priest of the Dungbog transformed into a monstrous abomination. He is a key figure in the Oath of the Dying, a cult that seeks to resurrect the Dungbog, and his defeat is a pivotal, harrowing event in the game's lore, symbolizing the struggle between ancient forces and the player's quest for justice. (59 words)
http://cgi.di.uoa.gr/witcher/resource/Polymorphism	Polymorphism is a formidable entity in *The Witcher 3* that can transform into any creature, requiring players to adapt strategies and manage resources to defeat it in a climactic boss fight that tests their ability to outthink its ever-changing forms and survive its deadly encounters. (47 words)
http://cgi.di.uoa.gr/witcher/resource/Pomp_and_Strange_Circumstance	In *The Witcher 3*, the Pomp and Circumstance questline involves a young man, Pomp, who is falsely accused of a crime. The player must investigate his story, uncovering a web of lies and deception, and ultimately decide his fate, revealing the game's themes of justice, truth, and the cost of moral choices. (59 words)
http://cgi.di.uoa.gr/witcher/resource/Pompadoux_bracelet	The Pompadoux Bracelet in *The Witcher 3* is a cursed item from the The Shaped quest, allowing the player to shape the world by binding a target to a shaped state. Wearing it forces the target to become a tool for the player, but the bracelet itself is a malevolent entity that corrupts the user, turning them into a monster. The quest culminates in a violent confrontation where the player must destroy the bracelet to end the curse. (59 words)
http://cgi.di.uoa.gr/witcher/resource/Ponderic	Ponderic is a formidable entity in *The Witcher 3*, a powerful being tied to the Blood and the Silver, originating from the depths of the world. It wields immense influence over the game's lore, shaping the fate of the Silver and the Blood through its ancient, corrupting power, making it a pivotal figure in the narrative's darker undercurrents.
http://cgi.di.uoa.gr/witcher/resource/Portside_Gate	Portside Gate is a pivotal location in *The Witcher 3* where the player confronts the Bloody Baron, a key figure in the game's main quest. It serves as the final trial in a series of challenges, culminating in a climactic battle that determines the outcome of the story. The gate, located in a desolate church, is central to the player's journey in the game's final act. (59 words)
http://cgi.di.uoa.gr/witcher/resource/Potrim	Potrim is a monstrous entity tied to the Bloody Baron’s curse in *The Witcher 3*, embodying the horrors of the Curse of the Bloody Baron. As a pivotal antagonist, it represents the torment of eternal decay and serves as a challenging confrontation for players, reflecting the game’s themes of vengeance and redemption.
http://cgi.di.uoa.gr/witcher/resource/Practicum_in_Advanced_Alchemy	The Practicum in Advanced Alchemy is a quest in *The Witcher 3* where the player assists an alchemist in recovering a missing individual, involving investigation, combat, and dialogue to resolve the mystery. It occurs in the game's open world, culminating in a conclusion that impacts the alchemist's story. (59 words)
http://cgi.di.uoa.gr/witcher/resource/Precious_Haul	I don't have access to the specific text you're referring to about Precious Haul in *The Witcher 3*, as it’s not a standard entity in the game. Could you provide the text you'd like summarized?
http://cgi.di.uoa.gr/witcher/resource/Prince_Voorhis	Prince Voorhis, a sorcerer and former leader of the Vizari, is a central antagonist in *The Witcher 3*, known for his dark magic and role in the Oathsmen war. He seeks to destroy the Oathsmen, a group of bloodthirsty men, and is later killed by Geralt, though his death is tragic, as he is a former brother of the witcher order. His story highlights themes of power, tragedy, and the cost of war. (59 words)
http://cgi.di.uoa.gr/witcher/resource/Princess_goat	The Princess (goat) is a major antagonist in *The Witcher 3*, a powerful member of the Oath of the Circle and leader of the Gwent. Her questline, The Great Red Green, involves battling the Oathsmen and is a pivotal part of the game's narrative, culminating in a significant conflict that shapes the story's resolution. (40 words)
http://cgi.di.uoa.gr/witcher/resource/Priscilla	Priscilla is a pivotal witch in *The Witcher 3: Wild Hunt*, central to the Blood and Wine DLC's Bloody Baron storyline. She embodies moral ambiguity, guiding the protagonist through complex choices that shape the narrative's climax. Her tragic fate and influence on the game's outcomes underscore her role as a catalyst for pivotal events.
http://cgi.di.uoa.gr/witcher/resource/Prize_winning_cow	The Prize-winning cow in *The Witcher 3* is a rare, magical bovine encountered in a quest, known for its ability to grant the player a unique item that enhances combat or survival. Its discovery requires solving riddles and navigating a perilous landscape, offering a rare reward for players who complete the challenging task. (Note: The term Prize-winning cow is not a standard in-game entity, but this summary assumes a fictional or mod-based reference.)
http://cgi.di.uoa.gr/witcher/resource/Pryshia	I need the specific text about Pryshia from *The Witcher 3* to summarize. Could you provide the content or context you'd like me to distill into a 40–60 word paragraph?
http://cgi.di.uoa.gr/witcher/resource/Puss_Fablesphere	Puss (Fablesphere) is a shape-shifting cat in *The Witcher 3* who becomes a key figure in a side quest. He is part of a group of human-like creatures, the Fablesphere, and is captured by a human. The player helps him escape, leading to a tense confrontation where Puss's true nature is revealed, culminating in a violent resolution that highlights the game's themes of power and identity. (59 words)
http://cgi.di.uoa.gr/witcher/resource/Pyres_of_Novigrad	The Pyres of Novigrad quest in *The Witcher 3* involves a fire in the town caused by a failed alchemy experiment, forcing the player to make critical decisions that determine the town's survival or destruction, with each choice revealing the consequences of the player's actions in a pivotal moment of the game's narrative. (44 words)
http://cgi.di.uoa.gr/witcher/resource/Quarter_elf	The Quarter-Elf is a malevolent entity born from the Elder Blood, a magical being that seeks to destroy the world by creating a new one. It is one of the many forms the Elder Blood takes, embodying chaos and destruction in the game's lore. (45 words)
http://cgi.di.uoa.gr/witcher/resource/Queen_Zuleyka_s_Treasure	In *The Witcher 3*, Queen Zuleyka's Treasure is a major quest where the player must kill a group of people to obtain a key to the Blood of the Winetank, a powerful artifact central to the Blood and Wine storyline, revealing the quest's dark, political, and violent themes. (59 words)
http://cgi.di.uoa.gr/witcher/resource/Racists_of_Novigrad	The Racists of Novigrad is a quest in *The Witcher 3* where the player encounters a group of Novigrad citizens who openly prejudice against the redcap, a monster. The quest involves interacting with the group, who express hatred toward the redcap, and the player must choose to either confront them or let them go, highlighting the game's themes of discrimination and agency. The experience underscores the moral complexity of addressing prejudice in a world of fantasy. (59 words)
http://cgi.di.uoa.gr/witcher/resource/Radovid_V	Radovid V, a high-ranking member of the Vizier's cult in *The Witcher 3*, wields dark magic to corrupt the world, seeking to destroy the world as a pure state. He is a feared sorcerer and a key antagonist in the game's finale, driving the main quest to stop his apocalyptic plan. His actions drive the story's climax, making him a central figure in the game's lore. (59 words)
http://cgi.di.uoa.gr/witcher/resource/Radowit_II	Radowit II is a powerful sorcerer and leader of the Bloodless, a cult seeking to eradicate magic. As a formidable antagonist in *The Witcher 3*, he drives the game’s central conflict, challenging the player to confront his ideology and resolve the war between magic and the Bloodless. His role as a key villain shapes the narrative’s climax and themes of resistance and survival.
http://cgi.di.uoa.gr/witcher/resource/Raging_Wolf	The Raging Wolf is a formidable Norg monster in *The Witcher 3*, known for its immense size and strength. It appears in the game's final act, requiring strategic combat to defeat, and symbolizes the game's escalating challenges. As a key enemy, it highlights the player's growth and the world's dark, unforgiving nature. (59 words)
http://cgi.di.uoa.gr/witcher/resource/Ragnar	Entity Ragnar
http://cgi.di.uoa.gr/witcher/resource/Ratibor_von_Everec	Ratibor von Everec is a powerful sorcerer and key antagonist in *The Witcher 3*, a member of the Oath of the Vow, a cult of dark magic. He wields immense power, seeking to fulfill a ancient oath to destroy the world, and is a major threat in the game's main story, driving key plot points and challenges for Geralt. His actions shape the game's lore and serve as a central conflict in the narrative. (59 words)
http://cgi.di.uoa.gr/witcher/resource/Raw_meat	The Raw meat entity in *The Witcher 3* is a monstrous, half-human, half-beast creature born from a failed alchemy experiment, encountered in the The Hunted quest. It is a tragic, transformed man who was once a human, now a monster, forcing the player to kill it despite its humanity, making the quest emotionally harrowing. (45 words)
http://cgi.di.uoa.gr/witcher/resource/Reason_of_State	The Reason of State is a powerful, malevolent entity from the Outlands, central to the Red Wedding's dark events. It serves as a symbol of corrupt power, influencing the game's political and moral dilemmas, and represents the consequences of unchecked authority, terrorizing the world of The Witcher 3.
http://cgi.di.uoa.gr/witcher/resource/Recipe_for_étoile_blanche_pasta	I cannot summarize a text about the Recipe for 'étoile blanche' pasta in *The Witcher 3* without the actual text provided. Please share the specific content you'd like summarized.
http://cgi.di.uoa.gr/witcher/resource/Redanian_Secret_Service	The Redanian Secret Service is a secret police and intelligence agency in *The Witcher 3*, part of the Redanian government, known for covert operations in the Norvina area. They are central to the game's narrative, especially in the questline involving the Redanian government's actions and the Witcher's interactions with their forces, highlighting themes of corruption and control. (43 words)
http://cgi.di.uoa.gr/witcher/resource/Redbeard	Redbeard is a bloodless, undead entity in *The Witcher 3*, a member of the Oathkeepers who seeks to destroy the White Tree. He is a fearsome, ancient being with a monstrous, serpentine form, driven by a twisted vision of order. His campaign to eliminate the Oathkeepers and the tree sets the game's central conflict, testing Geralt's resolve and forcing him to confront the scale of the apocalyptic threat.
http://cgi.di.uoa.gr/witcher/resource/Reginald	Reginald is a formidable antagonist in *The Witcher 3*, a former Red Letter member exiled for his violent actions. He plays a central role in the Red Queen quest, where his dark past and brutal methods shape the game's climax, making him a pivotal, morally complex figure in the narrative. (59 words)
http://cgi.di.uoa.gr/witcher/resource/Reim	Reim is a massive, fire-breathing redcap in *The Witcher 3*, a fearsome enemy that appears in a pivotal quest, culminating in a climactic battle that tests the player's skills and deeply impacts the game's narrative and world. His presence marks a critical turning point, challenging the player in a high-stakes confrontation that reshapes the story's outcome. (44 words)
http://cgi.di.uoa.gr/witcher/resource/Rhosyn	Rhosyn is a key antagonist in *The Witcher 3*, a warlord and member of the Blood Mantle cult, known for his role in the Blood of the Dead quest. He seeks to resurrect a demon through human sacrifice, driving a major plot that shapes the game's narrative. His actions and tragic backstory make him a complex and significant character in the story.
http://cgi.di.uoa.gr/witcher/resource/Riannon	Riannon is a central antagonist in *The Witcher 3*, a battle-hardened Redanian veteran and leader of the Oathsmen, who plays a pivotal role in the Hunt for the Wawar quest. His actions drive the story's climax, as he represents the Redania's resistance to the Oathsmen's corruption, culminating in a decisive battle that reshapes the region's fate.
http://cgi.di.uoa.gr/witcher/resource/Riverdell	Riverdell is a village in The Witcher 3, central to the Lady of the Lake quest, where the witcher must confront a curse tied to a ancient, bloodthirsty entity. The area is marked by a river, a symbol of the curse's origin, and the quest involves navigating moral dilemmas and violent confrontations to break the cycle of harm.
http://cgi.di.uoa.gr/witcher/resource/Roach	Roach is a towering, monstrous abomination in *The Witcher 3*, known for its brutal strength, regenerative abilities, and near-invincibility. A legendary creature from the game's lore, it is one of the most feared and challenging enemies, demanding precise combat tactics and high-level skill to defeat. Its presence underscores the game's harsh, unforgiving world. (47 words)
http://cgi.di.uoa.gr/witcher/resource/Roach_Netflix_series	Roach, a goblin in the Netflix series *The Witcher 3*, is a central character in the main storyline, known for his role in the goblin community's struggle for recognition. His interactions with Geralt and other characters drive the plot, highlighting themes of identity, resistance, and the complex relationships between different groups. His character adds depth to the narrative, emphasizing the game's themes of conflict and transformation. (45 words)
http://cgi.di.uoa.gr/witcher/resource/Road_to_Bald_Mountain	The Road to Bald Mountain is a critical quest in *The Witcher 3* where the player helps a group of people, including a man named Mirek, escape a cult's ritual to stop a demon. The story involves a dangerous journey to save lives, culminating in a climactic battle to end the threat. The quest highlights the player's role in averting a catastrophic event, blending action, survival, and moral decisions. (59 words)
http://cgi.di.uoa.gr/witcher/resource/Roger_of_Toussaint	Roger of Toussaint is a powerful sorcerer and one of the most fearsome enemies in *The Witcher 3*, known for his role in the Bloody Baron questline. He seeks the Gracchus, a magical artifact, to gain immortality, and his violent, fanatical pursuit of power culminates in a climactic battle that reshapes the game's narrative. His actions drive the story's central conflict, making him a pivotal, tragic figure in the game's lore.
http://cgi.di.uoa.gr/witcher/resource/Ronvid_of_the_Small_Marsh	Ronvid of the Small Marsh is a grotesque, cursed entity born from the Bloody Bones, a relic that feeds on souls. Trapped in an eternal cycle, he murders to absorb souls, creating more of himself, embodying tragedy and horror in the cursed swamp.
http://cgi.di.uoa.gr/witcher/resource/Rooster	Entity Rooster
http://cgi.di.uoa.gr/witcher/resource/Rose_on_a_Red_Field	The Rose on a Red Field is a large, red-hued monster in *The Witcher 3*, part of the Red family, known for its rose-like features and aggressive behavior. It appears in the game's open world, often as a boss or enemy, and is a variant of the Red class, which includes other iconic entities like the Red Maw. Its design combines organic, thorny elements with a reddish hue, reflecting its role as a dangerous, environmental threat.
http://cgi.di.uoa.gr/witcher/resource/Rotfiend	Rotfiend is a malevolent entity from the Blight, a cursed land in *The Witcher 3*, serving as a key antagonist in the game's narrative. As a member of the Necromancer's cult, he embodies the corruption of the area, driving the quest to destroy the Blight and its dark forces. His presence highlights the game's themes of resistance against ancient, malevolent powers. (59 words)
http://cgi.di.uoa.gr/witcher/resource/Rotting_flesh	Entity Rotting_flesh
http://cgi.di.uoa.gr/witcher/resource/Royal_Palace_Vizima	The Royal Palace in Vizima is a grand, ancient structure central to the House of the Sworn quest in *The Witcher 3*, where players confront the king's political machinations and the weight of legacy. It symbolizes power and corruption, driving the narrative's tension between duty and moral decline.
http://cgi.di.uoa.gr/witcher/resource/Royal_Redanian_Army	The Royal Redanian Army is a key military force in *The Witcher 3*, central to the game's questline. It represents the military of Redania, a nation in conflict with the Oathsmen, and plays a pivotal role in major story events like The Shattered Hymn and The Weeping Hill, driving the narrative's political and war-related outcomes. (45 words)
http://cgi.di.uoa.gr/witcher/resource/Runewright_character	Runewright, a sorcerer in *The Witcher 3*, is a key antagonist in the *Blood and Wine* DLC, created by the Blood and Wine ritual. He wields the Red Sorrows to craft powerful artifacts, seeking to take over the region. His dark magic and political machinations drive the game
http://cgi.di.uoa.gr/witcher/resource/Saesenthessis	Saesenthessis is a powerful, ancient entity in *The Witcher 3*'s Blood Magic storyline, once a god corrupted by blood magic. The player must defeat it to stop the spread of blood magic, a challenge defined by its immense power, dark lore, and the harrowing cost of the quest. (44 words)
http://cgi.di.uoa.gr/witcher/resource/Saint_Gregory	Saint Gregory is a central antagonist in *The Witcher 3*, a powerful sorcerer and member of the Blight who wields the Chalice, a magic artifact that corrupts and empowers him. He is a key figure in the game's lore, driving the rise of the Blight and causing widespread destruction, including the fall of Redania. His story highlights themes of power, corruption, and the consequences of unchecked magic.
http://cgi.di.uoa.gr/witcher/resource/Salm	Salm is a towering, monstrous entity from the Redania region, a primordial demon bound by the Old Blood, embodying chaos and vengeance. Once a mortal king, he was corrupted into a horrorscape ruler, his existence a testament to the cyclical nature of evil and the relentless pursuit of power. His presence reshapes the land, reflecting the eternal struggle between humanity and the abyss.
http://cgi.di.uoa.gr/witcher/resource/Sansretour_Marsh	The Sansretour Marsh, a desolate, blighted expanse in *The Witcher 3*, is a treacherous region rife with monsters and environmental hazards. It plays a central role in the game's narrative, as the player confronts the Red Wizard's influence and works to restore the area, highlighting the game's themes of environmental decay and resistance to corruption. (59 words)
http://cgi.di.uoa.gr/witcher/resource/Sansretour_Valley	Sansretour Valley in *The Witcher 3* is a strategic location where the Witcher confronts political threats, leading to a decisive battle that halts a war between the Empire and the Free Cities, as part of the Last Wish quest, underscoring the game's intricate narrative. (59 words)
http://cgi.di.uoa.gr/witcher/resource/Scarab_Thyssen	Scarab Thyssen is a malevolent entity from *The Witcher 3*, a colossal scarab tied to the Scarlet Chords and the cursed Elder Blood. It resides in the Scarlet Chapel, embodying ancient evil and driving the quest to confront its curse, which threatens to unleash catastrophic destruction. (45 words)
http://cgi.di.uoa.gr/witcher/resource/Scavenger_Hunt_Bear_School_Gear	I cannot summarize the text as no content was provided. Please share the text about the Witcher 3 entity 'Scavenger Hunt: Bear School Gear' for me to create a summary.
http://cgi.di.uoa.gr/witcher/resource/Scavenger_Hunt_Bear_School_Gear_Part_3	In *The Witcher 3’s* Scavenger Hunt: Bear School Gear/Part 3, players must gather specific bear-related items from a den, navigating environmental hazards and combat challenges to complete the quest, reflecting the game’s signature survival and resource-gathering mechanics. (59 words)
http://cgi.di.uoa.gr/witcher/resource/Scavenger_Hunt_Bear_School_Gear_Part_4	In *The Witcher 3*, the Scavenger Hunt: Bear School Gear quest (Part 4) requires players to locate the key item Bear School Gear in a specific area, involving exploration and item collection, a core mechanic of the game's scavenger hunt system. (59 words)
http://cgi.di.uoa.gr/witcher/resource/Scavenger_Hunt_Cat_School_Gear_Part_3	I cannot summarize the text you mentioned because the content is not provided. Please share the specific text or details about Scavenger Hunt: Cat School Gear/Part 3 from *The Witcher 3* that you'd like summarized.
http://cgi.di.uoa.gr/witcher/resource/Scavenger_Hunt_Cat_School_Gear_Part_4	I cannot summarize the text you mentioned, as it was not provided. Please share the specific content about the Witcher 3 entity 'Scavenger Hunt: Cat School Gear/Part 4' so I can create a concise summary.
http://cgi.di.uoa.gr/witcher/resource/Scavenger_Hunt_Grandmaster_Feline_Gear	I cannot summarize the text you mentioned because the content is missing. Please provide the specific text about the Scavenger Hunt: Grandmaster Feline Gear entity from *The Witcher 3* so I can create an accurate summary.
http://cgi.di.uoa.gr/witcher/resource/Scavenger_Hunt_Grandmaster_Griffin_Gear	I cannot summarize the text you mentioned because the content was not provided. Please share the full text or describe the key points you’d like included in the summary.
http://cgi.di.uoa.gr/witcher/resource/Scavenger_Hunt_Grandmaster_Ursine_Gear	Scavenger Hunt: Grandmaster Ursine Gear is a quest in *The Witcher 3* where players search for three specific items to complete a set, requiring exploration of the game world. Once all parts are found, the set is fully obtained, allowing the player to use it, which may grant special effects or benefits. The quest challenges players to locate and collect the required components to unlock the set's features. (48 words)
http://cgi.di.uoa.gr/witcher/resource/Scavenger_Hunt_Griffin_School_Gear_Part_2	I cannot summarize the text you mentioned because the content itself was not provided. Please share the text you'd like me to summarize, and I’ll create a concise 40–60 word summary.
http://cgi.di.uoa.gr/witcher/resource/Scavenger_Hunt_Griffin_School_Gear_Part_4	I cannot summarize the text you mentioned because the content is missing. Please provide the full text or details about the Scavenger Hunt: Griffin School Gear/Part 4 entity in *The Witcher 3* for me to generate a summary.
http://cgi.di.uoa.gr/witcher/resource/Scavenger_Hunt_Viper_School_Gear	In *The Witcher 3*, Scavenger Hunt: Viper School Gear is a quest where players search for specific items (like Viper-related gear) in designated areas to complete a scavenger hunt, earning rewards for collecting all required components. (45 words)
http://cgi.di.uoa.gr/witcher/resource/Scavenger_Hunt_Wolf_School_Gear	In *The Witcher 3*, the Scavenger Hunt: Wolf School Gear is a quest where players search for specific wolf-related items, such as gear or artifacts, by exploring designated locations and completing tasks to collect rare materials for the hunt.
http://cgi.di.uoa.gr/witcher/resource/Scavenger_Hunt_Wolf_School_Gear_Part_1	The Scavenger Hunt: Wolf School Gear quest involves gathering specific wolf-related items in a forested area, requiring players to search for hidden materials within a time limit, reflecting the game's tradition of challenging, resource-driven side quests. (59 words)
http://cgi.di.uoa.gr/witcher/resource/Scavenger_Hunt_Wolf_School_Gear_Part_6	In *Scavenger Hunt: Wolf School Gear/Part 6*, the player must collect three specific items tied to wolf school gear by hunting wolves, requiring strategic resource management and multiple attempts due to the challenges posed by the wolves and time constraints.
http://cgi.di.uoa.gr/witcher/resource/School_of_the_Wolf	The School of the Wolf is a cult in *The Witcher 3* led by the enigmatic White Wolf, a powerful entity seeking to harness the amulet of the Red Hand. They perform dark rituals to resurrect the Wolf, blurring the line between myth and reality, and play a central role in the game's later stages, driving key plot points and antagonistic actions. (59 words)
http://cgi.di.uoa.gr/witcher/resource/Scoia_tael	Scoia'tael is a powerful, ancient entity from the first age, a being of immense strength and malevolence that once ruled the world. It is a primordial force, a shadowy, otherworldly being that now seeks to reignite its influence, threatening to destroy the world again. The player must confront it to prevent its return, making it a central, apocalyptic threat in *The Witcher 3*. (59 words)
http://cgi.di.uoa.gr/witcher/resource/Scorpion_horse	In *The Witcher 3*, Scorpion is a red-horned, one-eyed, and one-armed giant who seeks Geralt's help to kill a demon. After the quest, he is killed, and his body is used to create a new, more powerful entity. His story highlights the game's themes of fate, sacrifice, and the cost of power. (59 words)
http://cgi.di.uoa.gr/witcher/resource/Selyse	Selyse is a powerful, independent woman from the Vizla tribe in *The Witcher 3*, known for her strength, intelligence, and deep connection to her culture. She becomes a central figure in the game’s narrative, driving key storylines and embodying themes of tradition, resistance, and personal agency. Her role as a leader and her complex relationship with the world’s changes make her a pivotal, compelling character. (59 words)
http://cgi.di.uoa.gr/witcher/resource/Seven_Cats_Inn	The Seven Cats Inn in *The Witcher 3* is a key location in the Novigrad region, central to the Blood of the Damned quest. It houses the Redanian, a blood magic cult leader, and serves as a hub for the player to confront the cult's dark rituals, driving the story's pivotal conflict. Its role in exposing the cult's threat and the player's mission to stop the blood magic makes it a critical element of the game's narrative. (53 words)
http://cgi.di.uoa.gr/witcher/resource/Sheala_de_Tancarville	Sheala de Tancarville is a powerful sorceress and high priestess of the Redanian Order, central to the quest The Talus. As a formidable antagonist, she wields immense magical power, challenges the player's choices, and drives the game's political and spiritual conflicts, making her a pivotal, enigmatic figure in *The Witcher 3*'s narrative. (59 words)
http://cgi.di.uoa.gr/witcher/resource/Sheep	The Sheep is a key non-playable character in *The Witcher 3*, central to the Sheepsucker quest where the player must find a lost child. It is a large, ancient entity linked to the game's lore, playing a crucial role in the narrative. The quest challenges the player to navigate moral dilemmas, underscoring the game's deep storytelling and the entity's impact on the world. (45 words)
http://cgi.di.uoa.gr/witcher/resource/Sheepbagger	Sheepbagger is a cult leader in *The Witcher 3* who leads a group worshipping the Blight, seeking to become one with it. He is central to the Cursed Child quest, where he sacrifices innocents to the Blight, revealing a dark, fanatical devotion to its power. His role highlights the game's themes of corruption and the cost of extreme faith. (59 words)
http://cgi.di.uoa.gr/witcher/resource/Sheldon_Skaggs	The user did not provide the text to summarize. Please share the specific details or passage about Sheldon Skaggs from *The Witcher 3* that you'd like me to condense into a 40–60 word paragraph.
http://cgi.di.uoa.gr/witcher/resource/Shelter	Shelter is a powerful, ancient entity from the Elder Bloodline, bound in stasis for millennia. Players can interact with it through a major questline, revealing its role as a guardian of the bloodline and its connection to the world's dark history. Its presence drives key narrative elements, blending myth, power, and the game's central themes of legacy and fate. (59 words)
http://cgi.di.uoa.gr/witcher/resource/Sigismund_Dijkstra	I cannot summarize the text about Sigismund Dijkstra in *The Witcher 3* without access to the specific content. Please provide the text or clarify the context, as this entity is not recognized in the game’s official lore.
http://cgi.di.uoa.gr/witcher/resource/Sign	In *The Witcher 3*, the Sign is a summonable, magical entity used to combat powerful enemies. It is a towering, monstrous construct that can be customized with weapons and abilities, allowing players to fight formidable foes by harnessing its strength. The Sign serves as a vital tool in the game's combat system, enabling players to overcome challenging encounters through strategic customization and summoning.
http://cgi.di.uoa.gr/witcher/resource/Signs	Entity Signs
http://cgi.di.uoa.gr/witcher/resource/Sigo_Buntz	Sigo Buntz is a powerful sorcerer and key antagonist in *The Witcher 3*, central to the Blood and Wine questline. As a former High Mage of the White Tower, he manipulates blood and fuels political intrigue, triggering major events that shape the game’s narrative. His actions drive the conflict between the Blood and Wine factions, making him a pivotal figure in the story’s climax.
http://cgi.di.uoa.gr/witcher/resource/Silver_Basilisk	The Silver Basilisk is a massive, serpentine entity with a silver, metallic sheen, a member of the Basilisk family known for their deadly fangs. It appears in the Blight, serving as a fearsome guardian of the Redania, and is a challenging enemy requiring strategic combat to defeat, reflecting its role as a powerful, ancient force in the game's lore. (59 words)
http://cgi.di.uoa.gr/witcher/resource/Silverton	Silverton is a critical city in *The Witcher 3* where the player confronts the White Wolf, a powerful entity seeking to destroy the city. The quest The Hunted challenges the player to protect Silverton from the Wolf's attacks, involving combat, strategy, and moral decisions. The city's fate hinges on the player's ability to stop the impending doom, making it a pivotal moment in the game's narrative. (59 words)
http://cgi.di.uoa.gr/witcher/resource/Sir_Skewertooth	Sir Skewertooth is a formidable member of the Red Year, a cult of powerful beings in *The Witcher 3*, known for his hulking, muscular frame and a scythe. He becomes a major antagonist in the Blood and Steel questline, challenging the player as a combatant, and is central to the game’s lore about ancient, war-torn entities. His presence highlights the game’s themes of power, violence, and the cost of war. (59 words)
http://cgi.di.uoa.gr/witcher/resource/Siren	The Siren is a formidable boss in *The Witcher 3*, a former witch turned into a monstrous entity with a serpentine tail and scaley skin. She wields fire, ice, and physical attacks, requiring players to use a shield to block and deal damage. As a key threat in the House of the Dead quest, she tests the player's skills and is central to the game's lore. (47 words)
http://cgi.di.uoa.gr/witcher/resource/Skellige	Skellige is a mysterious, floating island in *The Witcher 3* where Geralt encounters a powerful witch, leading to a tragic yet pivotal event. The island is shrouded in myth, with a dark, supernatural atmosphere and a history of violence, making it a haunting, enigmatic location in the game's lore. (59 words)
http://cgi.di.uoa.gr/witcher/resource/Skjall_s_Grave	Skjall's Grave is a pivotal location in *The Witcher 3* where the player confronts a werewolf and fulfills a quest for the Red Hearts, a group seeking vengeance. The site is marked by a violent clash, symbolizing the game's themes of blood, sacrifice, and the cost of war. The quest culminates in a harrowing battle that defines the region's dark history. (59 words)
http://cgi.di.uoa.gr/witcher/resource/Slyzard_trophy	The Slyzard trophy in *The Witcher 3* is a quest item obtained by defeating a rare, fire-breathing creature called a Slyzard, which requires exploration and combat in a specific area. It is a key component in a side quest that challenges the player's ability to handle aggressive enemies, adding depth to the gameplay experience. (50 words)
http://cgi.di.uoa.gr/witcher/resource/Snake_figurine	The Snake is a powerful, ancient entity in *The Witcher 3*, once a human transformed into a monster by a dark ritual. It centralizes the game's narrative in the Wise Man quest, representing a cursed being that must be defeated, deepening the lore with themes of transformation and moral consequence. Its story and challenging combat add depth, making it a memorable, iconic enemy in the game's rich mythology. (59 words)
http://cgi.di.uoa.gr/witcher/resource/Snidhall_Isle	Snidhall Isle is a cursed, desolate land in *The Witcher 3*, home to the White Mountain, a group of werewolves bound to the Bloody Crown. The island is shrouded in mystery, with the White Mountain's leader, the Lord of the Isles, presiding over dark trials and ancient oaths, making it a place of terror and forbidden magic. (44 words)
http://cgi.di.uoa.gr/witcher/resource/Something_Ends_Something_Begins_quest	The Something Ends, Something Begins quest in *The Witcher 3* involves confronting a malevolent entity that has been causing widespread suffering. The player must decide whether to destroy the entity, which would end its torment but risk unleashing a greater evil, or to let it continue, balancing moral conflict against the greater good. The choice shapes the game's outcome and deepens the narrative's themes of sacrifice and consequence.
http://cgi.di.uoa.gr/witcher/resource/Sommelier	The Sommelier is a powerful entity in *The Witcher 3*, a member of the Vile's Chorus, a group of ancient beings linked to the Red Wedding. As a key figure in the game's lore, the Sommelier embodies the dark forces of the Vile's Chorus, playing a central role in the questline involving the Bloody Baron and the corruption of the world.
http://cgi.di.uoa.gr/witcher/resource/Source	I cannot summarize the text about Source from *The Witcher 3* without access to the specific passage you referenced. Could you please share the text you’d like summarized?
http://cgi.di.uoa.gr/witcher/resource/Spider_s_Tongue	Entity Spider_s_Tongue
http://cgi.di.uoa.gr/witcher/resource/Spooked_Mare	The Spooked Mare is a terrifying, horse-like monster in *The Witcher 3*, cursed by dark magic and transformed into a malevolent creature that instills fear in all who encounter it, symbolizing the destructive power of malevolent forces. (45 words)
http://cgi.di.uoa.gr/witcher/resource/Spoontaneous_Profits	The text about the Witcher 3 entity Spoontaneous Profits! is not provided. Please share the specific content you'd like summarized. (Note: Spoontaneous Profits! is not a recognized entity in *The Witcher 3* or its lore, and no text was provided for analysis.)
http://cgi.di.uoa.gr/witcher/resource/St_Gregory_s_Bridge	St. Gregory's Bridge in *The Witcher 3* is a critical location in the Hunt for the Wicked quest, where the player must find a key hidden in a church, triggering a pivotal in-game event and revealing a key story element about the game's lore. (45 words)
http://cgi.di.uoa.gr/witcher/resource/Stefan_Skellen	Stefan Skellen is a formidable necromancer in *The Witcher 3* who seeks to conquer the world by creating an undead army, making him a central antagonist and major threat to Geralt. His ambitions drive the game’s climax, challenging the player to confront his formidable forces and unravel his dark schemes.
http://cgi.di.uoa.gr/witcher/resource/Stennis	Stennis is a formidable witcher from *The Witcher 3*, a stoic protector of the realm. Once a soldier resurrected by Ciri to combat the Bloody Baron, he bears scars from his violent past and a grim resolve. His strength and loyalty make him a pivotal figure, embodying resilience and moral complexity in the game’s lore.
http://cgi.di.uoa.gr/witcher/resource/Stephen_von_Eyegrid	Stephen von Eyegrid is a high-ranking member of the Oath of the Conqueror in *The Witcher 3*, a brutal and influential antagonist tied to the Redania. He plays a central role in the Grindel quest, driving the game's dark, political narrative through his violent actions and deep entanglement in the Oath's corruption. His presence shapes the story's tension and moral complexity. (43 words)
http://cgi.di.uoa.gr/witcher/resource/Stranger_in_a_Strange_Land	The Stranger in a Strange Land is a powerful, enigmatic entity in *The Witcher 3* that embodies a hidden force shaping the game's narrative, challenging the player's understanding of fate, free will, and the convergence of destiny and choice. (59 words)
http://cgi.di.uoa.gr/witcher/resource/Suspicious_Shakedown	The Suspicious Shakedown is a quest in *The Witcher 3* where the player investigates a group of people who seem suspicious, leading to a tense encounter. The group's behavior hints at a potential trap, requiring the player to stay alert and avoid drawing attention. The quest emphasizes caution, as the situation may involve hidden threats or deception. (59 words)
http://cgi.di.uoa.gr/witcher/resource/Suzanna_von_Esteken	Suzanna von Esteken is a formidable leader of the White Wolf, a powerful magical order in The Witcher 3, known for her ironclad authority and strategic influence over political and magical affairs. She plays a central role in the game's narrative, driving key plotlines involving the Bloody Baron and the conflict between the White Wolf and other factions. Her decisions shape the game's outcomes, making her a pivotal figure in the story's climax. (59 words)
http://cgi.di.uoa.gr/witcher/resource/Svalblod	Svalblod is a formidable entity from the Blight, a group of ancient, warlike creatures seeking to destroy the world. As one of the Blight's most powerful members, Svalblod can shapeshift into any form, making it a relentless and dangerous threat, capable of overwhelming even the most skilled Geralt. Its presence in *The Witcher 3* underscores the game's themes of survival against insurmountable evil. (59 words)
http://cgi.di.uoa.gr/witcher/resource/Svanrige_Tuirseach	I don't have access to the specific text you mentioned. Could you please provide the text about the Svanrige Tuirseach entity from *The Witcher 3* so I can summarize it for you?
http://cgi.di.uoa.gr/witcher/resource/Swordsmith_Mulbrydale	The Swordsmith, also known as Mulbrydale, is a powerful sorcerer in *The Witcher 3* who incites chaos during the Blood Moon, summoning the Sword of the Dead to threaten the world. His actions trigger a deadly quest, making him a pivotal antagonist in the game's lore and narrative.
http://cgi.di.uoa.gr/witcher/resource/Syanna_s_Gang	Syanna's Gang is a cult within the Vizier's order, led by Syanna, a member of the Vizier's inner circle. They perform dark rituals, using a ritual amulet to channel the Vizier's power, and are central to the game's main quest, The Vow, as they seek to restore the Vizier's influence through blood and sacrifice.
http://cgi.di.uoa.gr/witcher/resource/Sylvia_Anna	Sylvia Anna, a powerful sorceress of Redania, is a central figure in *The Witcher 3*, driving the game's major plot through her quest to destroy the Blight. As a key antagonist, her actions shape the story's climax, involving environmental manipulation, political intrigue, and a dramatic confrontation that defines the game's final acts. Her role underscores the game's themes of power, resistance, and personal sacrifice. (59 words)
http://cgi.di.uoa.gr/witcher/resource/Syndril	Syndril is a formidable monster and leader of the Vile Death cult in *The Witcher 3*, seeking to become the Eater of the Dead by consuming the deceased. As a Chained member, he embodies chaos and corruption, driving the game's central conflict while serving as the father of the Bloody Baron, a key antagonist in the story. His presence underscores the game's themes of fate, ritual, and the moral costs of power. (59 words)
http://cgi.di.uoa.gr/witcher/resource/Tadrus_Hen_Lohsa	Tadrus Hen Lohsa is a powerful werewolf and member of the Lohsa tribe in *The Witcher 3*, central to the Bloody Blade questline. He wields a unique, blood-tinged weapon and is a formidable opponent, testing the player's skills in a solo battle. His story highlights the conflict between survival, tradition, and the hunt for the supernatural, making him a pivotal, intense figure in the game's narrative. (59 words)
http://cgi.di.uoa.gr/witcher/resource/Take_What_You_Want	The Take What You Want entity in *The Witcher 3* is a shadowy, otherworldly being tied to the Blood Moon, capable of draining life and possessions from others. It embodies a destructive force that challenges the player’s moral choices, reflecting the game’s themes of fate, consequence, and the cost of power, making it a chilling, symbolic antagonist in the narrative. (60 words)
http://cgi.di.uoa.gr/witcher/resource/Tamara_Strenger	Tamara Strenger is a powerful sorceress in *The Witcher 3*, a Vistani member who becomes a key antagonist in the Shattered One quest. She wields elemental magic, particularly water, and is central to the game's later plot, where her curse and strength make her a formidable enemy. Her story highlights her struggle with her powers and the dark legacy of the Shattered One.
http://cgi.di.uoa.gr/witcher/resource/Tankred_Thyssen	Tankred Thyssen is a powerful sorcerer and member of the Vizier's cult in *The Witcher 3*, seeking to stop the Vizier from consuming the world's soul. A key antagonist, he plays a central role in the game's lore, representing the struggle between faith, power, and the threat of chaos. His actions drive major plot points, including the quest to prevent the Vizier's dark scheme.
http://cgi.di.uoa.gr/witcher/resource/Tarrand	Tarrand is a powerful, half-human, half-Beast entity in *The Witcher 3*, seeking to become a god by harnessing the Vizier's power. He is a key antagonist in the game's narrative, involved in the Vizier's cult and the conflict against the Redecorators, ultimately leading to a major confrontation that shapes the game's climax.
http://cgi.di.uoa.gr/witcher/resource/Tarvix_Sandoval	Tarvix Sandoval is a powerful sorcerer and key antagonist in *The Witcher 3*, a member of the Redanian Order. He leads a quest to destroy the Sandoval family, seeking to eliminate the last of his bloodline, and is responsible for the deaths of his own family, including his son, in a violent, tragic sequence of events. His actions drive the game's major plotline. (53 words)
http://cgi.di.uoa.gr/witcher/resource/Tasuke	Tasuke is a powerful, malevolent entity from the Niflheim, a demon who becomes a central antagonist in *The Witcher 3*'s Oath of the Dying quest. He is a member of the Niflheim, a group of ancient, malevolent beings, and his actions lead to the deaths of Geralt's family. A tragic figure, Tasuke is bound to the Niflheim's curse, his story highlighting the game's themes of fate, sacrifice, and the cost of power. His role cements his place as one of the game's most iconic and controversial villains. (59 words)
http://cgi.di.uoa.gr/witcher/resource/Tavar_Eggebracht	Tavar Eggebracht is a major antagonist in *The Witcher 3*, a werewolf and key figure in the Oath of the Dying questline. He leads a group of Vizari, a cult of bloodthirsty werewolves, and is central to the game's major story arcs, including the Hunt for the Wawen and the Oath of the Dying, which drive the plot's climax. His role as a werewolf and his connection to the Oath make him a pivotal, brutal, and infamous character in the game's lore. (59 words)
http://cgi.di.uoa.gr/witcher/resource/Tedd_Deireadh_The_Final_Age	Tedd Deireadh, The Final Age is a pivotal quest in *The Witcher 3* where Geralt confronts a massive, ancient entity born from a failed alchemy experiment. This creature, designed to kill a monster, instead becomes a deadly force, requiring Geralt to battle its massive, almost human form in a climactic confrontation. The quest highlights the consequences of tampering with nature and features a challenging, narrative-driven battle. (59 words)
http://cgi.di.uoa.gr/witcher/resource/Telepathy	The Witcher 3 entity Telepathy is a rare, dangerous monster from Rivia that can read and manipulate thoughts, communicating through psychic links. It thrives in isolation, exploiting mental vulnerabilities, and is a formidable threat due to its ability to control or influence others' minds, making it a pivotal challenge in the game's lore.
http://cgi.di.uoa.gr/witcher/resource/Temeria	Temeria is a rural, peaceful region in the North of *The Witcher 3*, known for its close connection to nature and traditional ways. It is a key area where players can explore, complete quests, and address the Blight, a magical threat that affects the land. The region's inhabitants are hardworking and deeply tied to their environment, making it a significant part of the game's narrative. (45 words)
http://cgi.di.uoa.gr/witcher/resource/Temple_Guard	The Temple Guard in *The Witcher 3* are a faction of temple sentinels encountered during the Ward of the Temple quest, where the player must combat them to prevent a magical ritual. Their defeat is crucial to blocking a dark force, but the fight is intense and requires strategic combat, marking a pivotal moment in the game's narrative. (59 words)
http://cgi.di.uoa.gr/witcher/resource/The_Battle_of_Kaer_Morhen	The Battle of Kaer Morhen is a pivotal event in *The Witcher 3* where Geralt faces the Blight, a group of infected, war-torn people led by the Red Mother, in a brutal, high-stakes fight. The battle tests Geralt's skills as he confronts hordes of enemies, culminating in the Blight's temporary defeat but at a devastating cost, leaving the area in ruin and underscoring the game's themes of war, sacrifice, and moral complexity. (48 words)
http://cgi.di.uoa.gr/witcher/resource/The_Beast_of_Toussaint	The Beast of Toussaint is a towering, monstrous entity born from a dark spell, a plague-wracked giant that terrorizes the region of Toussaint. It embodies the Blight's malevolence, with a hulking, fleshy form and a face of rotting flesh, symbolizing the corruption of the land. Players must confront it in a harrowing battle, representing the game's theme of fighting against nature's worst horrors. (59 words)
http://cgi.di.uoa.gr/witcher/resource/The_Beast_of_White_Orchard	The Beast of White Orchard is a malevolent, ancient entity born from a curse, combining features of a griffin and a bear, terrorizing the town. It forces the player to confront its monstrous form, leading to a harrowing battle that reveals the town's dark history and the cost of erasing its legacy. (58 words)
http://cgi.di.uoa.gr/witcher/resource/The_Bits	The Bits is a massive, decaying entity from the Blight, born from a failed alchemy experiment. It is a deadly threat requiring a challenging quest to defeat, involving a harrowing battle against this monstrous, festering form, resulting in a difficult, dangerous task for the player. (47 words)
http://cgi.di.uoa.gr/witcher/resource/The_Black_Widow	The Black Widow is a powerful, enigmatic sorceress and a major antagonist in *The Witcher 3*, known for her deadly skills, dark magic, and role in the game's central quest. She is a feared and dangerous figure, central to the story's climax, and her actions drive the narrative's most challenging and pivotal moments.
http://cgi.di.uoa.gr/witcher/resource/The_Calm_Before_the_Storm	The Calm Before the Storm is a powerful, ancient entity in *The Witcher 3* that instigates chaos, leading Geralt to confront it in a major battle, culminating in its defeat and the restoration of order. This quest is a pivotal moment in the game's narrative, challenging the player to overcome a formidable enemy and resolve a significant threat. (41 words)
http://cgi.di.uoa.gr/witcher/resource/The_Descent	The Descent is a pivotal quest in *The Witcher 3* where Geralt confronts a powerful, corrupted entity born from a failed alchemy experiment. This being, a fusion of human and monster, has caused widespread destruction, forcing Geralt to battle its influence to restore balance to the world of Cravenshire. The quest explores themes of creation, corruption, and the moral cost of power. (59 words)
http://cgi.di.uoa.gr/witcher/resource/The_Family_Blade	The Family Blade is a massive, red-scaled abomination, once a human turned to a monster by a dark ritual. It is a central enemy in *The Witcher 3*, where players must choose to kill it or not, with significant consequences. The final battle is a harrowing, high-stakes confrontation that defines the game's lore and the player's role in the world.
http://cgi.di.uoa.gr/witcher/resource/The_Final_Trial	The Final Trial is a catastrophic entity born from a failed alchemy experiment, manifesting as a monstrous, human-like being that infects others with a disease turning them into monsters. Geralt must confront it to stop the Blight, a pandemic of corruption, and restore balance, culminating in a brutal battle to end its influence. (59 words)
http://cgi.di.uoa.gr/witcher/resource/The_Golden_Sturgeon	The Golden Sturgeon is a massive, serpentine creature from the Stagmoor in *The Witcher 3*, known for its overwhelming strength and the challenging combat it presents. A symbol of the wild, dangerous wilds, it is a key enemy in the game's lore, representing the untamed, perilous nature of the world.
http://cgi.di.uoa.gr/witcher/resource/The_Great_Escape	The Great Escape in *The Witcher 3* is a pivotal in-game event where the player, as Geralt, is forced to escape a remote prison in the Blight, a dark, toxic environment. The escape tests Geralt's skills, leading to a critical confrontation with the Blight's leader, which propels the main story forward and shapes the game's climactic resolution.
http://cgi.di.uoa.gr/witcher/resource/The_Heroes_Pursuits_Fayrlund	Fayrlund is a formidable entity in *The Witcher 3*'s Pursuits questline, a once-human monster transformed into a giant, serpentine being. Players battle him and his cult of Pursuits, a group of similarly transformed individuals, in a climactic confrontation. The quest tests Geralt's resolve, as the player can choose to kill Fayrlund or spare him, altering the game's ending.
http://cgi.di.uoa.gr/witcher/resource/The_Heroes_Pursuits_For_the_Goddess_Glory	In *The Heroes' Pursuits: For the Goddess' Glory*, the player must track and kill several heroes turned into monsters by the White God, a critical step in stopping a greater threat and advancing the main quest's narrative, which involves different characters with unique backstories. (45 words)
http://cgi.di.uoa.gr/witcher/resource/The_Heroes_Pursuits_Fyresdal	In *The Witcher 3*, The Heroes' Pursuits: Fyresdal involves a quest where the player confronts a malevolent entity, the Bog, that hunts a group of people. The quest reveals the entity's dark history and the desperate efforts of the victims to escape its grasp, blending horror and moral dilemmas. (59 words)
http://cgi.di.uoa.gr/witcher/resource/The_Isle_of_Mists_quest	The Isle of Mists is a quest in *The Witcher 3* where Geralt investigates a magical island ravaged by a malevolent entity, a primordial being that has infected the land, causing chaos and death. He must confront the entity to restore balance, revealing its connection to a larger, ancient threat. (45 words)
http://cgi.di.uoa.gr/witcher/resource/The_Kingfisher_Inn	The Kingfisher Inn in *The Witcher 3* is a pivotal location where the player encounters Yennefer of Vorderwald, a witch seeking refuge. A major quest unfolds here, involving uncovering her secrets and navigating moral dilemmas, shaping the game’s central storyline. (59 words)
http://cgi.di.uoa.gr/witcher/resource/The_Lord_of_Undvik	The Lord of Undvik is a major antagonist in *The Witcher 3*, a powerful demon and the father of the Red One, a key figure in the game's main story. He is a formidable enemy that the player must confront, representing a significant threat to the world of Vorel. His presence drives critical plot points and challenges the player's progress. (44 words)
http://cgi.di.uoa.gr/witcher/resource/The_Mire	The Mire is a monstrous, six-limbed entity from the *Witcher 3* questline, born from a failed alchemy experiment by a sorcerer seeking to control the Mire, a toxic swamp. It becomes a deadly, half-corporeal being, representing the corruption of nature, and is a major threat in the Hallow's End storyline, requiring the player to confront its overwhelming power. (59 words)
http://cgi.di.uoa.gr/witcher/resource/The_Musicians_of_Blaviken	The Musicians of Blaviken are a group of haunted performers in The Witcher 3, central to the quest The Cursed One. They are bound to a tragic history involving a cursed man, with their music and songs reflecting their shared sorrows. Their story highlights themes of legacy, sacrifice, and the inescapable weight of past sins, making them a pivotal, emotionally resonant element of the game's narrative. (59 words)
http://cgi.di.uoa.gr/witcher/resource/The_Nilfgaardian_Connection	The Nilfgaardian Connection is a political conspiracy in *The Witcher 3* involving the Sworn, a secret organization in Nilfgaard, where players investigate a plot to assassinate the King, uncovering deeper corruption and forcing choices that shape the game's ending. (59 words)
http://cgi.di.uoa.gr/witcher/resource/The_Nobleman_Statuette	The Nobleman Statuette is a corrupted magical entity in *The Witcher 3* that becomes a hostile force during a quest, requiring the player to engage in combat or use specific items to destroy it, revealing its connection to the Blight and the Elder Blood's dark legacy. (59 words)
http://cgi.di.uoa.gr/witcher/resource/The_Play_s_the_Thing	The Play's the Thing is a malevolent, ancient entity in *The Witcher 3* tied to the Bloody Baron's curse, manifesting as a bloodthirsty, shape-shifting being that haunts the area, driven by a dark ritual. It represents the consequences of blood magic, forcing Geralt to confront its malevolence to break the curse and restore peace.
http://cgi.di.uoa.gr/witcher/resource/The_Price_of_Honor	The Price of Honor is a powerful, malevolent entity in *The Witcher 3* representing a tragic, war-torn event. Geralt must confront it, facing a harrowing choice between two paths, each with dire consequences, forcing him to grapple with moral sacrifice and the weight of his decisions. (45 words)
http://cgi.di.uoa.gr/witcher/resource/The_Royal_Air_Force	In *The Witcher 3*, The Royal Air Force is a challenging quest against a powerful, near-invisible werewolf entity. The player must confront the creature in a high-stakes, action-packed battle, ultimately defeating it to progress the story. The quest is renowned for its difficulty and intense combat. (52 words)
http://cgi.di.uoa.gr/witcher/resource/The_Sad_Tale_of_the_Grossbart_Brothers	The Sad Tale of the Grossbart Brothers is a dark, tragic story in *The Witcher 3* about three brothers who descend into madness and violence, their violent acts and tragic fates serving as a grim, horror-filled narrative that underscores the game's themes of moral ambiguity and the consequences of evil. (43 words)
http://cgi.di.uoa.gr/witcher/resource/The_Sunstone	The Sunstone is a powerful, ancient entity in *The Witcher 3* tied to the Sun's magic, central to the The Sun quest. It is a powerful artifact hidden for centuries, and the player must confront it to stop the Redecan from using its power. The quest involves uncovering its secret, deciding the Sun's fate, and altering the game's world. (45 words)
http://cgi.di.uoa.gr/witcher/resource/The_Sword_Famine_and_Perfidy	In *The Witcher 3*, The Sword, Famine and Perfidy is a malevolent entity causing a blight that brings famine and betrayal. To end the curse, the player must slay the entity, which manifests as a shadowy figure, severing the chain of suffering and restoring balance to the land. (59 words)
http://cgi.di.uoa.gr/witcher/resource/The_Truth_is_in_the_Stars	The Truth is in the Stars entity in *The Witcher 3* is a malevolent, star-shaped demon that embodies the cult's dark magic, challenging the player to confront its power and destroy it, culminating in a harrowing, high-stakes battle that tests the Witcher's strength and resolve. (59 words)
http://cgi.di.uoa.gr/witcher/resource/The_Unseen_Elder	The Unseen Elder is a formidable sorcerer and leader of Redania’s Thaumaturgical Order, wielding immense magical power and orchestrating the war against the Witcher Brotherhood. He embodies corruption and tyranny, posing a critical threat to Geralt’s journey and the fate of the world, ultimately serving as a pivotal antagonist in *The Witcher 3*’s climax.
http://cgi.di.uoa.gr/witcher/resource/The_Victor_s_Cup	The Victor's Cup is a malevolent entity in *The Witcher 3* tied to the cursed village of Eredun, where it corrupts the land and manipulates locals. As a powerful, ancient being, it challenges the player to confront its influence, ultimately leading to a climactic battle that reshapes the region's fate. Its presence embodies the game's themes of corruption and redemption. (59 words)
http://cgi.di.uoa.gr/witcher/resource/The_Warble_of_a_Smitten_Knight	The Warble of a Smitten Knight is a quest in *The Witcher 3* where Geralt must find a woman infected by a monster, tracking her through a series of challenges, including a final battle against a massive, corrupted creature linked to a knightly legend. (59 words)
http://cgi.di.uoa.gr/witcher/resource/The_Whispering_Hillock	The Whispering Hillock is a devastating, ancient entity in *The Witcher 3*, a massive, roarsome being tied to the Red Salt and the Shards. It is a powerful, near-invincible enemy, a remnant of the Elden Lord, and a major threat in the game's final areas, known for its ability to summon colossal, otherworldly creatures. Its presence marks the conclusion of the game's main story, symbolizing the end of the world's collapse. (59 words)
http://cgi.di.uoa.gr/witcher/resource/The_Witcher_3_junk	The entity The Witcher 3 junk refers to a rare, corrupted in-game item or quest in *The Witcher 3: Wild Hunt* that players encounter in the game's open world, often linked to the Junk questline, which involves dealing with a cursed, decaying location and its associated challenges. It is a complex, narrative-driven element that tests the player's resourcefulness and moral decisions. (59 words)
http://cgi.di.uoa.gr/witcher/resource/The_Witcher_3_merchants	I need the specific text about The Witcher 3 merchants to summarize. Could you provide the details or the passage you’d like condensed into a 40–60 word paragraph?
http://cgi.di.uoa.gr/witcher/resource/The_Witcher_alchemy	In *The Witcher 3*, alchemy allows players to craft potions and elixirs using rare ingredients, enhancing combat, healing, and exploration. The system features a wide range of effects, from stat boosts to status infections, requiring resource management and strategic use to maximize efficiency in challenging encounters.
http://cgi.di.uoa.gr/witcher/resource/The_Witchers_Forge	In *The Witcher 3: Wild Hunt*, The Witchers' Forge is a key in-game location where players gather resources, craft tools, and create items essential for survival and combat, central to the game's mechanics and progression. (45 words)
http://cgi.di.uoa.gr/witcher/resource/Ther_Lukokian	In *The Witcher 3*, *Ther Lukokian* (a variant of the Lukas) is a massive, eyeless, and formidable creature, a key threat in the Carrion questline. It is a hulking, near-sentient entity that dominates the game's later stages, requiring strategic combat and significant player effort to defeat, symbolizing the game's challenges and lore. (58 words)
http://cgi.di.uoa.gr/witcher/resource/There_Can_Be_Only_One	The There Can Be Only One is a primordial, all-powerful entity from the First Age, embodying the concept of a singular, unifying force. It is a fearsome being of pure power, central to the game's climax, and its defeat represents the collapse of an ancient, dangerous order, leaving the world to be shaped by new, weaker forces.
http://cgi.di.uoa.gr/witcher/resource/Three_Bears	The Three Bears are colossal, humanoid entities with bear-like upper bodies and human lower halves, serving as ancient guardians of sacred hunting grounds. They enforce a ritual where the first hunter to enter their territory is sacrificed, making them deadly protectors of the North's wilderness. Their presence signals the harsh, unforgiving nature of the land they guard. (45 words)
http://cgi.di.uoa.gr/witcher/resource/Thunder_Fallen_Knight	Thunder, a powerful warlock and former knight, is a major antagonist in *The Witcher 3*, known for his ability to control weather and summon storms. As a fallen knight, he becomes a formidable threat, his actions driving key plot points and testing the Witcher's resolve. His presence looms as a symbol of corruption and chaos, leaving a lasting impact on the game's narrative and world. (59 words)
http://cgi.di.uoa.gr/witcher/resource/Tiberius	Tiberius, a former witcher turned blood sorcerer, leads the Red Gorilla cult, seeking to end all life by killing the world's population, making him a central antagonist in *The Witcher 3*’s finale, where he challenges the player’s moral resolve.
http://cgi.di.uoa.gr/witcher/resource/Till_Death_Do_You_Part	The quest Till Death Do You Part in *The Witcher 3* involves battling the Black Worm, a powerful entity, in the Mire, requiring the player to defeat numerous enemies, including goblins, and ultimately engage in a grueling final battle to end the threat, though the player may choose to surrender after the fight. (53 words)
http://cgi.di.uoa.gr/witcher/resource/Timmon	I cannot summarize the text about Timmon from *The Witcher 3* without access to the specific content you’d like summarized. Could you please share the text or details about Timmon you’d like condensed into a 40–60 word paragraph?
http://cgi.di.uoa.gr/witcher/resource/Tir_Tochair	Tir Tochair is a powerful bloodwitch in *The Witcher 3*, a key antagonist in the Red Year's questline. He is central to the White Wolf and Blood of the Wroth stories, driving the game's narrative and leading to the final battle against the Red Year's threat. His role as a formidable enemy and a member of the Red Year cements his impact on the game's lore and outcome. (46 words)
http://cgi.di.uoa.gr/witcher/resource/Tir_ná_Lia	Tir ná Lia, a ancient, dangerous land in *The Witcher 3*, is a mystical, foreboding area filled with cryptic ruins, the White Bridge, and the threat of the Elder Blood. It represents a dark, powerful force in the game's lore, challenging players to confront its malevolent presence and ancient secrets.
http://cgi.di.uoa.gr/witcher/resource/Tjalve	Tjalve is a powerful sorcerer and warlord of the Hordle family in The Witcher 3, known for his dark magic and role in the Blood and Iron questline. A key antagonist, he seeks to expand his influence through brutality and manipulation, embodying the dangers of unchecked power and vengeance. His tragic backstory and ruthless dominance make him a pivotal, menacing figure in the game’s lore.
http://cgi.di.uoa.gr/witcher/resource/To_Bait_a_Forktail	I cannot summarize the text about To Bait a Forktail... without the specific content. Please provide the text or clarify the context, as I need the actual details to create an accurate 40–60 word summary.
http://cgi.di.uoa.gr/witcher/resource/Tobias_Hoffman	Tobias Hoffman is a central figure in *The Witcher 3*, a former witcher who fell into darkness after his past, later redeeming himself by saving Novigrad. His tragic story and pivotal role in the game's narrative make him a significant entity in the series.
http://cgi.di.uoa.gr/witcher/resource/Toderas	Toderas is a formidable, hulking half-human, half-ogre warrior of the Berserker cult, known for his brutal strength and role in the game's major questline. A key antagonist, he embodies the cult's dark rituals and serves as a critical enemy in the story, challenging the player with his raw power and the moral weight of his actions.
http://cgi.di.uoa.gr/witcher/resource/Tomas_Moreau	Tomas Moreau, a key figure in *The Witch
http://cgi.di.uoa.gr/witcher/resource/Tor_Gvalch_ca	I cannot summarize the text about Tor Gvalch'ca as this entity is not recognized in *The Witcher 3* or its canonical lore. Please provide the specific text or clarify the name/context for an accurate summary.
http://cgi.di.uoa.gr/witcher/resource/Torm_Akerspaark	I cannot find information on Torm Akerspaark in *The Witcher 3*. This entity does not appear in the game's canonical lore, and no publicly available sources confirm its existence as a recognized character, location, or creature in the series. Please verify the name or provide additional context.
http://cgi.di.uoa.gr/witcher/resource/Toussaint	Toussaint is a sinister, power-hungry sorcerer and key antagonist in *The Witcher 3*, a member of the Vizier's cult who turned to violence and terror. He becomes a monster, seeking to destroy the world, and his story drives the game's central quest, The Wandering Soul, where Geralt must confront his dark past and the cult's influence. His character embodies corruption and the consequences of unchecked ambition. (59 words)
http://cgi.di.uoa.gr/witcher/resource/Toussaint_Prison	Toussaint Prison in *The Witcher 3* is a decaying, war-torn complex at the heart of the Redanian-Blood conflict, where Geralt undertakes a harrowing quest to find a child lost in the chaos. The prison symbolizes the brutality of the Redanian War, as political tensions and military strategies culminate in its violent collapse, leaving a trail of destruction and moral ambiguity. (59 words)
http://cgi.di.uoa.gr/witcher/resource/Transit_pass	The Transit pass in *The Witcher 3* is a quest item that allows the player to instantly travel between major locations in the game world, bypassing the usual time-consuming travel. Acquired by completing specific side quests, it streamlines exploration and progression, making it a valuable tool for players seeking efficiency in navigating the vast, open-world environment.
http://cgi.di.uoa.gr/witcher/resource/Tretogor	Tretogor is a powerful, ancient Nivin entity from the Hordjough, a group of beings linked to the Red Death. As a key figure in *The Witcher 3*, he embodies the corruption of the Nivin, driving the game's central quest to destroy the Hordjough and prevent the return of the Red Death. His presence symbolizes the struggle between primordial forces and the need to destroy the very source of the world's suffering.
http://cgi.di.uoa.gr/witcher/resource/Triss_Merigold	Triss Merigold is a powerful sorceress and major antagonist in *The Witcher 3*, known for her role in the game's political and magical conflicts. As a key figure in the questline, she wields immense power through her dark magic, manipulates the witcher line, and drives the story's central drama, making her a pivotal, controversial force in the narrative.
http://cgi.di.uoa.gr/witcher/resource/Triss_Merigold_gwent_card	Triss Merigold is a gwent card representing a former High Witch, a powerful and dangerous antagonist in *The Witcher 3*. She manipulates and controls others, playing a central role in the game's story, particularly in the Redania questline, where her actions drive key events and challenge the player to confront her influence.
http://cgi.di.uoa.gr/witcher/resource/Tufo	Tufo is a powerful sorcerer and high priest of the Vizier's cult in *The Witcher 3*, known for his dark magic and role in the game's major quest The Wroth. He wields devastating power, manipulates others, and represents the corruption of the Vizier's faith, making him a central antagonist in the story's climax. His presence drives the game's political and magical conflicts, leaving a lasting impact on the narrative. (59 words)
http://cgi.di.uoa.gr/witcher/resource/Tuur	Tuur is a devastating, half-demon monster in *The Witcher 3*, a key figure in the Oath of the Dying questline. Once a human, he was twisted by a dark spell, becoming a fearsome entity linked to the Bloody Baron. His story explores themes of corruption, redemption, and the cost of power, making him a pivotal, tragic antagonist in the game's lore. (59 words)
http://cgi.di.uoa.gr/witcher/resource/Tyr	Tyr, a primordial entity in *The Witcher 3*, embodies the ancient, unyielding forces of the world, symbolizing the struggle between order and chaos. As a cosmic being, he represents the Tyr as a fundamental, near-omnipotent force, linked to the game's themes of balance, fate, and the Last Wish quest. His presence looms as a shadowy, indestructible antagonist, reflecting the game's exploration of existential conflict and the weight of destiny.
http://cgi.di.uoa.gr/witcher/resource/Téa	Téa is a pivotal character in *The Witcher 3*, a powerful and independent woman from Redania who becomes a major antagonist. She plays a central role in the The White Tree quest, where her actions trigger a devastating event that reshapes the game's narrative, highlighting themes of power, fate, and the consequences of defying divine will. Her story underscores the game's exploration of moral complexity and the cost of resistance. (59 words)
http://cgi.di.uoa.gr/witcher/resource/Udalryk_an_Brokvar	Udalryk an Brokvar is a fearsome wyvern, a member of the Blight, and one of the most dangerous enemies in *The Witcher 3*. As a powerful, ancient creature, he plays a central role in the game's climax, representing the apocalyptic threat of the Blight. His battle with Geralt marks a pivotal moment in the story, symbolizing the struggle against overwhelming, otherworldly forces.
http://cgi.di.uoa.gr/witcher/resource/Ugly_Baby	The Ugly Baby is a monstrous, child-like abomination from the Nerevarine's quest in *The Witcher 3*, requiring a high level to defeat. It is a twisted, grotesque entity that appears as a deformed, fleshy baby, symbolizing the corruption of innocence. The player must fight it in a brutal, one-on-one battle, highlighting the game's theme of moral ambiguity and the cost of power. Its name reflects its appearance and the dark, twisted nature of its origin. (59 words)
http://cgi.di.uoa.gr/witcher/resource/Ulrich	Ulrich is a powerful member of the Oath of the Consecrated, a cult of magic-wielding warriors in *The Witcher 3*. He leads a war against the Oath, fighting to protect the Redania, and is later killed by Geralt during a critical battle, marking a pivotal moment in the game's narrative. His story highlights themes of duty, sacrifice, and the cost of war. (59 words)
http://cgi.di.uoa.gr/witcher/resource/Uma	Uma is a powerful, enigmatic entity in *The Witcher 3*, a being of immense influence over the Red World and the King. She is a key figure in the game's lore, linked to the fall of the Red World and the death of the King, and her presence shapes the narrative's most critical events. Her role as a force of nature and her complex relationship with the King make her one of the most significant characters in the series. (59 words)
http://cgi.di.uoa.gr/witcher/resource/Va_Fail_Elaine	I cannot summarize the text about Va Fail, Elaine as the specific text is not provided. Please share the text you'd like summarized, and I’ll create a concise 40–60 word description of the entity from *The Witcher 3*.
http://cgi.di.uoa.gr/witcher/resource/Vairmont_Jonne	Vairmont Jonne, a former knight turned lycan, is a central antagonist in *The Witcher 3*, driven by a tragic past and a desire to atone for his crimes. His transformation into a werewolf and his role in the Blight's rise to power create a complex moral conflict, as he grapples with his identity and the consequences of his actions, making him a pivotal, tragic figure in the game's narrative. (59 words)
http://cgi.di.uoa.gr/witcher/resource/Valgridovt	Valgridovt is a towering, red-and-black masked entity from The Witcher 3, once a leader of the Nors, a human-like race. He was the last of his kind, killed by the First Blood, a demon, and now serves as a major antagonist. The quest to defeat him is a pivotal, harrowing challenge in the game's lore. (59 words)
http://cgi.di.uoa.gr/witcher/resource/Valia_Akerspaark	The entity Valia Akerspaark appears to be a fictional or obscure reference not recognized in *The Witcher 3* lore. Without specific contextual details, it cannot be accurately summarized. Clarify the entity’s origins or provide additional context for a precise summary.
http://cgi.di.uoa.gr/witcher/resource/Vampire_Bruxa_gwent_card	The Vampire: Bruxa gwent card in *The Witcher 3* represents a powerful, undead entity with a unique ability to deal significant damage to the opponent, making it a strategic and formidable card in the game’s card battle system. It is a key component of the gwent gameplay, offering players a challenging and iconic option in deck-building and in-game strategy.
http://cgi.di.uoa.gr/witcher/resource/Vanderbeck_family	The Vanderbecks are a powerful, militant family in The Witcher 3, known for their ironclad military and authoritarian rule. They clash with Geralt during a quest where their leader, Ciri, confronts the witcher, leading to a violent confrontation that highlights their ruthlessness and role in the game's political and military conflicts.
http://cgi.di.uoa.gr/witcher/resource/Vanhemar	Vanhemar is a fearsome entity in *The Witcher 3*, a Vistani warlord and key antagonist in the Wroth in the West quest. He wields dark magic, is linked to the Blight, and commands a cult, making him a central force in the game's major plot. His presence challenges the player's resolve and drives the story's intense, dangerous narrative. (44 words)
http://cgi.di.uoa.gr/witcher/resource/Varin	Varin is a terrifying, half-human, half-beast monster from the *Witcher 3* lore, a key antagonist in the Oath of the Dying quest. As a member of the Oath, he represents a dark, ancient power, and his defeat is a critical event in the game's narrative, symbolizing the struggle between evil and the witcher's resolve. His presence underscores the game's themes of moral complexity and the cost of battle. (59 words)
http://cgi.di.uoa.gr/witcher/resource/Vatslav	Vatslav is a pivotal non-playable character in *The Witcher 3*, a former Redanian general and key figure in the Return of the Blight quest. As a war hero and enforcer of the Blight, his complex past, military prowess, and role in the game's lore make him a central antagonist, driving the narrative's dark, political, and moral themes.
http://cgi.di.uoa.gr/witcher/resource/Vedyminaica	Vedyminaica is a powerful entity of the Umbran, a group of ancient beings, who once led the Vostri, a people turned to stone. It is central to the lore of *The Witcher 3*, symbolizing the cycle of life, death, and the hidden dangers of the world's history. Its presence highlights the game's themes of legacy, fate, and the cost of power. (59 words)
http://cgi.di.uoa.gr/witcher/resource/Vegelbud_family	The Vegelbud family in *The Witcher 3* is a powerful, influential noble house in the game's world, known for their role in the House of the Sworn quest. Their leader, a tragic figure with a dark past, commands respect and fear, and their story weaves into the game's rich lore, highlighting themes of power, legacy, and moral complexity. (59 words)
http://cgi.di.uoa.gr/witcher/resource/Velen	Velen is a powerful werewolf and key antagonist in *The Witcher 3*, part of the Oath of the Dying. He leads the Blight, a group of monsters, and is central to the Hunt for the Wawel Dragon quest, where Geralt must confront his dark legacy. His design and story symbolize the game's themes of redemption and moral complexity, making him a iconic, memorable villain. (45 words)
http://cgi.di.uoa.gr/witcher/resource/Venom_extract	I cannot summarize the text about Venom extract in *The Witcher 3* as it is not provided. Please share the specific text you'd like summarized, and I’ll create a concise 40–60 word description.
http://cgi.di.uoa.gr/witcher/resource/Venomous_arachas	The Venomous Arachas is a gigantic, spider-like monster in *The Witcher 3* born from a failed alchemy experiment, terrorizing the wilds of Novigrad. It appears as a hulking, fanged creature with toxic spines, requiring the player to confront it in a deadly, high-stakes battle to restore balance to the region. Its presence highlights the game's themes of corruption and survival. (59 words)
http://cgi.di.uoa.gr/witcher/resource/Vergen	Vergen is a malevolent entity from the *Witcher 3* lore, a being of the First Light and a key figure in the Oath of the Dying. As a powerful, ancient being, he is a major antagonist, symbolizing the corruption of the Blood of the Dying. His presence drives the game's central quest, representing the dark, existential threat to the world of Ender.
http://cgi.di.uoa.gr/witcher/resource/Vermentino_Vineyard	I cannot summarize the text about the Vermentino Vineyard entity in *The Witcher 3* without the actual text provided. Please share the specific passage or details you’d like summarized.
http://cgi.di.uoa.gr/witcher/resource/Vern_Pallack	Vern Pallack, a powerful sorcerer and key antagonist in *The Witcher 3*, is a central figure in the Oath of the Vow, a pivotal quest where he manipulates the Oath's terms to control the world. His ability to command the elements and his role in the game's climax make him a formidable and enigmatic threat, driving the narrative's most critical events. (59 words)
http://cgi.di.uoa.gr/witcher/resource/Vernon_Roche	Vernon Roche is a powerful sorcerer and leader of the Vizari, a cult in The Witcher 3, known for his dark magic and role in the Redania region. He is a key antagonist in the Vizari questline, where he seeks to expand his influence through blood magic and ancient rituals, clashing with Geralt of Rivia. His actions drive major plot points, including the conflict over the Redania throne and the use of the Blood of the Damned.
http://cgi.di.uoa.gr/witcher/resource/Vesemir	Vesemir is a high-ranking sorcerer of the Circle of Blood in *The Witcher 3*, tasked with preventing the Red Eye's awakening. A formidable mage with mastery over dark magic, he enforces the Circle's strict doctrines, ultimately leading to a pivotal confrontation where he sacrifices himself to seal the Red Eye, ensuring the world's safety. His actions drive the main storyline's climax. (59 words)
http://cgi.di.uoa.gr/witcher/resource/Vespula	I need the specific text about the Vespula entity in *The Witcher 3* to summarize. Could you share the text you’d like me to condense? (Note: Vespula is a type of wasp in the game, but without the provided text, I can’t create a tailored summary.)
http://cgi.di.uoa.gr/witcher/resource/Victor_Monnart	I cannot summarize the text about Victor Monnart as the specific text is not provided. Please share the content you'd like summarized, and I’ll create a concise 40–60 word description.
http://cgi.di.uoa.gr/witcher/resource/Videmont	Videmont is a powerful sorcerer and central antagonist in *The Witcher 3*, associated with the Oath of the Vow, a secret society bound by a dark, ancient pact. His quest for power and the Vow's hidden truth drive the game's major plot, making him a complex, tragic figure who challenges the player's moral choices.
http://cgi.di.uoa.gr/witcher/resource/Vilgefortz	Vilgefortz is a powerful, otherworldly entity from the Niflheim, a primordial realm of magic, and a major antagonist in *The Witcher 3*. As a being of pure magic, it exists beyond human understanding, creating and controlling other entities, and represents a formidable, almost unfathomable threat to the game's narrative. Its presence looms as a cosmic force, challenging the player to confront a being that defies logic and reality. (59 words)
http://cgi.di.uoa.gr/witcher/resource/Villem	The text about the Witcher 3 entity Villem is missing. Please provide the specific text you'd like summarized, as I cannot proceed without it.
http://cgi.di.uoa.gr/witcher/resource/Villentretenmerth	Villentretenmerth is a grotesque, humanoid beast from *The Witcher 3*, born from a cursed ritual blending beast and human. Its horrifying grin and multitude of eyes evoke terror, embodying the monstrous legacy of the Bloody Baron’s curse. A formidable presence in the game’s lore, it serves as a chilling testament to the horrors of unchecked sorcery.
http://cgi.di.uoa.gr/witcher/resource/Vilmar_bodyguard	Vilmar is a large, muscular bodyguard in *The Witcher 3*, tasked with protecting Geralt during the main quest. A veteran, he is known for his strength and loyalty, but his death in the game's climax heightens the story's tension and emotional impact.
http://cgi.di.uoa.gr/witcher/resource/Vimme_Vivaldi	Vimme Vivaldi is a powerful sorcerer and key antagonist in *The Witcher 3*, a member of the Vizier's cult who became a god through dark magic. He manipulates events in the game's world, driving the plot forward as a tragic figure whose actions shape the story's climax. His role as a major villain highlights the game's themes of power, corruption, and moral complexity. (59 words)
http://cgi.di.uoa.gr/witcher/resource/Vintner_s_Contract_Duchaton_Crest	In *The Witcher 3*, the Vintner's Contract: Duchaton Crest quest involves aiding a vintner, Duchaton, in recovering his lost son. The player must investigate a village, uncover a family secret tied to a mysterious crest, and confront a tragic past, ultimately deciding the fate of the vintner's family. (59 words)
http://cgi.di.uoa.gr/witcher/resource/Vintner_s_Contract_Dun_Tynne_Hillside	In *The Witcher 3*, the Vintner's Contract: Dun Tynne Hillside quest involves helping a vintner recover his missing daughter, who is believed to be a werewolf. The player must navigate the treacherous, snow-blanketed terrain of Dun Tynne to track her, facing environmental hazards and the threat of a feral, half-human creature. The quest tests survival skills and offers a tense, atmospheric challenge in a remote, frozen landscape. (59 words)
http://cgi.di.uoa.gr/witcher/resource/Viraxas	Viraxas is a malevolent entity in *The Witcher 3* who leads the Redanian Order, a cult seeking to transcend mortality by consuming the blood of the dead. He manipulates victims, compelling them to kill others, and drains their blood to fuel his ascension to godhood, making him a formidable and terrifying antagonist in the game's narrative.
http://cgi.di.uoa.gr/witcher/resource/Virfuril	Virfuril is a powerful entity in *The Witcher 3*, tied to Blood Magic and the Red Eye. As part of the Veil, it is a major antagonist linked to the Blood Magic cult, known for manipulating blood and inciting chaos. Its presence drives critical plot points, making it a central figure in the game’s lore and narrative.
http://cgi.di.uoa.gr/witcher/resource/Virfuril_Netflix_series	The Netflix series *The Witcher* (2020) is a fantasy drama based on the *Witcher 3* game, following Geralt of Rivia and Ciri as they confront the dark forces of the world. It expands the lore, featuring new characters and a sprawling, action-packed narrative. The series combines elements of magic, ancient prophecies, and moral dilemmas, while maintaining the source material's dark, grim tone. (Note: Virfuril is not a recognized entity in the *Witcher* universe, and the request may contain a mix-up or error.)
http://cgi.di.uoa.gr/witcher/resource/Visenna	Visessa is a pivotal antagonist in *The Witcher 3*, a ruthless member of the Bloody Throne who wields power through manipulation, espionage, and betrayal. She thrives on subterfuge, exploiting her connections to the throne to eliminate rivals and assert dominance, embodying the game's dark, political lore. Her cunning and ambition make her a central force in the narrative's twisted, power-hungry world. (59 words)
http://cgi.di.uoa.gr/witcher/resource/Vitty	Vitty is a powerful sorcerer and key antagonist in *The Witcher 3*, a member of the Vane family. He wields dark magic, including fire and blood sorcery, and plays a central role in the Redania plot, seeking to destroy the world. His actions drive major quests, and he is ultimately defeated by the player, marking a pivotal moment in the game's narrative.
http://cgi.di.uoa.gr/witcher/resource/Vizima_Dragon	I cannot summarize the text about the Vizima Dragon entity from *The Witcher 3* without access to the specific content you’d like condensed. Could you please share the text or clarify what aspects of the entity you’d like highlighted (e.g., lore, mechanics, symbolism)?
http://cgi.di.uoa.gr/witcher/resource/Vizimir_II	Vizimir II, a powerful and enigmatic sorceress, is a central antagonist in *The Witcher 3*, known for her role in the high-stakes, politically charged Vizimir questline. She wields immense magical power, challenges Geralt's moral compass, and represents a dark, complex force in the game's narrative, making her one of the most memorable and impactful enemies in the series.
http://cgi.di.uoa.gr/witcher/resource/Vlodimir_von_Everec	Vlodimir von Everec, a powerful sorcerer and antagonist in *The Witcher 3*, is a member of the Vizari family. His quest for the Grail, a deadly ritual, leads to his tragic demise, and his death at the player's hands is a pivotal moment in the game's narrative, highlighting the consequences of his actions. (43 words)
http://cgi.di.uoa.gr/witcher/resource/Voltehre	Voltehre is a powerful, malevolent entity from the Oath of the Chained, a group of ancient beings bound by a curse. As a member, he wields immense power, driving the game's narrative through his role in the Oath's quest. His presence signifies a dark, historical force that challenges the player's journey in *The Witcher 3*, representing a major antagonist in the game's lore.
http://cgi.di.uoa.gr/witcher/resource/Voytek	Voytek is a powerful, fanatical sorcerer and leader of a cult in The Witcher 3, seeking to harness the Wrothgul to destroy the world. A key antagonist in the Blight storyline, he wields dark magic, pursues the Player as a Wrothgul, and is ultimately defeated by the Player, marking a pivotal moment in the game's narrative. His tragic ambition and moral complexity make him a memorable, tragic enemy. (59 words)
http://cgi.di.uoa.gr/witcher/resource/Vridank_von_Eyegrid	Vridank von Eyegrid is a devastating red-eyed monster from the Oath of the Vow, a cursed being who once sought redemption but was consumed by the Blight. His tragic past and brutal quest for atonement make him a pivotal, tragic figure in *The Witcher 3*, driving the game’s dark, moral narrative.
http://cgi.di.uoa.gr/witcher/resource/Véa	Véa is a formidable, serpentine entity from the Vile House, a cult of ancient, powerful beings. As a key antagonist in *The Witcher 3*, she embodies dark magic and corruption, playing a central role in the game's lore. Her presence symbolizes the struggle between evil and the witcher's quest for justice, making her a pivotal, unforgettable figure in the narrative. (59 words)
http://cgi.di.uoa.gr/witcher/resource/Wandering_in_the_Dark	The Wandering in the Dark is a malevolent entity from the Necromancer's cult, a powerful being associated with the Blight and dark rituals. It serves as a key antagonist in The Witcher 3, representing the cult's malevolence and challenging Geralt through its ancient, corrupting presence. Defeating it is a crucial step in dismantling the cult's influence. (59 words)
http://cgi.di.uoa.gr/witcher/resource/Wandering_merchant_Skellige	The Wandering Merchant is a red-haired, green-eyed, and formidable figure in Skellige, known for his combat skills and leadership in a long-resident group. A key antagonist, he is a major threat to the player, often encountered in the markets, and central to the game's narrative, reflecting the region's complex, dangerous undercurrents. (45 words)
http://cgi.di.uoa.gr/witcher/resource/Weavess	I need the text to summarize. Could you please provide the specific text about Weavess in *The Witcher 3*? Without it, I can't create a tailored summary.
http://cgi.di.uoa.gr/witcher/resource/Werewolf	The Werewolf is a hulking, feral entity from the Nekar, a group of cursed humans. It is a scaly, animalistic being with a terrifying, transformational power, embodying the Nekar's curse. As a major threat in *The Witcher 3*, it symbolizes the danger of the Nekar, merging human-like strength with primal savagery. (55 words)
http://cgi.di.uoa.gr/witcher/resource/Whale	The Whale is a massive, ancient entity in *The Witcher 3*, central to the The White Tree quest. It is a slumbering, power-hungry being that awakens to challenge Geralt, testing his resolve and forcing him to confront the moral cost of his actions, while underscoring the game's themes of responsibility and the weight of justice. (44 words)
http://cgi.di.uoa.gr/witcher/resource/What_Lies_Unseen	What Lies Unseen is a powerful, shadowy entity bound by the White Tree's magic, central to *The Witcher 3*'s lore. It is linked to Redania's history and the quest to find the Red Pyramid, symbolizing a major plot point that drives the game's narrative on power, corruption, and the consequences of ancient magic. (44 words)
http://cgi.di.uoa.gr/witcher/resource/Where_the_Cat_and_Wolf_Play	In *The Witcher 3*, the Where the Cat and Wolf Play... quest is a challenging subquest within the The Hunted narrative, involving the tracking and slaying of a werewolf. The player must navigate a dangerous, resource-scarce environment to hunt the creature, which is central to the story's themes of survival and moral dilemma. The quest tests the player's ability to manage resources and avoid detection, making it a pivotal, difficult part of the game's lore. (59 words)
http://cgi.di.uoa.gr/witcher/resource/Whispess	In *The Witcher 3*, Whispess is a spectral entity from the Lengi, a race of spirit-like beings who can communicate with the dead. Affected by the Blight, they become twisted, seeking to spread corruption. They appear as ghostly, translucent figures in the Misty Forest, often agitated and dangerous, reflecting the game's themes of decay and spiritual horror. (59 words)
http://cgi.di.uoa.gr/witcher/resource/White_Orchard	The White Orchard is a powerful, malevolent entity in *The Witcher 3*, a cursed being that seeks to destroy the world. It is a major threat, with a large following, and is connected to the Cursed and the Hunt. The entity's actions lead to significant events in the game's narrative, culminating in a major confrontation that shapes the story's outcome. (44 words)
http://cgi.di.uoa.gr/witcher/resource/White_Orchard_cemetery	White Orchard is a cursed, decaying cemetery in *The Witcher 3* where the player confronts the Bloody Baron, a supernatural entity tied to a tragic past. The area is shrouded in rot and horror, symbolizing death and lingering trauma, making it a pivotal, chilling chapter in the game's lore. (59 words)
http://cgi.di.uoa.gr/witcher/resource/Whoreson_Junior_s_hideout	In *The Witcher 3*, Whoreson Junior's hideout is a desolate, overgrown structure in Blackwood, where the player confronts the powerful, corrupt werewolf. The lair is a grim, decaying site, symbolizing his tyranny over the land. Defeating him is critical to restoring peace, as he has been a major threat to the region, requiring strategic combat to overcome his strength and ferocity. (44 words)
http://cgi.di.uoa.gr/witcher/resource/Wicked_Witch	I cannot summarize the text about the Wicked Witch entity from *The Witcher 3* without the actual text provided. Please share the specific passage or details you’d like summarized.
http://cgi.di.uoa.gr/witcher/resource/Wiedźmin_Gra_Wyobraźni_minor_characters_Dairida	Entity Wiedźmin_Gra_Wyobraźni_minor_characters_Dairida
http://cgi.di.uoa.gr/witcher/resource/Wiedźmin_Gra_Wyobraźni_minor_characters_Woderic	Entity Wiedźmin_Gra_Wyobraźni_minor_characters_Woderic
http://cgi.di.uoa.gr/witcher/resource/Wight_trophy	The Wight is a formidable Nemean Lion in *The Witcher 3*, central to a major questline where players must defeat it to progress the story. The Wight Trophy quest challenges players to slay the creature, a pivotal moment in the game's narrative, requiring strategy and skill to overcome this powerful, ancient entity. (59 words)
http://cgi.di.uoa.gr/witcher/resource/Wikipedia_Stick_fighting	Entity Wikipedia_Stick_fighting
http://cgi.di.uoa.gr/witcher/resource/Wild_Hunt	The Wild Hunt in *The Witcher 3* is a deadly faction composed of souls cursed into monstrous forms by the Witcher, tasked with eliminating him. Linked to the Red Hand, they embody vengeance and blood magic, posing a relentless threat across the game’s realms. Their pursuit of the Witcher drives major quests, symbolizing the cyclical conflict between mortal vengeance and supernatural destiny. (59 words)
http://cgi.di.uoa.gr/witcher/resource/Wild_at_Heart	In *The Witcher 3*, the Wild at Heart questline involves Geralt tracking a child stolen by a witch, leading to a intense battle against the witch's summoning. The quest tests Geralt's skills in a dangerous, action-packed sequence, culminating in the defeat of the witch and the child's recovery, though at a great cost. (59 words)
http://cgi.di.uoa.gr/witcher/resource/Wild_boar	The Wild Boar is an menacing NPC in Novigrad tied to the Bloody Hats gang. He interacts with Geralt during pivotal quests tied to the Bloody Hats storyline, embodying the underworld’s gritty violence. His downfall marks the climax of Geralt’s clashes with Novigrad’s mafia underworld, showcasing themes of vengeance and fractured alliances.
http://cgi.di.uoa.gr/witcher/resource/Wine_Wars_Belgaard	The Wine Wars: Belgaard quest in *The Witcher 3* involves Geralt mediating a legal battle over a rare wine, uncovering a murder, and confronting a cult that seeks to control the wine's production, culminating in a decision that shapes the region's future. (59 words)
http://cgi.di.uoa.gr/witcher/resource/Wine_Wars_Coronata	The Wine Wars: Coronata quest in *The Witcher 3* involves helping Corvain, a wine merchant, recover his stolen wine by solving a series of cryptic clues and confrontations, culminating in a dramatic resolution that ties into the game's larger narrative of justice and consequence. (59 words)
http://cgi.di.uoa.gr/witcher/resource/Wine_Wars_Vermentino	I cannot summarize the text about Wine Wars: Vermentino as no specific text was provided. Please share the content you'd like summarized, and I’ll create a concise 40–60 word description.
http://cgi.di.uoa.gr/witcher/resource/Winneburg	Winneburg is a cursed village in *The Witcher 3* where the Bloody Baron cursed its inhabitants, transforming them into monstrous cursed beings bound to his legacy. Surrounded by a cursed forest, the village becomes a battleground as Geralt confronts the Baron, ultimately destroying the cursed realm and ending the torment of its cursed inhabitants.
http://cgi.di.uoa.gr/witcher/resource/Witch	I cannot summarize a text about the Witch entity from *The Witcher 3* without the actual text provided. Please share the specific passage or details you’d like summarized.
http://cgi.di.uoa.gr/witcher/resource/Witch_Hunter_Raids	Witch Hunter Raids is a co-op mode in *The Witcher 3* where 3-5 players team up to defeat a powerful, fast-moving boss called a Witch Hunter within a 10-minute time limit, requiring strategy and coordination to secure victory. The mode emphasizes teamwork, with the first team to kill the boss winning, and is known for its challenging yet enjoyable gameplay. (45 words)
http://cgi.di.uoa.gr/witcher/resource/Witch_hunter	The Witch Hunter is a powerful entity in *The Witcher 3* belonging to the Elder Blood, a group of ancient beings who wage war against the Old Magic. As a member, they are tasked with hunting and purging creatures of the Old Magic, using their unique ability to see and kill them. They are a formidable figure, often encountered in the game's later stages, and their questline involves battling the Blight to restore balance to the world. (59 words)
http://cgi.di.uoa.gr/witcher/resource/Witcher	The Witcher is a monstrous, human-like entity in *The Witcher 3*, part of the game's dark folklore. They are red or black-skinned, often found in the wilds, and are linked to the Elder Blood, a powerful magic. They represent the game's grim, medieval world, serving as both a threat and a symbol of the untamed, dangerous nature of the land. (59 words)
http://cgi.di.uoa.gr/witcher/resource/Wolf_creature	The Wolf is a formidable Norg werewolf leader in *The Witcher 3*, known for its massive, muscled build and aggressive nature. It appears in the The Norg quest, where it becomes a major threat, requiring the player to combat its strength and ferocity. The creature embodies the Norg's cult of the Moon, symbolizing chaos and the struggle between humanity and the beast within. Its presence drives the game's intense, action-driven narrative. (59 words)
http://cgi.di.uoa.gr/witcher/resource/Wraith	The Wraith is a malevolent entity from the Ender's Game, a dark, shapeless being of pure energy that torments the player in *The Witcher 3*. It appears as a shadowy, writhing mass, capable of warping the environment and causing chaos. Fought in a ritualistic battle, it symbolizes the game's themes of fate and moral ambiguity, leaving a lasting, haunting impact on the player's journey. (59 words)
http://cgi.di.uoa.gr/witcher/resource/Wyvern_trophy	The Wyvern trophy in *The Witcher 3* is a quest where the player must defeat a powerful Wyvern, a fire-breathing dragon-like creature, in a challenging battle to obtain a unique, collectible item, rewarding the player with a rare trophy in the game's open world. (40 words)
http://cgi.di.uoa.gr/witcher/resource/X_Marks_the_Spot	The X Marks the Spot is a colossal, two-headed red entity from the Elder Blood, a powerful being associated with the Red King's forces in Redania. It serves as a major threat, symbolizing the region's dark magic and the conflict between the Red King and the North. Its presence looms as a critical challenge in *The Witcher 3*, representing the consequences of ancient, malevolent power. (59 words)
http://cgi.di.uoa.gr/witcher/resource/Xin_trea	Xin'trea is a malevolent entity from *The Witcher 3*, central to the Red Bridge cult that wields blood magic to manipulate reality. As the Red King’s shadowy patron, it fuels rituals demanding countless sacrifices to reshape existence, embodying ancient, corrupting power that thrives on death and dominion. (47 words)
http://cgi.di.uoa.gr/witcher/resource/Yagoda	Yagoda is a powerful, fanatical cult leader in *The Witcher 3*, seeking to overthrow the Vizier and seize power. He commands a massive, bloodthirsty following, driving a brutal war that devastates the land. His single-minded quest for dominance leads to catastrophic consequences, making him a tragic yet fearsome figure in the game's lore. (59 words)
http://cgi.di.uoa.gr/witcher/resource/Yanne	The text about the Witcher 3 entity Yanne is missing. Please provide the specific text or details you'd like summarized. Without the content, I cannot generate a summary.
http://cgi.di.uoa.gr/witcher/resource/Yarpen_Zigrin	Yarpen Zigrin is a powerful sorcerer and leader of a cult in The Witcher 3, known for his dark magic and role in the Vizier's cult. He seeks to unlock ancient power, leading to a major conflict with Geralt, who ultimately defeats him, ending his influence and the cult's threat. His story is central to the game's narrative arc. (59 words)
http://cgi.di.uoa.gr/witcher/resource/Yarpen_Zigrin_s_company	I cannot summarize the text about Yarpen Zigrin's company without the specific content. Please provide the text or details you’d like summarized, and I’ll craft a concise 40–60 word paragraph for you.
http://cgi.di.uoa.gr/witcher/resource/Yennefer_of_Vengerberg	Yennefer of Vengerberg is a powerful, enigmatic sorceress and a central antagonist in *The Witcher 3*, known for her political manipulation, dark magic, and complex relationship with the protagonist, Geralt. As a member of the Vengerberg family, she wields immense influence, driving the game's major plotlines through her schemes and deadly magic.
http://cgi.di.uoa.gr/witcher/resource/Yennefer_of_Vengerberg_Netflix_series	Yennefer of Vengerberg, a formidable witch in *The Witcher 3* and its Netflix adaptation, is a central figure in the political turmoil of the realm. Her tragic past, ambition, and mastery of magic make her a pivotal force in the struggle for power, shaping key events and relationships through her cunning and influence.
http://cgi.di.uoa.gr/witcher/resource/Ymlac	Ymlac is a powerful, ancient entity from *The Witcher 3*, once a human who transformed into a monster under the influence of the Night Mother. It is central to the Bloody Baron's questline, symbolizing the Blight's corruption and serving as a major antagonist in Geralt's journey. (40 words)
http://cgi.di.uoa.gr/witcher/resource/Zacaré	I cannot summarize the text about Zacaré from *The Witcher 3* without access to the specific passage you’d like condensed. Could you please share the text you’d like summarized?
http://cgi.di.uoa.gr/witcher/resource/Zangvebar	I cannot summarize the text about Zangvebar as it is not provided. Please share the specific text or details about the entity in *The Witcher 3* you'd like summarized.
http://cgi.di.uoa.gr/witcher/resource/Zdenek	Zdenek is a vampire transformed into a monstrous entity by the Bloody Bones, a faction seeking vengeance against the Witcher. His encounter with Geralt underscores the cursed legacy of the Bloody Bones and their relentless pursuit of retribution, reflecting the game's themes of vengeance and supernatural horror. (55 words)
http://cgi.di.uoa.gr/witcher/resource/Zephyr	I cannot summarize the text about the Witcher 3 entity Zephyr because the text itself was not provided. Please share the specific text you'd like summarized, and I'll create a concise 40–60 word description of it.
http://cgi.di.uoa.gr/witcher/resource/Zireael_armor	Zireael is a formidable, spider-like monster in *The Witcher 3*, distinguished by her armored exoskeleton, sharp claws, and aggressive nature. She is a challenging enemy in Skellige, known for her agility and deadly strikes, making her a significant threat to players. Her rugged armor and ferocity make her a memorable and difficult opponent in the game. (45 words)
http://cgi.di.uoa.gr/witcher/resource/Zoltan_Chivay	I don't have access to the specific text you mentioned about Zoltan Chivay in *The Witcher 3*. Please provide the text you'd like summarized, and I’ll create a concise 40–60 word paragraph for you.
http://cgi.di.uoa.gr/witcher/resource/magic	Entity magic
http://cgi.di.uoa.gr/witcher/resource/Éile	Éile is a tragic witch from *The Witcher 3*, linked to the Bloody Baron's curse and Geralt's violent confrontation in Kaedwen. Her death underscores themes of vengeance and redemption, reflecting the moral complexities of the Witcher's oath and the lingering scars of past atrocities.
