http://cgi.di.uoa.gr/witcher/resource/Blindingly_Obvious	http://cgi.di.uoa.gr/witcher/ontology#next	http://cgi.di.uoa.gr/witcher/resource/The_Nobleman_Statuette
http://cgi.di.uoa.gr/witcher/resource/Brothers_In_Arms_Novigrad	http://cgi.di.uoa.gr/witcher/ontology#next	http://cgi.di.uoa.gr/witcher/resource/An_Eye_for_an_Eye
http://cgi.di.uoa.gr/witcher/resource/Bitter_Harvest	http://cgi.di.uoa.gr/witcher/ontology#next	http://cgi.di.uoa.gr/witcher/resource/Fake_Papers
http://cgi.di.uoa.gr/witcher/resource/Burlap_is_the_New_Stripe	http://cgi.di.uoa.gr/witcher/ontology#next	http://cgi.di.uoa.gr/witcher/resource/Be_It_Ever_So_Humble
http://cgi.di.uoa.gr/witcher/resource/Ciri_s_Story_Fleeing_the_Bog	http://cgi.di.uoa.gr/witcher/ontology#next	http://cgi.di.uoa.gr/witcher/resource/Ladies_of_the_Wood
http://cgi.di.uoa.gr/witcher/resource/Ciri_s_Story_The_Race	http://cgi.di.uoa.gr/witcher/ontology#next	http://cgi.di.uoa.gr/witcher/resource/Ciri_s_Story_Out_of_the_Shadows
http://cgi.di.uoa.gr/witcher/resource/Ciri_s_Story_Out_of_the_Shadows	http://cgi.di.uoa.gr/witcher/ontology#next	http://cgi.di.uoa.gr/witcher/resource/Destination_Skellige
http://cgi.di.uoa.gr/witcher/resource/Master_Master_Master_Master	http://cgi.di.uoa.gr/witcher/ontology#next	http://cgi.di.uoa.gr/witcher/resource/Scavenger_Hunt_Grandmaster_Griffin_Gear
http://cgi.di.uoa.gr/witcher/resource/The_Beast_of_Toussaint	http://cgi.di.uoa.gr/witcher/ontology#next	http://cgi.di.uoa.gr/witcher/resource/Blood_Run
http://cgi.di.uoa.gr/witcher/resource/A_Matter_of_Life_and_Death_The_Witcher_3	http://cgi.di.uoa.gr/witcher/ontology#next	http://cgi.di.uoa.gr/witcher/resource/Novigrad_Closed_City
http://cgi.di.uoa.gr/witcher/resource/Get_Junior	http://cgi.di.uoa.gr/witcher/ontology#next	http://cgi.di.uoa.gr/witcher/resource/Ciri_s_Story_Visiting_Junior
http://cgi.di.uoa.gr/witcher/resource/Wine_Wars_Belgaard	http://cgi.di.uoa.gr/witcher/ontology#next	http://cgi.di.uoa.gr/witcher/resource/Wine_Wars_Vermentino
http://cgi.di.uoa.gr/witcher/resource/A_Matter_of_Life_and_Death_The_Witcher_3	http://cgi.di.uoa.gr/witcher/ontology#next	http://cgi.di.uoa.gr/witcher/resource/Now_or_Never
http://cgi.di.uoa.gr/witcher/resource/The_Lord_of_Undvik	http://cgi.di.uoa.gr/witcher/ontology#next	http://cgi.di.uoa.gr/witcher/resource/King_s_Gambit
http://cgi.di.uoa.gr/witcher/resource/Contract_The_Beast_of_Honorton	http://cgi.di.uoa.gr/witcher/ontology#next	http://cgi.di.uoa.gr/witcher/resource/Where_the_Cat_and_Wolf_Play
http://cgi.di.uoa.gr/witcher/resource/The_Calm_Before_the_Storm	http://cgi.di.uoa.gr/witcher/ontology#next	http://cgi.di.uoa.gr/witcher/resource/Ugly_Baby
http://cgi.di.uoa.gr/witcher/resource/Master_Master_Master_Master	http://cgi.di.uoa.gr/witcher/ontology#next	http://cgi.di.uoa.gr/witcher/resource/Scavenger_Hunt_Grandmaster_Ursine_Gear
http://cgi.di.uoa.gr/witcher/resource/Pyres_of_Novigrad	http://cgi.di.uoa.gr/witcher/ontology#next	http://cgi.di.uoa.gr/witcher/resource/Novigrad_Dreaming
http://cgi.di.uoa.gr/witcher/resource/Tedd_Deireadh_The_Final_Age	http://cgi.di.uoa.gr/witcher/ontology#next	http://cgi.di.uoa.gr/witcher/resource/Something_Ends_Something_Begins_quest
http://cgi.di.uoa.gr/witcher/resource/The_Nilfgaardian_Connection	http://cgi.di.uoa.gr/witcher/ontology#next	http://cgi.di.uoa.gr/witcher/resource/Hunting_a_Witch
http://cgi.di.uoa.gr/witcher/resource/Ciri_s_Story_Out_of_the_Shadows	http://cgi.di.uoa.gr/witcher/ontology#next	http://cgi.di.uoa.gr/witcher/resource/Hunting_a_Witch
http://cgi.di.uoa.gr/witcher/resource/The_Unseen_Elder	http://cgi.di.uoa.gr/witcher/ontology#culture	http://cgi.di.uoa.gr/witcher/resource/Gharasham
http://cgi.di.uoa.gr/witcher/resource/A_Mysterious_Passenger	http://cgi.di.uoa.gr/witcher/ontology#previous	http://cgi.di.uoa.gr/witcher/resource/The_Calm_Before_the_Storm
http://cgi.di.uoa.gr/witcher/resource/In_Ciri_s_Footsteps	http://cgi.di.uoa.gr/witcher/ontology#previous	http://cgi.di.uoa.gr/witcher/resource/Imperial_Audience
http://cgi.di.uoa.gr/witcher/resource/Bald_Mountain_quest	http://cgi.di.uoa.gr/witcher/ontology#previous	http://cgi.di.uoa.gr/witcher/resource/Blood_on_the_Battlefield
http://cgi.di.uoa.gr/witcher/resource/Open_Sesame_Hearts_of_Stone	http://cgi.di.uoa.gr/witcher/ontology#previous	http://cgi.di.uoa.gr/witcher/resource/Evil_s_Soft_First_Touches
http://cgi.di.uoa.gr/witcher/resource/Disturbance	http://cgi.di.uoa.gr/witcher/ontology#previous	http://cgi.di.uoa.gr/witcher/resource/Ugly_Baby
http://cgi.di.uoa.gr/witcher/resource/The_Heroes_Pursuits_For_the_Goddess_Glory	http://cgi.di.uoa.gr/witcher/ontology#previous	http://cgi.di.uoa.gr/witcher/resource/The_Heroes_Pursuits_Fayrlund
http://cgi.di.uoa.gr/witcher/resource/Contract_The_Griffin_from_the_Highlands	http://cgi.di.uoa.gr/witcher/ontology#previous	http://cgi.di.uoa.gr/witcher/resource/Master_Armorers
http://cgi.di.uoa.gr/witcher/resource/A_Greedy_God	http://cgi.di.uoa.gr/witcher/ontology#previous	http://cgi.di.uoa.gr/witcher/resource/Wandering_in_the_Dark
http://cgi.di.uoa.gr/witcher/resource/The_Nobleman_Statuette	http://cgi.di.uoa.gr/witcher/ontology#previous	http://cgi.di.uoa.gr/witcher/resource/Pyres_of_Novigrad
http://cgi.di.uoa.gr/witcher/resource/Gwent_Playing_Thaler	http://cgi.di.uoa.gr/witcher/ontology#previous	http://cgi.di.uoa.gr/witcher/resource/A_Deadly_Plot
http://cgi.di.uoa.gr/witcher/resource/Final_Preparations	http://cgi.di.uoa.gr/witcher/ontology#previous	http://cgi.di.uoa.gr/witcher/resource/Bald_Mountain_quest
http://cgi.di.uoa.gr/witcher/resource/Open_Sesame_The_Safecracker	http://cgi.di.uoa.gr/witcher/ontology#previous	http://cgi.di.uoa.gr/witcher/resource/Open_Sesame_Hearts_of_Stone
http://cgi.di.uoa.gr/witcher/resource/Brothers_In_Arms_Velen	http://cgi.di.uoa.gr/witcher/ontology#previous	http://cgi.di.uoa.gr/witcher/resource/The_Isle_of_Mists_quest
http://cgi.di.uoa.gr/witcher/resource/Something_Ends_Something_Begins_quest	http://cgi.di.uoa.gr/witcher/ontology#previous	http://cgi.di.uoa.gr/witcher/resource/Tedd_Deireadh_The_Final_Age
http://cgi.di.uoa.gr/witcher/resource/Now_or_Never	http://cgi.di.uoa.gr/witcher/ontology#previous	http://cgi.di.uoa.gr/witcher/resource/A_Matter_of_Life_and_Death_The_Witcher_3
http://cgi.di.uoa.gr/witcher/resource/Cabaret	http://cgi.di.uoa.gr/witcher/ontology#previous	http://cgi.di.uoa.gr/witcher/resource/A_Poet_Under_Pressure
http://cgi.di.uoa.gr/witcher/resource/The_Final_Trial	http://cgi.di.uoa.gr/witcher/ontology#previous	http://cgi.di.uoa.gr/witcher/resource/Ugly_Baby
http://cgi.di.uoa.gr/witcher/resource/Suspicious_Shakedown	http://cgi.di.uoa.gr/witcher/ontology#previous	http://cgi.di.uoa.gr/witcher/resource/Pyres_of_Novigrad
http://cgi.di.uoa.gr/witcher/resource/No_Place_Like_Home	http://cgi.di.uoa.gr/witcher/ontology#previous	http://cgi.di.uoa.gr/witcher/resource/Disturbance
http://cgi.di.uoa.gr/witcher/resource/Carnal_Sins	http://cgi.di.uoa.gr/witcher/ontology#previous	http://cgi.di.uoa.gr/witcher/resource/Cabaret
http://cgi.di.uoa.gr/witcher/resource/The_Play_s_the_Thing	http://cgi.di.uoa.gr/witcher/ontology#previous	http://cgi.di.uoa.gr/witcher/resource/Count_Reuven_s_Treasure
http://cgi.di.uoa.gr/witcher/resource/A_Poet_Under_Pressure	http://cgi.di.uoa.gr/witcher/ontology#reward	http://cgi.di.uoa.gr/witcher/resource/Flawless_ruby
http://cgi.di.uoa.gr/witcher/resource/Fake_Papers	http://cgi.di.uoa.gr/witcher/ontology#reward	http://cgi.di.uoa.gr/witcher/resource/Transit_pass
http://cgi.di.uoa.gr/witcher/resource/Fists_of_Fury_Skellige	http://cgi.di.uoa.gr/witcher/ontology#reward	http://cgi.di.uoa.gr/witcher/resource/Gwestog
http://cgi.di.uoa.gr/witcher/resource/Gwent_To_Everything_Turn_Turn_Tournament	http://cgi.di.uoa.gr/witcher/ontology#reward	http://cgi.di.uoa.gr/witcher/resource/The_Victor_s_Cup
http://cgi.di.uoa.gr/witcher/resource/Contract_Patrol_Gone_Missing	http://cgi.di.uoa.gr/witcher/ontology#reward	http://cgi.di.uoa.gr/witcher/resource/Wyvern_trophy
http://cgi.di.uoa.gr/witcher/resource/The_Black_Widow	http://cgi.di.uoa.gr/witcher/ontology#reward	http://cgi.di.uoa.gr/witcher/resource/Pompadoux_bracelet
http://cgi.di.uoa.gr/witcher/resource/Spoontaneous_Profits	http://cgi.di.uoa.gr/witcher/ontology#reward	http://cgi.di.uoa.gr/witcher/resource/Recipe_for_étoile_blanche_pasta
http://cgi.di.uoa.gr/witcher/resource/Contract_The_Creature_from_Oxenfurt_Forest	http://cgi.di.uoa.gr/witcher/ontology#reward	http://cgi.di.uoa.gr/witcher/resource/Archgriffin_mutagen
http://cgi.di.uoa.gr/witcher/resource/A_Dangerous_Game	http://cgi.di.uoa.gr/witcher/ontology#reward	http://cgi.di.uoa.gr/witcher/resource/Fringilla_Vigo_gwent_card
http://cgi.di.uoa.gr/witcher/resource/Take_What_You_Want	http://cgi.di.uoa.gr/witcher/ontology#reward	http://cgi.di.uoa.gr/witcher/resource/Letter_to_Gaetan
http://cgi.di.uoa.gr/witcher/resource/Ciri_s_Story_Breakneck_Speed	http://cgi.di.uoa.gr/witcher/ontology#reward	http://cgi.di.uoa.gr/witcher/resource/A_Poet_Under_Pressure
http://cgi.di.uoa.gr/witcher/resource/What_Lies_Unseen	http://cgi.di.uoa.gr/witcher/ontology#reward	http://cgi.di.uoa.gr/witcher/resource/Hen_Gaidth_armor_set
http://cgi.di.uoa.gr/witcher/resource/Gwent_Old_Pals	http://cgi.di.uoa.gr/witcher/ontology#reward	http://cgi.di.uoa.gr/witcher/resource/Triss_Merigold_gwent_card
http://cgi.di.uoa.gr/witcher/resource/Contract_The_Griffin_from_the_Highlands	http://cgi.di.uoa.gr/witcher/ontology#reward	http://cgi.di.uoa.gr/witcher/resource/Archgriffin_mutagen
http://cgi.di.uoa.gr/witcher/resource/Gwent_Skellige_Style	http://cgi.di.uoa.gr/witcher/ontology#reward	http://cgi.di.uoa.gr/witcher/resource/Emhyr_var_Emreis_The_White_Flame_gwent_card
http://cgi.di.uoa.gr/witcher/resource/Around_the_World_in_Eight_Days	http://cgi.di.uoa.gr/witcher/ontology#reward	http://cgi.di.uoa.gr/witcher/resource/The_Witcher_3_junk
http://cgi.di.uoa.gr/witcher/resource/Contract_Doors_Slamming_Shut	http://cgi.di.uoa.gr/witcher/ontology#reward	http://cgi.di.uoa.gr/witcher/resource/Earth_elemental_trophy
http://cgi.di.uoa.gr/witcher/resource/Extreme_Cosplay	http://cgi.di.uoa.gr/witcher/ontology#reward	http://cgi.di.uoa.gr/witcher/resource/Ancient_elven_shield
http://cgi.di.uoa.gr/witcher/resource/Till_Death_Do_You_Part	http://cgi.di.uoa.gr/witcher/ontology#reward	http://cgi.di.uoa.gr/witcher/resource/Vampire_Bruxa_gwent_card
http://cgi.di.uoa.gr/witcher/resource/Blood_Gold	http://cgi.di.uoa.gr/witcher/ontology#reward	http://cgi.di.uoa.gr/witcher/resource/Diagram_Assassin_s_boots
http://cgi.di.uoa.gr/witcher/resource/Gwent_Skellige_Style	http://cgi.di.uoa.gr/witcher/ontology#reward	http://cgi.di.uoa.gr/witcher/resource/Draug_gwent_card
http://cgi.di.uoa.gr/witcher/resource/In_the_Heart_of_the_Woods	http://cgi.di.uoa.gr/witcher/ontology#reward	http://cgi.di.uoa.gr/witcher/resource/Assassin_s_boots
http://cgi.di.uoa.gr/witcher/resource/Don_t_Take_Candy_from_a_Stranger	http://cgi.di.uoa.gr/witcher/ontology#reward	http://cgi.di.uoa.gr/witcher/resource/Floren
http://cgi.di.uoa.gr/witcher/resource/Contract_Bovine_Blues	http://cgi.di.uoa.gr/witcher/ontology#reward	http://cgi.di.uoa.gr/witcher/resource/Slyzard_trophy
http://cgi.di.uoa.gr/witcher/resource/Gwent_Old_Pals	http://cgi.di.uoa.gr/witcher/ontology#reward	http://cgi.di.uoa.gr/witcher/resource/Geralt_of_Rivia_gwent_card
http://cgi.di.uoa.gr/witcher/resource/La_Cage_au_Fou	http://cgi.di.uoa.gr/witcher/ontology#reward	http://cgi.di.uoa.gr/witcher/resource/Wight_trophy
http://cgi.di.uoa.gr/witcher/resource/Berengar	http://cgi.di.uoa.gr/witcher/ontology#affiliations	http://cgi.di.uoa.gr/witcher/resource/School_of_the_Wolf
http://cgi.di.uoa.gr/witcher/resource/Azar_Javed	http://cgi.di.uoa.gr/witcher/ontology#affiliations	http://cgi.di.uoa.gr/witcher/resource/Jacques_de_Aldersberg
http://cgi.di.uoa.gr/witcher/resource/Carlo_Varese	http://cgi.di.uoa.gr/witcher/ontology#affiliations	http://cgi.di.uoa.gr/witcher/resource/Crownsplitters
http://cgi.di.uoa.gr/witcher/resource/Tuur	http://cgi.di.uoa.gr/witcher/ontology#affiliations	http://cgi.di.uoa.gr/witcher/resource/Fallen_Knight
http://cgi.di.uoa.gr/witcher/resource/Moreelse	http://cgi.di.uoa.gr/witcher/ontology#affiliations	http://cgi.di.uoa.gr/witcher/resource/Witch_hunter
http://cgi.di.uoa.gr/witcher/resource/Field_Marshal_Windbag	http://cgi.di.uoa.gr/witcher/ontology#affiliations	http://cgi.di.uoa.gr/witcher/resource/Zoltan_Chivay
http://cgi.di.uoa.gr/witcher/resource/Hussar	http://cgi.di.uoa.gr/witcher/ontology#affiliations	http://cgi.di.uoa.gr/witcher/resource/Bastien_Vildenvert
http://cgi.di.uoa.gr/witcher/resource/Hrodeberth	http://cgi.di.uoa.gr/witcher/ontology#affiliations	http://cgi.di.uoa.gr/witcher/resource/Nazairi_Brigade
http://cgi.di.uoa.gr/witcher/resource/Zoltan_Chivay	http://cgi.di.uoa.gr/witcher/ontology#affiliations	http://cgi.di.uoa.gr/witcher/resource/Mahakam_Volunteer_Army
http://cgi.di.uoa.gr/witcher/resource/Iorweth	http://cgi.di.uoa.gr/witcher/ontology#affiliations	http://cgi.di.uoa.gr/witcher/resource/Letho
http://cgi.di.uoa.gr/witcher/resource/Olaf_guardsman	http://cgi.di.uoa.gr/witcher/ontology#affiliations	http://cgi.di.uoa.gr/witcher/resource/Clan_an_Craite
http://cgi.di.uoa.gr/witcher/resource/Kleiner	http://cgi.di.uoa.gr/witcher/ontology#affiliations	http://cgi.di.uoa.gr/witcher/resource/Royal_Redanian_Army
http://cgi.di.uoa.gr/witcher/resource/Vairmont_Jonne	http://cgi.di.uoa.gr/witcher/ontology#affiliations	http://cgi.di.uoa.gr/witcher/resource/Oxenfurt_Academy
http://cgi.di.uoa.gr/witcher/resource/Vern_Pallack	http://cgi.di.uoa.gr/witcher/ontology#affiliations	http://cgi.di.uoa.gr/witcher/resource/Royal_Redanian_Army
http://cgi.di.uoa.gr/witcher/resource/Gaspar	http://cgi.di.uoa.gr/witcher/ontology#affiliations	http://cgi.di.uoa.gr/witcher/resource/Farid
http://cgi.di.uoa.gr/witcher/resource/Ox	http://cgi.di.uoa.gr/witcher/ontology#affiliations	http://cgi.di.uoa.gr/witcher/resource/Syanna_s_Gang
http://cgi.di.uoa.gr/witcher/resource/Elgar	http://cgi.di.uoa.gr/witcher/ontology#affiliations	http://cgi.di.uoa.gr/witcher/resource/School_of_the_Wolf
http://cgi.di.uoa.gr/witcher/resource/Tavar_Eggebracht	http://cgi.di.uoa.gr/witcher/ontology#affiliations	http://cgi.di.uoa.gr/witcher/resource/Center_Army_Group
http://cgi.di.uoa.gr/witcher/resource/Vernon_Roche	http://cgi.di.uoa.gr/witcher/ontology#affiliations	http://cgi.di.uoa.gr/witcher/resource/Blue_Stripes
http://cgi.di.uoa.gr/witcher/resource/Cyprian_Wiley	http://cgi.di.uoa.gr/witcher/ontology#affiliations	http://cgi.di.uoa.gr/witcher/resource/Cutups
http://cgi.di.uoa.gr/witcher/resource/Count_bandit	http://cgi.di.uoa.gr/witcher/ontology#affiliations	http://cgi.di.uoa.gr/witcher/resource/Syanna_s_Gang
http://cgi.di.uoa.gr/witcher/resource/Noel_Ivor	http://cgi.di.uoa.gr/witcher/ontology#affiliations	http://cgi.di.uoa.gr/witcher/resource/Imperial_Academy
http://cgi.di.uoa.gr/witcher/resource/Yanne	http://cgi.di.uoa.gr/witcher/ontology#affiliations	http://cgi.di.uoa.gr/witcher/resource/Clan_an_Craite
http://cgi.di.uoa.gr/witcher/resource/Hermit	http://cgi.di.uoa.gr/witcher/ontology#affiliations	http://cgi.di.uoa.gr/witcher/resource/Lady_of_the_Lake_nymph
http://cgi.di.uoa.gr/witcher/resource/Mutual_of_Beauclair_s_Wild_Kingdom	http://cgi.di.uoa.gr/witcher/ontology#enemies	http://cgi.di.uoa.gr/witcher/resource/Silver_Basilisk
http://cgi.di.uoa.gr/witcher/resource/Scavenger_Hunt_Bear_School_Gear_Part_4	http://cgi.di.uoa.gr/witcher/ontology#enemies	http://cgi.di.uoa.gr/witcher/resource/Cyclops
http://cgi.di.uoa.gr/witcher/resource/The_Witchers_Forge	http://cgi.di.uoa.gr/witcher/ontology#enemies	http://cgi.di.uoa.gr/witcher/resource/Earth_Elemental
http://cgi.di.uoa.gr/witcher/resource/Novigrad_Closed_City	http://cgi.di.uoa.gr/witcher/ontology#enemies	http://cgi.di.uoa.gr/witcher/resource/Witch_hunter
http://cgi.di.uoa.gr/witcher/resource/Wine_Wars_Vermentino	http://cgi.di.uoa.gr/witcher/ontology#enemies	http://cgi.di.uoa.gr/witcher/resource/Archespore
http://cgi.di.uoa.gr/witcher/resource/Coast_of_Wrecks_quest	http://cgi.di.uoa.gr/witcher/ontology#enemies	http://cgi.di.uoa.gr/witcher/resource/Drowner
http://cgi.di.uoa.gr/witcher/resource/Wild_at_Heart	http://cgi.di.uoa.gr/witcher/ontology#enemies	http://cgi.di.uoa.gr/witcher/resource/Werewolf
http://cgi.di.uoa.gr/witcher/resource/Beyond_Hill_and_Dale	http://cgi.di.uoa.gr/witcher/ontology#enemies	http://cgi.di.uoa.gr/witcher/resource/Longlocks
http://cgi.di.uoa.gr/witcher/resource/Karmic_Justice	http://cgi.di.uoa.gr/witcher/ontology#enemies	http://cgi.di.uoa.gr/witcher/resource/Elf
http://cgi.di.uoa.gr/witcher/resource/Duck_Duck_Goosed	http://cgi.di.uoa.gr/witcher/ontology#enemies	http://cgi.di.uoa.gr/witcher/resource/Redbeard
http://cgi.di.uoa.gr/witcher/resource/Blood_Simple	http://cgi.di.uoa.gr/witcher/ontology#enemies	http://cgi.di.uoa.gr/witcher/resource/Alp
http://cgi.di.uoa.gr/witcher/resource/Contract_Strange_Beast	http://cgi.di.uoa.gr/witcher/ontology#enemies	http://cgi.di.uoa.gr/witcher/resource/Nekker
http://cgi.di.uoa.gr/witcher/resource/Scavenger_Hunt_Bear_School_Gear	http://cgi.di.uoa.gr/witcher/ontology#enemies	http://cgi.di.uoa.gr/witcher/resource/Drowner
http://cgi.di.uoa.gr/witcher/resource/The_Whispering_Hillock	http://cgi.di.uoa.gr/witcher/ontology#enemies	http://cgi.di.uoa.gr/witcher/resource/Harpy
http://cgi.di.uoa.gr/witcher/resource/Scavenger_Hunt_Grandmaster_Feline_Gear	http://cgi.di.uoa.gr/witcher/ontology#enemies	http://cgi.di.uoa.gr/witcher/resource/Archespore
http://cgi.di.uoa.gr/witcher/resource/Get_Junior	http://cgi.di.uoa.gr/witcher/ontology#enemies	http://cgi.di.uoa.gr/witcher/resource/Endrega_drone
http://cgi.di.uoa.gr/witcher/resource/The_Beast_of_White_Orchard	http://cgi.di.uoa.gr/witcher/ontology#enemies	http://cgi.di.uoa.gr/witcher/resource/Griffin_creature
http://cgi.di.uoa.gr/witcher/resource/There_Can_Be_Only_One	http://cgi.di.uoa.gr/witcher/ontology#enemies	http://cgi.di.uoa.gr/witcher/resource/Hermit
http://cgi.di.uoa.gr/witcher/resource/Contract_Missing_Brother	http://cgi.di.uoa.gr/witcher/ontology#enemies	http://cgi.di.uoa.gr/witcher/resource/Harrisi
http://cgi.di.uoa.gr/witcher/resource/Beyond_Hill_and_Dale	http://cgi.di.uoa.gr/witcher/ontology#enemies	http://cgi.di.uoa.gr/witcher/resource/Wicked_Witch
http://cgi.di.uoa.gr/witcher/resource/Abandoned_Sawmill_quest	http://cgi.di.uoa.gr/witcher/ontology#enemies	http://cgi.di.uoa.gr/witcher/resource/Wolf_creature
http://cgi.di.uoa.gr/witcher/resource/Contract_Bovine_Blues	http://cgi.di.uoa.gr/witcher/ontology#enemies	http://cgi.di.uoa.gr/witcher/resource/Rotfiend
http://cgi.di.uoa.gr/witcher/resource/The_Calm_Before_the_Storm	http://cgi.di.uoa.gr/witcher/ontology#enemies	http://cgi.di.uoa.gr/witcher/resource/Hound_of_the_Wild_Hunt
http://cgi.di.uoa.gr/witcher/resource/The_Sad_Tale_of_the_Grossbart_Brothers	http://cgi.di.uoa.gr/witcher/ontology#enemies	http://cgi.di.uoa.gr/witcher/resource/Hegel_Grossbart
http://cgi.di.uoa.gr/witcher/resource/Scavenger_Hunt_Bear_School_Gear_Part_3	http://cgi.di.uoa.gr/witcher/ontology#enemies	http://cgi.di.uoa.gr/witcher/resource/Nekker
http://cgi.di.uoa.gr/witcher/resource/Spooked_Mare	http://cgi.di.uoa.gr/witcher/ontology#enemies	http://cgi.di.uoa.gr/witcher/resource/Scoia_tael
http://cgi.di.uoa.gr/witcher/resource/Black_Pearl_quest	http://cgi.di.uoa.gr/witcher/ontology#enemies	http://cgi.di.uoa.gr/witcher/resource/Drowner
http://cgi.di.uoa.gr/witcher/resource/Get_Junior	http://cgi.di.uoa.gr/witcher/ontology#enemies	http://cgi.di.uoa.gr/witcher/resource/Endrega_warrior
http://cgi.di.uoa.gr/witcher/resource/Contract_Bovine_Blues	http://cgi.di.uoa.gr/witcher/ontology#enemies	http://cgi.di.uoa.gr/witcher/resource/Alghoul
http://cgi.di.uoa.gr/witcher/resource/Duck_Duck_Goosed	http://cgi.di.uoa.gr/witcher/ontology#enemies	http://cgi.di.uoa.gr/witcher/resource/Pixies
http://cgi.di.uoa.gr/witcher/resource/Bald_Mountain_quest	http://cgi.di.uoa.gr/witcher/ontology#enemies	http://cgi.di.uoa.gr/witcher/resource/Fugas
http://cgi.di.uoa.gr/witcher/resource/Contract_The_Merry_Widow	http://cgi.di.uoa.gr/witcher/ontology#enemies	http://cgi.di.uoa.gr/witcher/resource/Mourntart
http://cgi.di.uoa.gr/witcher/resource/Scavenger_Hunt_Bear_School_Gear_Part_3	http://cgi.di.uoa.gr/witcher/ontology#enemies	http://cgi.di.uoa.gr/witcher/resource/Nekker_warrior
http://cgi.di.uoa.gr/witcher/resource/Hidden_in_the_Depths	http://cgi.di.uoa.gr/witcher/ontology#enemies	http://cgi.di.uoa.gr/witcher/resource/Endrega_drone
http://cgi.di.uoa.gr/witcher/resource/Count_Reuven_s_Treasure	http://cgi.di.uoa.gr/witcher/ontology#enemies	http://cgi.di.uoa.gr/witcher/resource/Caleb_Menge
http://cgi.di.uoa.gr/witcher/resource/High_Stakes	http://cgi.di.uoa.gr/witcher/ontology#enemies	http://cgi.di.uoa.gr/witcher/resource/Bernard_Tulle
http://cgi.di.uoa.gr/witcher/resource/Family_Matters	http://cgi.di.uoa.gr/witcher/ontology#enemies	http://cgi.di.uoa.gr/witcher/resource/Wraith
http://cgi.di.uoa.gr/witcher/resource/Beyond_Hill_and_Dale	http://cgi.di.uoa.gr/witcher/ontology#enemies	http://cgi.di.uoa.gr/witcher/resource/Archespore
http://cgi.di.uoa.gr/witcher/resource/Precious_Haul	http://cgi.di.uoa.gr/witcher/ontology#enemies	http://cgi.di.uoa.gr/witcher/resource/Siren
http://cgi.di.uoa.gr/witcher/resource/For_the_Advancement_of_Learning	http://cgi.di.uoa.gr/witcher/ontology#enemies	http://cgi.di.uoa.gr/witcher/resource/Keira_Metz
http://cgi.di.uoa.gr/witcher/resource/Pyres_of_Novigrad	http://cgi.di.uoa.gr/witcher/ontology#region	http://cgi.di.uoa.gr/witcher/resource/Novigrad
http://cgi.di.uoa.gr/witcher/resource/Battlefield_Loot	http://cgi.di.uoa.gr/witcher/ontology#region	http://cgi.di.uoa.gr/witcher/resource/Velen
http://cgi.di.uoa.gr/witcher/resource/Skjall_s_Grave	http://cgi.di.uoa.gr/witcher/ontology#region	http://cgi.di.uoa.gr/witcher/resource/Skellige
http://cgi.di.uoa.gr/witcher/resource/Gwent_Playing_Innkeeps	http://cgi.di.uoa.gr/witcher/ontology#region	http://cgi.di.uoa.gr/witcher/resource/Velen
http://cgi.di.uoa.gr/witcher/resource/Scavenger_Hunt_Griffin_School_Gear_Part_2	http://cgi.di.uoa.gr/witcher/ontology#region	http://cgi.di.uoa.gr/witcher/resource/Grayrocks
http://cgi.di.uoa.gr/witcher/resource/Fencing_Lessons	http://cgi.di.uoa.gr/witcher/ontology#region	http://cgi.di.uoa.gr/witcher/resource/Novigrad
http://cgi.di.uoa.gr/witcher/resource/Cabaret	http://cgi.di.uoa.gr/witcher/ontology#region	http://cgi.di.uoa.gr/witcher/resource/Novigrad
http://cgi.di.uoa.gr/witcher/resource/The_Truth_is_in_the_Stars	http://cgi.di.uoa.gr/witcher/ontology#region	http://cgi.di.uoa.gr/witcher/resource/The_Descent
http://cgi.di.uoa.gr/witcher/resource/Vintner_s_Contract_Dun_Tynne_Hillside	http://cgi.di.uoa.gr/witcher/ontology#region	http://cgi.di.uoa.gr/witcher/resource/Dun_Tynne
http://cgi.di.uoa.gr/witcher/resource/Farting_Trolls	http://cgi.di.uoa.gr/witcher/ontology#region	http://cgi.di.uoa.gr/witcher/resource/Skellige
http://cgi.di.uoa.gr/witcher/resource/The_Beast_of_Toussaint	http://cgi.di.uoa.gr/witcher/ontology#region	http://cgi.di.uoa.gr/witcher/resource/Sansretour_Marsh
http://cgi.di.uoa.gr/witcher/resource/Precious_Haul	http://cgi.di.uoa.gr/witcher/ontology#region	http://cgi.di.uoa.gr/witcher/resource/Skellige
http://cgi.di.uoa.gr/witcher/resource/The_Isle_of_Mists_quest	http://cgi.di.uoa.gr/witcher/ontology#region	http://cgi.di.uoa.gr/witcher/resource/Skellige
http://cgi.di.uoa.gr/witcher/resource/Envoys_Wineboys	http://cgi.di.uoa.gr/witcher/ontology#region	http://cgi.di.uoa.gr/witcher/resource/Velen
http://cgi.di.uoa.gr/witcher/resource/Contract_The_Oxenfurt_Drunk	http://cgi.di.uoa.gr/witcher/ontology#region	http://cgi.di.uoa.gr/witcher/resource/Gustfields
http://cgi.di.uoa.gr/witcher/resource/Scavenger_Hunt_Wolf_School_Gear_Part_6	http://cgi.di.uoa.gr/witcher/ontology#region	http://cgi.di.uoa.gr/witcher/resource/Skellige
http://cgi.di.uoa.gr/witcher/resource/The_Final_Trial	http://cgi.di.uoa.gr/witcher/ontology#region	http://cgi.di.uoa.gr/witcher/resource/Kaer_Morhen
http://cgi.di.uoa.gr/witcher/resource/Destination_Skellige	http://cgi.di.uoa.gr/witcher/ontology#region	http://cgi.di.uoa.gr/witcher/resource/Skellige
http://cgi.di.uoa.gr/witcher/resource/Lilac_and_Gooseberries	http://cgi.di.uoa.gr/witcher/ontology#region	http://cgi.di.uoa.gr/witcher/resource/White_Orchard
http://cgi.di.uoa.gr/witcher/resource/Stranger_in_a_Strange_Land	http://cgi.di.uoa.gr/witcher/ontology#region	http://cgi.di.uoa.gr/witcher/resource/Skellige
http://cgi.di.uoa.gr/witcher/resource/A_Bard_s_Beloved	http://cgi.di.uoa.gr/witcher/ontology#region	http://cgi.di.uoa.gr/witcher/resource/Skellige
http://cgi.di.uoa.gr/witcher/resource/Deadly_Crossing	http://cgi.di.uoa.gr/witcher/ontology#region	http://cgi.di.uoa.gr/witcher/resource/The_Descent
http://cgi.di.uoa.gr/witcher/resource/Echoes_of_the_Past	http://cgi.di.uoa.gr/witcher/ontology#region	http://cgi.di.uoa.gr/witcher/resource/Skellige
http://cgi.di.uoa.gr/witcher/resource/Enchanting_Start_up_Costs	http://cgi.di.uoa.gr/witcher/ontology#region	http://cgi.di.uoa.gr/witcher/resource/Brunwich
http://cgi.di.uoa.gr/witcher/resource/Burlap_is_the_New_Stripe	http://cgi.di.uoa.gr/witcher/ontology#region	http://cgi.di.uoa.gr/witcher/resource/Beauclair_Port
http://cgi.di.uoa.gr/witcher/resource/Witch_Hunter_Raids	http://cgi.di.uoa.gr/witcher/ontology#region	http://cgi.di.uoa.gr/witcher/resource/Novigrad
http://cgi.di.uoa.gr/witcher/resource/Contract_Missing_Miners	http://cgi.di.uoa.gr/witcher/ontology#region	http://cgi.di.uoa.gr/witcher/resource/Skellige
http://cgi.di.uoa.gr/witcher/resource/Scavenger_Hunt_Wolf_School_Gear_Part_1	http://cgi.di.uoa.gr/witcher/ontology#region	http://cgi.di.uoa.gr/witcher/resource/Velen
http://cgi.di.uoa.gr/witcher/resource/Dirty_Funds	http://cgi.di.uoa.gr/witcher/ontology#region	http://cgi.di.uoa.gr/witcher/resource/White_Orchard
http://cgi.di.uoa.gr/witcher/resource/The_Sunstone	http://cgi.di.uoa.gr/witcher/ontology#region	http://cgi.di.uoa.gr/witcher/resource/Ard_Skellig
http://cgi.di.uoa.gr/witcher/resource/Blood_Run	http://cgi.di.uoa.gr/witcher/ontology#region	http://cgi.di.uoa.gr/witcher/resource/Beauclair
http://cgi.di.uoa.gr/witcher/resource/Highway_Robbery	http://cgi.di.uoa.gr/witcher/ontology#region	http://cgi.di.uoa.gr/witcher/resource/The_Mire
http://cgi.di.uoa.gr/witcher/resource/In_Ciri_s_Footsteps	http://cgi.di.uoa.gr/witcher/ontology#region	http://cgi.di.uoa.gr/witcher/resource/Velen
http://cgi.di.uoa.gr/witcher/resource/Scavenger_Hunt_Bear_School_Gear_Part_4	http://cgi.di.uoa.gr/witcher/ontology#region	http://cgi.di.uoa.gr/witcher/resource/Crow_s_Perch_region
http://cgi.di.uoa.gr/witcher/resource/The_Warble_of_a_Smitten_Knight	http://cgi.di.uoa.gr/witcher/ontology#region	http://cgi.di.uoa.gr/witcher/resource/Sansretour_Valley
http://cgi.di.uoa.gr/witcher/resource/A_Costly_Mistake	http://cgi.di.uoa.gr/witcher/ontology#region	http://cgi.di.uoa.gr/witcher/resource/Velen
http://cgi.di.uoa.gr/witcher/resource/Novigrad_Closed_City	http://cgi.di.uoa.gr/witcher/ontology#region	http://cgi.di.uoa.gr/witcher/resource/Novigrad
http://cgi.di.uoa.gr/witcher/resource/A_Final_Kindness	http://cgi.di.uoa.gr/witcher/ontology#region	http://cgi.di.uoa.gr/witcher/resource/Novigrad
http://cgi.di.uoa.gr/witcher/resource/Enchanting_Quality_Has_Its_Price	http://cgi.di.uoa.gr/witcher/ontology#region	http://cgi.di.uoa.gr/witcher/resource/Brunwich
http://cgi.di.uoa.gr/witcher/resource/Berengar_s_Blade	http://cgi.di.uoa.gr/witcher/ontology#region	http://cgi.di.uoa.gr/witcher/resource/Kaer_Morhen_valley
http://cgi.di.uoa.gr/witcher/resource/Vintner_s_Contract_Duchaton_Crest	http://cgi.di.uoa.gr/witcher/ontology#region	http://cgi.di.uoa.gr/witcher/resource/Gorgon_Foothills
http://cgi.di.uoa.gr/witcher/resource/Erasmus_Vegelbud	http://cgi.di.uoa.gr/witcher/ontology#relative	http://cgi.di.uoa.gr/witcher/resource/Patricia_Vegelbud
http://cgi.di.uoa.gr/witcher/resource/Halbjorn	http://cgi.di.uoa.gr/witcher/ontology#relative	http://cgi.di.uoa.gr/witcher/resource/Holger_Blackhand
http://cgi.di.uoa.gr/witcher/resource/Olgierd_von_Everec	http://cgi.di.uoa.gr/witcher/ontology#relative	http://cgi.di.uoa.gr/witcher/resource/Honoratina_von_Everec
http://cgi.di.uoa.gr/witcher/resource/Dune_Vildenvert	http://cgi.di.uoa.gr/witcher/ontology#relative	http://cgi.di.uoa.gr/witcher/resource/Bastien_Vildenvert
http://cgi.di.uoa.gr/witcher/resource/Eist_Tuirseach	http://cgi.di.uoa.gr/witcher/ontology#relative	http://cgi.di.uoa.gr/witcher/resource/Crach_an_Craite
http://cgi.di.uoa.gr/witcher/resource/Anna_Henrietta	http://cgi.di.uoa.gr/witcher/ontology#relative	http://cgi.di.uoa.gr/witcher/resource/Carolina_Roberta
http://cgi.di.uoa.gr/witcher/resource/Bruno	http://cgi.di.uoa.gr/witcher/ontology#relative	http://cgi.di.uoa.gr/witcher/resource/Mikel
http://cgi.di.uoa.gr/witcher/resource/Sylvia_Anna	http://cgi.di.uoa.gr/witcher/ontology#relative	http://cgi.di.uoa.gr/witcher/resource/Emhyr_var_Emreis
http://cgi.di.uoa.gr/witcher/resource/Cregennan_of_Lod	http://cgi.di.uoa.gr/witcher/ontology#relative	http://cgi.di.uoa.gr/witcher/resource/Ciri
http://cgi.di.uoa.gr/witcher/resource/Henri_III	http://cgi.di.uoa.gr/witcher/ontology#relative	http://cgi.di.uoa.gr/witcher/resource/Adela_Marta
http://cgi.di.uoa.gr/witcher/resource/Guillaume_de_Launfal	http://cgi.di.uoa.gr/witcher/ontology#relative	http://cgi.di.uoa.gr/witcher/resource/Palmerin_de_Launfal
http://cgi.di.uoa.gr/witcher/resource/Luc_Vegelbud	http://cgi.di.uoa.gr/witcher/ontology#relative	http://cgi.di.uoa.gr/witcher/resource/Erasmus_Vegelbud
http://cgi.di.uoa.gr/witcher/resource/Otrygg_an_Hindar	http://cgi.di.uoa.gr/witcher/ontology#relative	http://cgi.di.uoa.gr/witcher/resource/Donar_an_Hindar
http://cgi.di.uoa.gr/witcher/resource/Udalryk_an_Brokvar	http://cgi.di.uoa.gr/witcher/ontology#relative	http://cgi.di.uoa.gr/witcher/resource/Aki
http://cgi.di.uoa.gr/witcher/resource/Horm_Akerspaark	http://cgi.di.uoa.gr/witcher/ontology#relative	http://cgi.di.uoa.gr/witcher/resource/Argentina_Akerspaark
http://cgi.di.uoa.gr/witcher/resource/Vimme_Vivaldi	http://cgi.di.uoa.gr/witcher/ontology#relative	http://cgi.di.uoa.gr/witcher/resource/Igor_Vivaldi
http://cgi.di.uoa.gr/witcher/resource/Radovid_V	http://cgi.di.uoa.gr/witcher/ontology#relative	http://cgi.di.uoa.gr/witcher/resource/Dalimira
http://cgi.di.uoa.gr/witcher/resource/Lara_Dorren	http://cgi.di.uoa.gr/witcher/ontology#relative	http://cgi.di.uoa.gr/witcher/resource/Amavet
http://cgi.di.uoa.gr/witcher/resource/Tankred_Thyssen	http://cgi.di.uoa.gr/witcher/ontology#relative	http://cgi.di.uoa.gr/witcher/resource/Guiscard_Vermuellen
http://cgi.di.uoa.gr/witcher/resource/Falka	http://cgi.di.uoa.gr/witcher/ontology#relative	http://cgi.di.uoa.gr/witcher/resource/Riannon
http://cgi.di.uoa.gr/witcher/resource/Valgridovt	http://cgi.di.uoa.gr/witcher/ontology#relative	http://cgi.di.uoa.gr/witcher/resource/Plaetyn
http://cgi.di.uoa.gr/witcher/resource/Galvalesteith	http://cgi.di.uoa.gr/witcher/ontology#abilities	http://cgi.di.uoa.gr/witcher/resource/Telepathy
http://cgi.di.uoa.gr/witcher/resource/Sheala_de_Tancarville	http://cgi.di.uoa.gr/witcher/ontology#abilities	http://cgi.di.uoa.gr/witcher/resource/Magic
http://cgi.di.uoa.gr/witcher/resource/Ciri	http://cgi.di.uoa.gr/witcher/ontology#abilities	http://cgi.di.uoa.gr/witcher/resource/Elder_Blood
http://cgi.di.uoa.gr/witcher/resource/Arnvald	http://cgi.di.uoa.gr/witcher/ontology#abilities	http://cgi.di.uoa.gr/witcher/resource/Human
http://cgi.di.uoa.gr/witcher/resource/Dana_Meadbh	http://cgi.di.uoa.gr/witcher/ontology#abilities	http://cgi.di.uoa.gr/witcher/resource/Telepathy
http://cgi.di.uoa.gr/witcher/resource/Aamad	http://cgi.di.uoa.gr/witcher/ontology#abilities	http://cgi.di.uoa.gr/witcher/resource/Magic
http://cgi.di.uoa.gr/witcher/resource/Abelard_of_Hagge	http://cgi.di.uoa.gr/witcher/ontology#abilities	http://cgi.di.uoa.gr/witcher/resource/Magic
http://cgi.di.uoa.gr/witcher/resource/Ciri	http://cgi.di.uoa.gr/witcher/ontology#abilities	http://cgi.di.uoa.gr/witcher/resource/Magic
http://cgi.di.uoa.gr/witcher/resource/Philippa_Eilhart	http://cgi.di.uoa.gr/witcher/ontology#abilities	http://cgi.di.uoa.gr/witcher/resource/Magic
http://cgi.di.uoa.gr/witcher/resource/Philippa_Eilhart	http://cgi.di.uoa.gr/witcher/ontology#abilities	http://cgi.di.uoa.gr/witcher/resource/Polymorphism
http://cgi.di.uoa.gr/witcher/resource/Carduin	http://cgi.di.uoa.gr/witcher/ontology#abilities	http://cgi.di.uoa.gr/witcher/resource/Magic
http://cgi.di.uoa.gr/witcher/resource/Meve	http://cgi.di.uoa.gr/witcher/ontology#abilities	http://cgi.di.uoa.gr/witcher/resource/House_of_Raven
http://cgi.di.uoa.gr/witcher/resource/Aep_Dearhenna	http://cgi.di.uoa.gr/witcher/ontology#abilities	http://cgi.di.uoa.gr/witcher/resource/Magic
http://cgi.di.uoa.gr/witcher/resource/Adam_Murky_Waters	http://cgi.di.uoa.gr/witcher/ontology#abilities	http://cgi.di.uoa.gr/witcher/resource/Human
http://cgi.di.uoa.gr/witcher/resource/Fritjof	http://cgi.di.uoa.gr/witcher/ontology#abilities	http://cgi.di.uoa.gr/witcher/resource/Aeromancy
http://cgi.di.uoa.gr/witcher/resource/Aubry_witcher	http://cgi.di.uoa.gr/witcher/ontology#abilities	http://cgi.di.uoa.gr/witcher/resource/Sign
http://cgi.di.uoa.gr/witcher/resource/Gerhart_of_Aelle	http://cgi.di.uoa.gr/witcher/ontology#abilities	http://cgi.di.uoa.gr/witcher/resource/Magic
http://cgi.di.uoa.gr/witcher/resource/Astrogarus	http://cgi.di.uoa.gr/witcher/ontology#abilities	http://cgi.di.uoa.gr/witcher/resource/Astromancy
http://cgi.di.uoa.gr/witcher/resource/Adon_of_Carreras	http://cgi.di.uoa.gr/witcher/ontology#abilities	http://cgi.di.uoa.gr/witcher/resource/Signs
http://cgi.di.uoa.gr/witcher/resource/Bras_of_Ban_Ard	http://cgi.di.uoa.gr/witcher/ontology#abilities	http://cgi.di.uoa.gr/witcher/resource/Magic
http://cgi.di.uoa.gr/witcher/resource/Dragonfly_witcher	http://cgi.di.uoa.gr/witcher/ontology#abilities	http://cgi.di.uoa.gr/witcher/resource/Signs
http://cgi.di.uoa.gr/witcher/resource/Carla_Demetia_Crest	http://cgi.di.uoa.gr/witcher/ontology#abilities	http://cgi.di.uoa.gr/witcher/resource/Magic
http://cgi.di.uoa.gr/witcher/resource/Adon_of_Carreras	http://cgi.di.uoa.gr/witcher/ontology#abilities	http://cgi.di.uoa.gr/witcher/resource/Alchemy
http://cgi.di.uoa.gr/witcher/resource/Yennefer_of_Vengerberg	http://cgi.di.uoa.gr/witcher/ontology#abilities	http://cgi.di.uoa.gr/witcher/resource/Magic
http://cgi.di.uoa.gr/witcher/resource/Eberhartt_of_Rivia	http://cgi.di.uoa.gr/witcher/ontology#abilities	http://cgi.di.uoa.gr/witcher/resource/Werewolf
http://cgi.di.uoa.gr/witcher/resource/Axel_Esparza	http://cgi.di.uoa.gr/witcher/ontology#abilities	http://cgi.di.uoa.gr/witcher/resource/Magic
http://cgi.di.uoa.gr/witcher/resource/Cedric_witcher	http://cgi.di.uoa.gr/witcher/ontology#abilities	http://cgi.di.uoa.gr/witcher/resource/Alchemy
http://cgi.di.uoa.gr/witcher/resource/Albatross	http://cgi.di.uoa.gr/witcher/ontology#abilities	http://cgi.di.uoa.gr/witcher/resource/Aamad
http://cgi.di.uoa.gr/witcher/resource/Felicia_Cori	http://cgi.di.uoa.gr/witcher/ontology#abilities	http://cgi.di.uoa.gr/witcher/resource/Magic
http://cgi.di.uoa.gr/witcher/resource/Agnes_of_Glanville	http://cgi.di.uoa.gr/witcher/ontology#abilities	http://cgi.di.uoa.gr/witcher/resource/magic
http://cgi.di.uoa.gr/witcher/resource/Vilgefortz	http://cgi.di.uoa.gr/witcher/ontology#abilities	http://cgi.di.uoa.gr/witcher/resource/Wikipedia_Stick_fighting
http://cgi.di.uoa.gr/witcher/resource/Bartholomew_Bargee	http://cgi.di.uoa.gr/witcher/ontology#abilities	http://cgi.di.uoa.gr/witcher/resource/Arm_wrestling
http://cgi.di.uoa.gr/witcher/resource/Vanhemar	http://cgi.di.uoa.gr/witcher/ontology#abilities	http://cgi.di.uoa.gr/witcher/resource/Magic
http://cgi.di.uoa.gr/witcher/resource/Vilgefortz	http://cgi.di.uoa.gr/witcher/ontology#abilities	http://cgi.di.uoa.gr/witcher/resource/Magic
http://cgi.di.uoa.gr/witcher/resource/Keira_Metz	http://cgi.di.uoa.gr/witcher/ontology#abilities	http://cgi.di.uoa.gr/witcher/resource/Magic
http://cgi.di.uoa.gr/witcher/resource/Alzur	http://cgi.di.uoa.gr/witcher/ontology#abilities	http://cgi.di.uoa.gr/witcher/resource/Magic
http://cgi.di.uoa.gr/witcher/resource/Kiyan	http://cgi.di.uoa.gr/witcher/ontology#abilities	http://cgi.di.uoa.gr/witcher/resource/Alchemy
http://cgi.di.uoa.gr/witcher/resource/Cedric_witcher	http://cgi.di.uoa.gr/witcher/ontology#abilities	http://cgi.di.uoa.gr/witcher/resource/Signs
http://cgi.di.uoa.gr/witcher/resource/Dragonfly_witcher	http://cgi.di.uoa.gr/witcher/ontology#abilities	http://cgi.di.uoa.gr/witcher/resource/Alchemy
http://cgi.di.uoa.gr/witcher/resource/Adalbert_Nilfgaardian_sorcerer	http://cgi.di.uoa.gr/witcher/ontology#abilities	http://cgi.di.uoa.gr/witcher/resource/Magic
http://cgi.di.uoa.gr/witcher/resource/Geralt_of_Rivia	http://cgi.di.uoa.gr/witcher/ontology#abilities	http://cgi.di.uoa.gr/witcher/resource/Alchemy
http://cgi.di.uoa.gr/witcher/resource/Albrich	http://cgi.di.uoa.gr/witcher/ontology#abilities	http://cgi.di.uoa.gr/witcher/resource/Magic
http://cgi.di.uoa.gr/witcher/resource/Elgar	http://cgi.di.uoa.gr/witcher/ontology#abilities	http://cgi.di.uoa.gr/witcher/resource/Alchemy
http://cgi.di.uoa.gr/witcher/resource/Axel_witcher	http://cgi.di.uoa.gr/witcher/ontology#abilities	http://cgi.di.uoa.gr/witcher/resource/Alchemy
http://cgi.di.uoa.gr/witcher/resource/Meve	http://cgi.di.uoa.gr/witcher/ontology#abilities	http://cgi.di.uoa.gr/witcher/resource/Monarchs_of_Lyria_and_Rivia
http://cgi.di.uoa.gr/witcher/resource/Biruta_Icarti	http://cgi.di.uoa.gr/witcher/ontology#abilities	http://cgi.di.uoa.gr/witcher/resource/Magic
http://cgi.di.uoa.gr/witcher/resource/Ortolan	http://cgi.di.uoa.gr/witcher/ontology#abilities	http://cgi.di.uoa.gr/witcher/resource/Magic
http://cgi.di.uoa.gr/witcher/resource/Letho	http://cgi.di.uoa.gr/witcher/ontology#abilities	http://cgi.di.uoa.gr/witcher/resource/Alchemy
http://cgi.di.uoa.gr/witcher/resource/Dagobert_Sulla	http://cgi.di.uoa.gr/witcher/ontology#abilities	http://cgi.di.uoa.gr/witcher/resource/Alchemy
http://cgi.di.uoa.gr/witcher/resource/Eskel_Netflix_series	http://cgi.di.uoa.gr/witcher/ontology#abilities	http://cgi.di.uoa.gr/witcher/resource/Alchemy
http://cgi.di.uoa.gr/witcher/resource/Atlan_Kerk	http://cgi.di.uoa.gr/witcher/ontology#abilities	http://cgi.di.uoa.gr/witcher/resource/Magic
http://cgi.di.uoa.gr/witcher/resource/April_Wenhaver	http://cgi.di.uoa.gr/witcher/ontology#abilities	http://cgi.di.uoa.gr/witcher/resource/Magic
http://cgi.di.uoa.gr/witcher/resource/Eskel_Netflix_series	http://cgi.di.uoa.gr/witcher/ontology#abilities	http://cgi.di.uoa.gr/witcher/resource/Signs
http://cgi.di.uoa.gr/witcher/resource/Coën_Netflix_series	http://cgi.di.uoa.gr/witcher/ontology#abilities	http://cgi.di.uoa.gr/witcher/resource/Alchemy
http://cgi.di.uoa.gr/witcher/resource/Elgar	http://cgi.di.uoa.gr/witcher/ontology#abilities	http://cgi.di.uoa.gr/witcher/resource/Signs
http://cgi.di.uoa.gr/witcher/resource/Ponderic	http://cgi.di.uoa.gr/witcher/ontology#abilities	http://cgi.di.uoa.gr/witcher/resource/Spider_s_Tongue
http://cgi.di.uoa.gr/witcher/resource/Abigail	http://cgi.di.uoa.gr/witcher/ontology#abilities	http://cgi.di.uoa.gr/witcher/resource/The_Witcher_alchemy
http://cgi.di.uoa.gr/witcher/resource/Axel_witcher	http://cgi.di.uoa.gr/witcher/ontology#abilities	http://cgi.di.uoa.gr/witcher/resource/Signs
http://cgi.di.uoa.gr/witcher/resource/Agnes_of_Glanville	http://cgi.di.uoa.gr/witcher/ontology#abilities	http://cgi.di.uoa.gr/witcher/resource/Air
http://cgi.di.uoa.gr/witcher/resource/Frank	http://cgi.di.uoa.gr/witcher/ontology#abilities	http://cgi.di.uoa.gr/witcher/resource/Sign
http://cgi.di.uoa.gr/witcher/resource/Aiden	http://cgi.di.uoa.gr/witcher/ontology#abilities	http://cgi.di.uoa.gr/witcher/resource/Alchemy
http://cgi.di.uoa.gr/witcher/resource/Lady_of_the_Lake_nymph	http://cgi.di.uoa.gr/witcher/ontology#abilities	http://cgi.di.uoa.gr/witcher/resource/Magic
http://cgi.di.uoa.gr/witcher/resource/Dorreniel	http://cgi.di.uoa.gr/witcher/ontology#abilities	http://cgi.di.uoa.gr/witcher/resource/Magic
http://cgi.di.uoa.gr/witcher/resource/Dorregaray	http://cgi.di.uoa.gr/witcher/ontology#abilities	http://cgi.di.uoa.gr/witcher/resource/Magic
http://cgi.di.uoa.gr/witcher/resource/Kiyan	http://cgi.di.uoa.gr/witcher/ontology#abilities	http://cgi.di.uoa.gr/witcher/resource/Signs
http://cgi.di.uoa.gr/witcher/resource/Atlan_Kerk_Netflix_series	http://cgi.di.uoa.gr/witcher/ontology#abilities	http://cgi.di.uoa.gr/witcher/resource/Magic
http://cgi.di.uoa.gr/witcher/resource/Crowmother	http://cgi.di.uoa.gr/witcher/ontology#abilities	http://cgi.di.uoa.gr/witcher/resource/Crow
http://cgi.di.uoa.gr/witcher/resource/Jerome_Moreau	http://cgi.di.uoa.gr/witcher/ontology#abilities	http://cgi.di.uoa.gr/witcher/resource/Alchemy
http://cgi.di.uoa.gr/witcher/resource/Dagobert	http://cgi.di.uoa.gr/witcher/ontology#abilities	http://cgi.di.uoa.gr/witcher/resource/Magic
http://cgi.di.uoa.gr/witcher/resource/Eberhartt_of_Rivia	http://cgi.di.uoa.gr/witcher/ontology#abilities	http://cgi.di.uoa.gr/witcher/resource/Magic
http://cgi.di.uoa.gr/witcher/resource/Coën_Netflix_series	http://cgi.di.uoa.gr/witcher/ontology#abilities	http://cgi.di.uoa.gr/witcher/resource/Signs
http://cgi.di.uoa.gr/witcher/resource/Letho	http://cgi.di.uoa.gr/witcher/ontology#abilities	http://cgi.di.uoa.gr/witcher/resource/Signs
http://cgi.di.uoa.gr/witcher/resource/Zdenek	http://cgi.di.uoa.gr/witcher/ontology#abilities	http://cgi.di.uoa.gr/witcher/resource/Human
http://cgi.di.uoa.gr/witcher/resource/Ealdred	http://cgi.di.uoa.gr/witcher/ontology#abilities	http://cgi.di.uoa.gr/witcher/resource/Alchemy
http://cgi.di.uoa.gr/witcher/resource/Albastra	http://cgi.di.uoa.gr/witcher/ontology#abilities	http://cgi.di.uoa.gr/witcher/resource/Telepathy
http://cgi.di.uoa.gr/witcher/resource/Igor_de_Sade	http://cgi.di.uoa.gr/witcher/ontology#abilities	http://cgi.di.uoa.gr/witcher/resource/Magic
http://cgi.di.uoa.gr/witcher/resource/Cahir_Mawr_Dyffryn_aep_Ceallach	http://cgi.di.uoa.gr/witcher/ontology#abilities	http://cgi.di.uoa.gr/witcher/resource/Horse
http://cgi.di.uoa.gr/witcher/resource/Assire_var_Anahid	http://cgi.di.uoa.gr/witcher/ontology#abilities	http://cgi.di.uoa.gr/witcher/resource/Magic
http://cgi.di.uoa.gr/witcher/resource/Little_Red_bandit	http://cgi.di.uoa.gr/witcher/ontology#abilities	http://cgi.di.uoa.gr/witcher/resource/Werewolf
http://cgi.di.uoa.gr/witcher/resource/Geralt_of_Rivia	http://cgi.di.uoa.gr/witcher/ontology#abilities	http://cgi.di.uoa.gr/witcher/resource/Signs
http://cgi.di.uoa.gr/witcher/resource/Vizima_Dragon	http://cgi.di.uoa.gr/witcher/ontology#species	http://cgi.di.uoa.gr/witcher/resource/Dragon
http://cgi.di.uoa.gr/witcher/resource/The_Musicians_of_Blaviken	http://cgi.di.uoa.gr/witcher/ontology#species	http://cgi.di.uoa.gr/witcher/resource/Cat_creature
http://cgi.di.uoa.gr/witcher/resource/Kelpie_horse	http://cgi.di.uoa.gr/witcher/ontology#species	http://cgi.di.uoa.gr/witcher/resource/Horse
http://cgi.di.uoa.gr/witcher/resource/IDR_UL_Ex_IX_0008_BETA	http://cgi.di.uoa.gr/witcher/ontology#species	http://cgi.di.uoa.gr/witcher/resource/Idr
http://cgi.di.uoa.gr/witcher/resource/The_Musicians_of_Blaviken	http://cgi.di.uoa.gr/witcher/ontology#species	http://cgi.di.uoa.gr/witcher/resource/Dog
http://cgi.di.uoa.gr/witcher/resource/Glutton	http://cgi.di.uoa.gr/witcher/ontology#species	http://cgi.di.uoa.gr/witcher/resource/Cat_creature
http://cgi.di.uoa.gr/witcher/resource/Olaf_bear	http://cgi.di.uoa.gr/witcher/ontology#species	http://cgi.di.uoa.gr/witcher/resource/Bear
http://cgi.di.uoa.gr/witcher/resource/Sir_Skewertooth	http://cgi.di.uoa.gr/witcher/ontology#species	http://cgi.di.uoa.gr/witcher/resource/Wild_boar
http://cgi.di.uoa.gr/witcher/resource/Morholt	http://cgi.di.uoa.gr/witcher/ontology#species	http://cgi.di.uoa.gr/witcher/resource/Wolf_creature
http://cgi.di.uoa.gr/witcher/resource/Zephyr	http://cgi.di.uoa.gr/witcher/ontology#species	http://cgi.di.uoa.gr/witcher/resource/Drowned_dead
http://cgi.di.uoa.gr/witcher/resource/Mia	http://cgi.di.uoa.gr/witcher/ontology#species	http://cgi.di.uoa.gr/witcher/resource/Sheep
http://cgi.di.uoa.gr/witcher/resource/Roach_Netflix_series	http://cgi.di.uoa.gr/witcher/ontology#species	http://cgi.di.uoa.gr/witcher/resource/Horse
http://cgi.di.uoa.gr/witcher/resource/Gevorg	http://cgi.di.uoa.gr/witcher/ontology#species	http://cgi.di.uoa.gr/witcher/resource/Whale
http://cgi.di.uoa.gr/witcher/resource/Babiyetza	http://cgi.di.uoa.gr/witcher/ontology#species	http://cgi.di.uoa.gr/witcher/resource/Horse
http://cgi.di.uoa.gr/witcher/resource/Anika	http://cgi.di.uoa.gr/witcher/ontology#species	http://cgi.di.uoa.gr/witcher/resource/Human
http://cgi.di.uoa.gr/witcher/resource/Scorpion_horse	http://cgi.di.uoa.gr/witcher/ontology#species	http://cgi.di.uoa.gr/witcher/resource/Horse
http://cgi.di.uoa.gr/witcher/resource/Merlin	http://cgi.di.uoa.gr/witcher/ontology#species	http://cgi.di.uoa.gr/witcher/resource/Cat_creature
http://cgi.di.uoa.gr/witcher/resource/Prize_winning_cow	http://cgi.di.uoa.gr/witcher/ontology#species	http://cgi.di.uoa.gr/witcher/resource/Cow
http://cgi.di.uoa.gr/witcher/resource/Three_Bears	http://cgi.di.uoa.gr/witcher/ontology#species	http://cgi.di.uoa.gr/witcher/resource/Bear
http://cgi.di.uoa.gr/witcher/resource/Beann_shie_wolf	http://cgi.di.uoa.gr/witcher/ontology#species	http://cgi.di.uoa.gr/witcher/resource/Wolf_creature
http://cgi.di.uoa.gr/witcher/resource/Eva	http://cgi.di.uoa.gr/witcher/ontology#species	http://cgi.di.uoa.gr/witcher/resource/Human
http://cgi.di.uoa.gr/witcher/resource/Bovine_Defense_Force_Initiative	http://cgi.di.uoa.gr/witcher/ontology#species	http://cgi.di.uoa.gr/witcher/resource/Chort
http://cgi.di.uoa.gr/witcher/resource/IDR_UL_Ex_IX_0012_BETA	http://cgi.di.uoa.gr/witcher/ontology#species	http://cgi.di.uoa.gr/witcher/resource/Idr
http://cgi.di.uoa.gr/witcher/resource/Billy_Goat	http://cgi.di.uoa.gr/witcher/ontology#species	http://cgi.di.uoa.gr/witcher/resource/Goat
http://cgi.di.uoa.gr/witcher/resource/Princess_goat	http://cgi.di.uoa.gr/witcher/ontology#species	http://cgi.di.uoa.gr/witcher/resource/Goat
http://cgi.di.uoa.gr/witcher/resource/Pegasus	http://cgi.di.uoa.gr/witcher/ontology#species	http://cgi.di.uoa.gr/witcher/resource/Horse
http://cgi.di.uoa.gr/witcher/resource/D_yaebl_wolf	http://cgi.di.uoa.gr/witcher/ontology#species	http://cgi.di.uoa.gr/witcher/resource/Wolf_creature
http://cgi.di.uoa.gr/witcher/resource/The_Musicians_of_Blaviken	http://cgi.di.uoa.gr/witcher/ontology#species	http://cgi.di.uoa.gr/witcher/resource/Rooster
http://cgi.di.uoa.gr/witcher/resource/Puss_Fablesphere	http://cgi.di.uoa.gr/witcher/ontology#species	http://cgi.di.uoa.gr/witcher/resource/Cat_creature
http://cgi.di.uoa.gr/witcher/resource/Lil_Bleater	http://cgi.di.uoa.gr/witcher/ontology#species	http://cgi.di.uoa.gr/witcher/resource/Goat
http://cgi.di.uoa.gr/witcher/resource/Bucephalus	http://cgi.di.uoa.gr/witcher/ontology#species	http://cgi.di.uoa.gr/witcher/resource/Horse
http://cgi.di.uoa.gr/witcher/resource/Crach_an_Craite	http://cgi.di.uoa.gr/witcher/ontology#children	http://cgi.di.uoa.gr/witcher/resource/Ragnar
http://cgi.di.uoa.gr/witcher/resource/Phillip_Strenger	http://cgi.di.uoa.gr/witcher/ontology#children	http://cgi.di.uoa.gr/witcher/resource/Dea
http://cgi.di.uoa.gr/witcher/resource/Demavend_III	http://cgi.di.uoa.gr/witcher/ontology#children	http://cgi.di.uoa.gr/witcher/resource/Baldwin_of_Gulet
http://cgi.di.uoa.gr/witcher/resource/Esterad_Thyssen	http://cgi.di.uoa.gr/witcher/ontology#children	http://cgi.di.uoa.gr/witcher/resource/Tankred_Thyssen
http://cgi.di.uoa.gr/witcher/resource/Esterad_Thyssen	http://cgi.di.uoa.gr/witcher/ontology#children	http://cgi.di.uoa.gr/witcher/resource/Heloiza_Thyssen
http://cgi.di.uoa.gr/witcher/resource/Crach_an_Craite	http://cgi.di.uoa.gr/witcher/ontology#children	http://cgi.di.uoa.gr/witcher/resource/Cerys_an_Craite
http://cgi.di.uoa.gr/witcher/resource/Kristina_von_Everec	http://cgi.di.uoa.gr/witcher/ontology#children	http://cgi.di.uoa.gr/witcher/resource/Olgierd_von_Everec
http://cgi.di.uoa.gr/witcher/resource/Eithné	http://cgi.di.uoa.gr/witcher/ontology#children	http://cgi.di.uoa.gr/witcher/resource/Morénn
http://cgi.di.uoa.gr/witcher/resource/Meve	http://cgi.di.uoa.gr/witcher/ontology#children	http://cgi.di.uoa.gr/witcher/resource/Villem
http://cgi.di.uoa.gr/witcher/resource/Akerspaark	http://cgi.di.uoa.gr/witcher/ontology#children	http://cgi.di.uoa.gr/witcher/resource/Horm_Akerspaark
http://cgi.di.uoa.gr/witcher/resource/Videmont	http://cgi.di.uoa.gr/witcher/ontology#children	http://cgi.di.uoa.gr/witcher/resource/Agnes_of_Aedirn
http://cgi.di.uoa.gr/witcher/resource/Heulyn	http://cgi.di.uoa.gr/witcher/ontology#children	http://cgi.di.uoa.gr/witcher/resource/Broddr
http://cgi.di.uoa.gr/witcher/resource/Yennefer_of_Vengerberg	http://cgi.di.uoa.gr/witcher/ontology#children	http://cgi.di.uoa.gr/witcher/resource/Ciri
http://cgi.di.uoa.gr/witcher/resource/Akerspaark	http://cgi.di.uoa.gr/witcher/ontology#children	http://cgi.di.uoa.gr/witcher/resource/Malvina_Akerspaark
http://cgi.di.uoa.gr/witcher/resource/Esterad_Thyssen	http://cgi.di.uoa.gr/witcher/ontology#children	http://cgi.di.uoa.gr/witcher/resource/Gaudemunda_Thyssen
http://cgi.di.uoa.gr/witcher/resource/Akerspaark	http://cgi.di.uoa.gr/witcher/ontology#children	http://cgi.di.uoa.gr/witcher/resource/Valia_Akerspaark
http://cgi.di.uoa.gr/witcher/resource/Heulyn	http://cgi.di.uoa.gr/witcher/ontology#children	http://cgi.di.uoa.gr/witcher/resource/Grymmdjarr
http://cgi.di.uoa.gr/witcher/resource/Demavend_III	http://cgi.di.uoa.gr/witcher/ontology#children	http://cgi.di.uoa.gr/witcher/resource/Stennis
http://cgi.di.uoa.gr/witcher/resource/Cregennan_of_Lod	http://cgi.di.uoa.gr/witcher/ontology#children	http://cgi.di.uoa.gr/witcher/resource/Riannon
http://cgi.di.uoa.gr/witcher/resource/Fergus_var_Emreis	http://cgi.di.uoa.gr/witcher/ontology#children	http://cgi.di.uoa.gr/witcher/resource/Emhyr_var_Emreis
http://cgi.di.uoa.gr/witcher/resource/Yennefer_of_Vengerberg_Netflix_series	http://cgi.di.uoa.gr/witcher/ontology#children	http://cgi.di.uoa.gr/witcher/resource/Ciri_Netflix_series
http://cgi.di.uoa.gr/witcher/resource/Meve	http://cgi.di.uoa.gr/witcher/ontology#children	http://cgi.di.uoa.gr/witcher/resource/Anséis
http://cgi.di.uoa.gr/witcher/resource/Akerspaark	http://cgi.di.uoa.gr/witcher/ontology#children	http://cgi.di.uoa.gr/witcher/resource/Nina_Akerspaark
http://cgi.di.uoa.gr/witcher/resource/Akerspaark	http://cgi.di.uoa.gr/witcher/ontology#children	http://cgi.di.uoa.gr/witcher/resource/Torm_Akerspaark
http://cgi.di.uoa.gr/witcher/resource/Murky_Waters_blacksmith	http://cgi.di.uoa.gr/witcher/ontology#children	http://cgi.di.uoa.gr/witcher/resource/Blacksmith_s_son
http://cgi.di.uoa.gr/witcher/resource/Crach_an_Craite	http://cgi.di.uoa.gr/witcher/ontology#children	http://cgi.di.uoa.gr/witcher/resource/Hjalmar_an_Craite
http://cgi.di.uoa.gr/witcher/resource/Caldemeyn	http://cgi.di.uoa.gr/witcher/ontology#children	http://cgi.di.uoa.gr/witcher/resource/Annika
http://cgi.di.uoa.gr/witcher/resource/Adda_the_White	http://cgi.di.uoa.gr/witcher/ontology#children	http://cgi.di.uoa.gr/witcher/resource/Anaïs_La_Valette
http://cgi.di.uoa.gr/witcher/resource/Potrim	http://cgi.di.uoa.gr/witcher/ontology#children	http://cgi.di.uoa.gr/witcher/resource/Giltine
http://cgi.di.uoa.gr/witcher/resource/Iris_von_Everec_s_mother	http://cgi.di.uoa.gr/witcher/ontology#children	http://cgi.di.uoa.gr/witcher/resource/Iris_von_Everec
http://cgi.di.uoa.gr/witcher/resource/Villentretenmerth	http://cgi.di.uoa.gr/witcher/ontology#children	http://cgi.di.uoa.gr/witcher/resource/Saesenthessis
http://cgi.di.uoa.gr/witcher/resource/Victor_Monnart	http://cgi.di.uoa.gr/witcher/ontology#children	http://cgi.di.uoa.gr/witcher/resource/Hugo_Monnart
http://cgi.di.uoa.gr/witcher/resource/Akerspaark	http://cgi.di.uoa.gr/witcher/ontology#children	http://cgi.di.uoa.gr/witcher/resource/Gonzalez_Akerspaark
http://cgi.di.uoa.gr/witcher/resource/Crach_an_Craite	http://cgi.di.uoa.gr/witcher/ontology#children	http://cgi.di.uoa.gr/witcher/resource/Loki_an_Craite
http://cgi.di.uoa.gr/witcher/resource/Bjorn_Stormursson	http://cgi.di.uoa.gr/witcher/ontology#children	http://cgi.di.uoa.gr/witcher/resource/Gudrun_Bjornsdottir
http://cgi.di.uoa.gr/witcher/resource/Viraxas	http://cgi.di.uoa.gr/witcher/ontology#children	http://cgi.di.uoa.gr/witcher/resource/Tarrand
http://cgi.di.uoa.gr/witcher/resource/Emhyr_var_Emreis	http://cgi.di.uoa.gr/witcher/ontology#children	http://cgi.di.uoa.gr/witcher/resource/Ciri
http://cgi.di.uoa.gr/witcher/resource/Master_van_Schagen	http://cgi.di.uoa.gr/witcher/ontology#children	http://cgi.di.uoa.gr/witcher/resource/Celia
http://cgi.di.uoa.gr/witcher/resource/Akerspaark	http://cgi.di.uoa.gr/witcher/ontology#children	http://cgi.di.uoa.gr/witcher/resource/Gorm_Akerspaark
http://cgi.di.uoa.gr/witcher/resource/Anna_Strenger	http://cgi.di.uoa.gr/witcher/ontology#children	http://cgi.di.uoa.gr/witcher/resource/Tamara_Strenger
http://cgi.di.uoa.gr/witcher/resource/Priscilla	http://cgi.di.uoa.gr/witcher/ontology#partner	http://cgi.di.uoa.gr/witcher/resource/Dandelion
http://cgi.di.uoa.gr/witcher/resource/Villentretenmerth	http://cgi.di.uoa.gr/witcher/ontology#partner	http://cgi.di.uoa.gr/witcher/resource/Myrgtabrakke
http://cgi.di.uoa.gr/witcher/resource/Graham	http://cgi.di.uoa.gr/witcher/ontology#partner	http://cgi.di.uoa.gr/witcher/resource/Anabelle
http://cgi.di.uoa.gr/witcher/resource/Keira_Metz	http://cgi.di.uoa.gr/witcher/ontology#partner	http://cgi.di.uoa.gr/witcher/resource/Lambert
http://cgi.di.uoa.gr/witcher/resource/Potrim	http://cgi.di.uoa.gr/witcher/ontology#partner	http://cgi.di.uoa.gr/witcher/resource/Juna
http://cgi.di.uoa.gr/witcher/resource/Emiel_Regis_Rohellec_Terzieff_Godefroy	http://cgi.di.uoa.gr/witcher/ontology#partner	http://cgi.di.uoa.gr/witcher/resource/Natanis
http://cgi.di.uoa.gr/witcher/resource/Meve	http://cgi.di.uoa.gr/witcher/ontology#partner	http://cgi.di.uoa.gr/witcher/resource/Reginald
http://cgi.di.uoa.gr/witcher/resource/Jean_Luc	http://cgi.di.uoa.gr/witcher/ontology#partner	http://cgi.di.uoa.gr/witcher/resource/Andrée_de_Bourbeau
http://cgi.di.uoa.gr/witcher/resource/Anna_Henrietta	http://cgi.di.uoa.gr/witcher/ontology#partner	http://cgi.di.uoa.gr/witcher/resource/Dandelion
http://cgi.di.uoa.gr/witcher/resource/Villentretenmerth	http://cgi.di.uoa.gr/witcher/ontology#partner	http://cgi.di.uoa.gr/witcher/resource/Téa
http://cgi.di.uoa.gr/witcher/resource/Berthold	http://cgi.di.uoa.gr/witcher/ontology#partner	http://cgi.di.uoa.gr/witcher/resource/Anisse
http://cgi.di.uoa.gr/witcher/resource/Alina	http://cgi.di.uoa.gr/witcher/ontology#partner	http://cgi.di.uoa.gr/witcher/resource/Julian
http://cgi.di.uoa.gr/witcher/resource/Kestatis_von_Everec	http://cgi.di.uoa.gr/witcher/ontology#partner	http://cgi.di.uoa.gr/witcher/resource/Honoratina_von_Everec
http://cgi.di.uoa.gr/witcher/resource/Stefan_Skellen	http://cgi.di.uoa.gr/witcher/ontology#partner	http://cgi.di.uoa.gr/witcher/resource/Chloe_Stitz
http://cgi.di.uoa.gr/witcher/resource/Viraxas	http://cgi.di.uoa.gr/witcher/ontology#partner	http://cgi.di.uoa.gr/witcher/resource/Ildiko_Breckl
http://cgi.di.uoa.gr/witcher/resource/Maria_Louisa_La_Valette	http://cgi.di.uoa.gr/witcher/ontology#partner	http://cgi.di.uoa.gr/witcher/resource/Foltest
http://cgi.di.uoa.gr/witcher/resource/Cirilla_Fiona_imposter	http://cgi.di.uoa.gr/witcher/ontology#partner	http://cgi.di.uoa.gr/witcher/resource/Emhyr_var_Emreis
http://cgi.di.uoa.gr/witcher/resource/Demavend_III	http://cgi.di.uoa.gr/witcher/ontology#partner	http://cgi.di.uoa.gr/witcher/resource/Demaretta_of_Gulet
http://cgi.di.uoa.gr/witcher/resource/Dandelion	http://cgi.di.uoa.gr/witcher/ontology#partner	http://cgi.di.uoa.gr/witcher/resource/Priscilla
http://cgi.di.uoa.gr/witcher/resource/Maria_Louisa_La_Valette	http://cgi.di.uoa.gr/witcher/ontology#partner	http://cgi.di.uoa.gr/witcher/resource/Old_Baron_La_Valette
http://cgi.di.uoa.gr/witcher/resource/Yennefer_of_Vengerberg	http://cgi.di.uoa.gr/witcher/ontology#partner	http://cgi.di.uoa.gr/witcher/resource/Crach_an_Craite
http://cgi.di.uoa.gr/witcher/resource/Honoratina_von_Everec	http://cgi.di.uoa.gr/witcher/ontology#partner	http://cgi.di.uoa.gr/witcher/resource/Kestatis_von_Everec
http://cgi.di.uoa.gr/witcher/resource/Julian	http://cgi.di.uoa.gr/witcher/ontology#partner	http://cgi.di.uoa.gr/witcher/resource/Alina
http://cgi.di.uoa.gr/witcher/resource/Zoltan_Chivay	http://cgi.di.uoa.gr/witcher/ontology#partner	http://cgi.di.uoa.gr/witcher/resource/Eudora_Breckenriggs
http://cgi.di.uoa.gr/witcher/resource/The_Price_of_Honor	http://cgi.di.uoa.gr/witcher/ontology#location	http://cgi.di.uoa.gr/witcher/resource/Harviken
http://cgi.di.uoa.gr/witcher/resource/The_Play_s_the_Thing	http://cgi.di.uoa.gr/witcher/ontology#location	http://cgi.di.uoa.gr/witcher/resource/The_Bits
http://cgi.di.uoa.gr/witcher/resource/Scavenger_Hunt_Cat_School_Gear_Part_4	http://cgi.di.uoa.gr/witcher/ontology#location	http://cgi.di.uoa.gr/witcher/resource/Kaer_Gelen
http://cgi.di.uoa.gr/witcher/resource/An_Unfortunate_Turn_of_Events	http://cgi.di.uoa.gr/witcher/ontology#location	http://cgi.di.uoa.gr/witcher/resource/Fireburst_Harbor
http://cgi.di.uoa.gr/witcher/resource/Pomp_and_Strange_Circumstance	http://cgi.di.uoa.gr/witcher/ontology#location	http://cgi.di.uoa.gr/witcher/resource/Shelter
http://cgi.di.uoa.gr/witcher/resource/A_Bard_s_Beloved	http://cgi.di.uoa.gr/witcher/ontology#location	http://cgi.di.uoa.gr/witcher/resource/Palisade
http://cgi.di.uoa.gr/witcher/resource/Coronation	http://cgi.di.uoa.gr/witcher/ontology#location	http://cgi.di.uoa.gr/witcher/resource/Kaer_Trolde
http://cgi.di.uoa.gr/witcher/resource/Scavenger_Hunt_Bear_School_Gear_Part_4	http://cgi.di.uoa.gr/witcher/ontology#location	http://cgi.di.uoa.gr/witcher/resource/Destroyed_Bastion
http://cgi.di.uoa.gr/witcher/resource/Kaer_Morhen_quest	http://cgi.di.uoa.gr/witcher/ontology#location	http://cgi.di.uoa.gr/witcher/resource/Kaer_Morhen
http://cgi.di.uoa.gr/witcher/resource/Pomp_and_Strange_Circumstance	http://cgi.di.uoa.gr/witcher/ontology#location	http://cgi.di.uoa.gr/witcher/resource/Beauclair_Palace
http://cgi.di.uoa.gr/witcher/resource/Fists_of_Fury_Velen	http://cgi.di.uoa.gr/witcher/ontology#location	http://cgi.di.uoa.gr/witcher/resource/Inn_at_the_Crossroads
http://cgi.di.uoa.gr/witcher/resource/A_Poet_Under_Pressure	http://cgi.di.uoa.gr/witcher/ontology#location	http://cgi.di.uoa.gr/witcher/resource/Novigrad
http://cgi.di.uoa.gr/witcher/resource/Something_Ends_Something_Begins_quest	http://cgi.di.uoa.gr/witcher/ontology#location	http://cgi.di.uoa.gr/witcher/resource/Broken_Bridge
http://cgi.di.uoa.gr/witcher/resource/Broken_Flowers	http://cgi.di.uoa.gr/witcher/ontology#location	http://cgi.di.uoa.gr/witcher/resource/The_Kingfisher_Inn
http://cgi.di.uoa.gr/witcher/resource/Carnal_Sins	http://cgi.di.uoa.gr/witcher/ontology#location	http://cgi.di.uoa.gr/witcher/resource/Novigrad_sewers
http://cgi.di.uoa.gr/witcher/resource/Raging_Wolf	http://cgi.di.uoa.gr/witcher/ontology#location	http://cgi.di.uoa.gr/witcher/resource/Beauclair_Port
http://cgi.di.uoa.gr/witcher/resource/Forefathers_Eve	http://cgi.di.uoa.gr/witcher/ontology#location	http://cgi.di.uoa.gr/witcher/resource/Fyke_Isle
http://cgi.di.uoa.gr/witcher/resource/Payback	http://cgi.di.uoa.gr/witcher/ontology#location	http://cgi.di.uoa.gr/witcher/resource/The_Golden_Sturgeon
http://cgi.di.uoa.gr/witcher/resource/Contract_The_Creature_from_Oxenfurt_Forest	http://cgi.di.uoa.gr/witcher/ontology#location	http://cgi.di.uoa.gr/witcher/resource/Aeramas_Abandoned_Manor
http://cgi.di.uoa.gr/witcher/resource/Scavenger_Hunt_Viper_School_Gear	http://cgi.di.uoa.gr/witcher/ontology#location	http://cgi.di.uoa.gr/witcher/resource/White_Orchard_cemetery
http://cgi.di.uoa.gr/witcher/resource/Ghosts_of_the_Past	http://cgi.di.uoa.gr/witcher/ontology#location	http://cgi.di.uoa.gr/witcher/resource/Lurtch
http://cgi.di.uoa.gr/witcher/resource/Ugly_Baby	http://cgi.di.uoa.gr/witcher/ontology#location	http://cgi.di.uoa.gr/witcher/resource/Royal_Palace_Vizima
http://cgi.di.uoa.gr/witcher/resource/Open_Sesame_Breaking_and_Entering	http://cgi.di.uoa.gr/witcher/ontology#location	http://cgi.di.uoa.gr/witcher/resource/Carsten
http://cgi.di.uoa.gr/witcher/resource/Gwent_Old_Pals	http://cgi.di.uoa.gr/witcher/ontology#location	http://cgi.di.uoa.gr/witcher/resource/Seven_Cats_Inn
http://cgi.di.uoa.gr/witcher/resource/Scavenger_Hunt_Grandmaster_Ursine_Gear	http://cgi.di.uoa.gr/witcher/ontology#location	http://cgi.di.uoa.gr/witcher/resource/Tufo
http://cgi.di.uoa.gr/witcher/resource/Blood_on_the_Battlefield	http://cgi.di.uoa.gr/witcher/ontology#location	http://cgi.di.uoa.gr/witcher/resource/Kaer_Morhen
http://cgi.di.uoa.gr/witcher/resource/Don_t_Play_with_the_Gods	http://cgi.di.uoa.gr/witcher/ontology#location	http://cgi.di.uoa.gr/witcher/resource/Byways
http://cgi.di.uoa.gr/witcher/resource/Nilfgaardian_Treasure	http://cgi.di.uoa.gr/witcher/ontology#location	http://cgi.di.uoa.gr/witcher/resource/An_Skellig
http://cgi.di.uoa.gr/witcher/resource/Out_of_the_Frying_Pan_into_the_Fire	http://cgi.di.uoa.gr/witcher/ontology#location	http://cgi.di.uoa.gr/witcher/resource/Mowshurst
http://cgi.di.uoa.gr/witcher/resource/Hidden_in_the_Depths	http://cgi.di.uoa.gr/witcher/ontology#location	http://cgi.di.uoa.gr/witcher/resource/Harviken
http://cgi.di.uoa.gr/witcher/resource/Evil_s_Soft_First_Touches	http://cgi.di.uoa.gr/witcher/ontology#location	http://cgi.di.uoa.gr/witcher/resource/Oxenfurt_sewers
http://cgi.di.uoa.gr/witcher/resource/Fists_of_Fury_Skellige	http://cgi.di.uoa.gr/witcher/ontology#location	http://cgi.di.uoa.gr/witcher/resource/Harviken
http://cgi.di.uoa.gr/witcher/resource/The_Heroes_Pursuits_Fyresdal	http://cgi.di.uoa.gr/witcher/ontology#location	http://cgi.di.uoa.gr/witcher/resource/Kvalheim_Isle
http://cgi.di.uoa.gr/witcher/resource/Farting_Trolls	http://cgi.di.uoa.gr/witcher/ontology#location	http://cgi.di.uoa.gr/witcher/resource/Kaer_Muire
http://cgi.di.uoa.gr/witcher/resource/A_Deadly_Plot	http://cgi.di.uoa.gr/witcher/ontology#location	http://cgi.di.uoa.gr/witcher/resource/Hanged_Man_s_Tree
http://cgi.di.uoa.gr/witcher/resource/Defender_of_the_Faith	http://cgi.di.uoa.gr/witcher/ontology#location	http://cgi.di.uoa.gr/witcher/resource/Byways
http://cgi.di.uoa.gr/witcher/resource/Wine_Wars_Coronata	http://cgi.di.uoa.gr/witcher/ontology#location	http://cgi.di.uoa.gr/witcher/resource/Coronata_Vineyard
http://cgi.di.uoa.gr/witcher/resource/Hazardous_Goods	http://cgi.di.uoa.gr/witcher/ontology#location	http://cgi.di.uoa.gr/witcher/resource/Benek
http://cgi.di.uoa.gr/witcher/resource/Scavenger_Hunt_Griffin_School_Gear_Part_4	http://cgi.di.uoa.gr/witcher/ontology#location	http://cgi.di.uoa.gr/witcher/resource/Boxholm
http://cgi.di.uoa.gr/witcher/resource/A_Poet_Under_Pressure	http://cgi.di.uoa.gr/witcher/ontology#location	http://cgi.di.uoa.gr/witcher/resource/Isolated_Hut
http://cgi.di.uoa.gr/witcher/resource/Ghosts_of_the_Past	http://cgi.di.uoa.gr/witcher/ontology#location	http://cgi.di.uoa.gr/witcher/resource/Abandoned_site_campsite
http://cgi.di.uoa.gr/witcher/resource/Contract_The_Mystery_of_the_Byways_Murders	http://cgi.di.uoa.gr/witcher/ontology#location	http://cgi.di.uoa.gr/witcher/resource/Byways
http://cgi.di.uoa.gr/witcher/resource/Out_On_Your_Arse	http://cgi.di.uoa.gr/witcher/ontology#location	http://cgi.di.uoa.gr/witcher/resource/Crippled_Kate_s
http://cgi.di.uoa.gr/witcher/resource/Scavenger_Hunt_Grandmaster_Feline_Gear	http://cgi.di.uoa.gr/witcher/ontology#location	http://cgi.di.uoa.gr/witcher/resource/Arthach_Palace_Ruins
http://cgi.di.uoa.gr/witcher/resource/Rose_on_a_Red_Field	http://cgi.di.uoa.gr/witcher/ontology#location	http://cgi.di.uoa.gr/witcher/resource/Garin_Estate
http://cgi.di.uoa.gr/witcher/resource/Drunken_Rabble	http://cgi.di.uoa.gr/witcher/ontology#location	http://cgi.di.uoa.gr/witcher/resource/The_Golden_Sturgeon
http://cgi.di.uoa.gr/witcher/resource/Inheritance	http://cgi.di.uoa.gr/witcher/ontology#location	http://cgi.di.uoa.gr/witcher/resource/Boxholm
http://cgi.di.uoa.gr/witcher/resource/Open_Sesame_Breaking_and_Entering	http://cgi.di.uoa.gr/witcher/ontology#location	http://cgi.di.uoa.gr/witcher/resource/Oxenfurt
http://cgi.di.uoa.gr/witcher/resource/To_Bait_a_Forktail	http://cgi.di.uoa.gr/witcher/ontology#location	http://cgi.di.uoa.gr/witcher/resource/Kaer_Morhen_valley
http://cgi.di.uoa.gr/witcher/resource/Funeral_Pyres	http://cgi.di.uoa.gr/witcher/ontology#location	http://cgi.di.uoa.gr/witcher/resource/Mulbrydale
http://cgi.di.uoa.gr/witcher/resource/A_Dangerous_Game	http://cgi.di.uoa.gr/witcher/ontology#location	http://cgi.di.uoa.gr/witcher/resource/The_Bits
http://cgi.di.uoa.gr/witcher/resource/There_Can_Be_Only_One	http://cgi.di.uoa.gr/witcher/ontology#location	http://cgi.di.uoa.gr/witcher/resource/Lac_Célavy
http://cgi.di.uoa.gr/witcher/resource/Burlap_is_the_New_Stripe	http://cgi.di.uoa.gr/witcher/ontology#location	http://cgi.di.uoa.gr/witcher/resource/Toussaint_Prison
http://cgi.di.uoa.gr/witcher/resource/Practicum_in_Advanced_Alchemy	http://cgi.di.uoa.gr/witcher/ontology#location	http://cgi.di.uoa.gr/witcher/resource/Gedyneith
http://cgi.di.uoa.gr/witcher/resource/Scavenger_Hunt_Cat_School_Gear_Part_4	http://cgi.di.uoa.gr/witcher/ontology#location	http://cgi.di.uoa.gr/witcher/resource/Monster_den_Trottheim
http://cgi.di.uoa.gr/witcher/resource/Looters	http://cgi.di.uoa.gr/witcher/ontology#location	http://cgi.di.uoa.gr/witcher/resource/Codgers_Quarry
http://cgi.di.uoa.gr/witcher/resource/Pyres_of_Novigrad	http://cgi.di.uoa.gr/witcher/ontology#location	http://cgi.di.uoa.gr/witcher/resource/Fish_Market
http://cgi.di.uoa.gr/witcher/resource/Contract_Deadly_Delights	http://cgi.di.uoa.gr/witcher/ontology#location	http://cgi.di.uoa.gr/witcher/resource/Harborside
http://cgi.di.uoa.gr/witcher/resource/The_Nilfgaardian_Connection	http://cgi.di.uoa.gr/witcher/ontology#location	http://cgi.di.uoa.gr/witcher/resource/Inn_at_the_Crossroads
http://cgi.di.uoa.gr/witcher/resource/High_Stakes	http://cgi.di.uoa.gr/witcher/ontology#location	http://cgi.di.uoa.gr/witcher/resource/Passiflora
http://cgi.di.uoa.gr/witcher/resource/Wild_at_Heart	http://cgi.di.uoa.gr/witcher/ontology#location	http://cgi.di.uoa.gr/witcher/resource/Isolated_Shack
http://cgi.di.uoa.gr/witcher/resource/Ciri_s_Story_Visiting_Junior	http://cgi.di.uoa.gr/witcher/ontology#location	http://cgi.di.uoa.gr/witcher/resource/Whoreson_Junior_s_hideout
http://cgi.di.uoa.gr/witcher/resource/The_Price_of_Honor	http://cgi.di.uoa.gr/witcher/ontology#location	http://cgi.di.uoa.gr/witcher/resource/Faroe_Isle
http://cgi.di.uoa.gr/witcher/resource/Novigrad_Dreaming	http://cgi.di.uoa.gr/witcher/ontology#location	http://cgi.di.uoa.gr/witcher/resource/The_Golden_Sturgeon
http://cgi.di.uoa.gr/witcher/resource/Ironsides_Treasure	http://cgi.di.uoa.gr/witcher/ontology#location	http://cgi.di.uoa.gr/witcher/resource/Faroe_Isle
http://cgi.di.uoa.gr/witcher/resource/The_Isle_of_Mists_quest	http://cgi.di.uoa.gr/witcher/ontology#location	http://cgi.di.uoa.gr/witcher/resource/Isle_of_Mists
http://cgi.di.uoa.gr/witcher/resource/Racists_of_Novigrad	http://cgi.di.uoa.gr/witcher/ontology#location	http://cgi.di.uoa.gr/witcher/resource/Portside_Gate
http://cgi.di.uoa.gr/witcher/resource/Tedd_Deireadh_The_Final_Age	http://cgi.di.uoa.gr/witcher/ontology#location	http://cgi.di.uoa.gr/witcher/resource/Tor_Gvalch_ca
http://cgi.di.uoa.gr/witcher/resource/Practicum_in_Advanced_Alchemy	http://cgi.di.uoa.gr/witcher/ontology#location	http://cgi.di.uoa.gr/witcher/resource/Druids_Camp
http://cgi.di.uoa.gr/witcher/resource/Carnal_Sins	http://cgi.di.uoa.gr/witcher/ontology#location	http://cgi.di.uoa.gr/witcher/resource/Novigrad_Docks
http://cgi.di.uoa.gr/witcher/resource/Reason_of_State	http://cgi.di.uoa.gr/witcher/ontology#location	http://cgi.di.uoa.gr/witcher/resource/St_Gregory_s_Bridge
http://cgi.di.uoa.gr/witcher/resource/Ugly_Baby	http://cgi.di.uoa.gr/witcher/ontology#location	http://cgi.di.uoa.gr/witcher/resource/Kaer_Morhen
http://cgi.di.uoa.gr/witcher/resource/Don_t_Take_Candy_from_a_Stranger	http://cgi.di.uoa.gr/witcher/ontology#location	http://cgi.di.uoa.gr/witcher/resource/Vermentino_Vineyard
http://cgi.di.uoa.gr/witcher/resource/Looters	http://cgi.di.uoa.gr/witcher/ontology#location	http://cgi.di.uoa.gr/witcher/resource/Toderas
http://cgi.di.uoa.gr/witcher/resource/Contract_Skellige_s_Most_Wanted	http://cgi.di.uoa.gr/witcher/ontology#location	http://cgi.di.uoa.gr/witcher/resource/Fyresdal
http://cgi.di.uoa.gr/witcher/resource/Scavenger_Hunt_Wolf_School_Gear	http://cgi.di.uoa.gr/witcher/ontology#location	http://cgi.di.uoa.gr/witcher/resource/Bastion
http://cgi.di.uoa.gr/witcher/resource/The_Sad_Tale_of_the_Grossbart_Brothers	http://cgi.di.uoa.gr/witcher/ontology#location	http://cgi.di.uoa.gr/witcher/resource/Blandare
http://cgi.di.uoa.gr/witcher/resource/Bald_Mountain_quest	http://cgi.di.uoa.gr/witcher/ontology#location	http://cgi.di.uoa.gr/witcher/resource/Road_to_Bald_Mountain
http://cgi.di.uoa.gr/witcher/resource/Abandoned_Sawmill_quest	http://cgi.di.uoa.gr/witcher/ontology#location	http://cgi.di.uoa.gr/witcher/resource/Abandoned_Sawmill_location
http://cgi.di.uoa.gr/witcher/resource/Durand_Faucher_Plamondon_de_Savarin	http://cgi.di.uoa.gr/witcher/ontology#race	http://cgi.di.uoa.gr/witcher/resource/Human
http://cgi.di.uoa.gr/witcher/resource/Harald_Featherbuns	http://cgi.di.uoa.gr/witcher/ontology#race	http://cgi.di.uoa.gr/witcher/resource/Human
http://cgi.di.uoa.gr/witcher/resource/Merchant_Larvik	http://cgi.di.uoa.gr/witcher/ontology#race	http://cgi.di.uoa.gr/witcher/resource/Human
http://cgi.di.uoa.gr/witcher/resource/Ambassador_von_Hinn	http://cgi.di.uoa.gr/witcher/ontology#race	http://cgi.di.uoa.gr/witcher/resource/Human
http://cgi.di.uoa.gr/witcher/resource/Ewald_Borsodi	http://cgi.di.uoa.gr/witcher/ontology#race	http://cgi.di.uoa.gr/witcher/resource/Human
http://cgi.di.uoa.gr/witcher/resource/Sheldon_Skaggs	http://cgi.di.uoa.gr/witcher/ontology#race	http://cgi.di.uoa.gr/witcher/resource/Dwarf
http://cgi.di.uoa.gr/witcher/resource/Imlerith	http://cgi.di.uoa.gr/witcher/ontology#race	http://cgi.di.uoa.gr/witcher/resource/Aen_Elle
http://cgi.di.uoa.gr/witcher/resource/Tavar_Eggebracht	http://cgi.di.uoa.gr/witcher/ontology#race	http://cgi.di.uoa.gr/witcher/resource/Human
http://cgi.di.uoa.gr/witcher/resource/Manfred_merchant	http://cgi.di.uoa.gr/witcher/ontology#race	http://cgi.di.uoa.gr/witcher/resource/Human
http://cgi.di.uoa.gr/witcher/resource/Merchant_Fish_Market	http://cgi.di.uoa.gr/witcher/ontology#race	http://cgi.di.uoa.gr/witcher/resource/Human
http://cgi.di.uoa.gr/witcher/resource/Axel_witcher	http://cgi.di.uoa.gr/witcher/ontology#race	http://cgi.di.uoa.gr/witcher/resource/Human
http://cgi.di.uoa.gr/witcher/resource/Merchant_Scoia_tael	http://cgi.di.uoa.gr/witcher/ontology#race	http://cgi.di.uoa.gr/witcher/resource/Elf
http://cgi.di.uoa.gr/witcher/resource/Armorer_Oxenfurt	http://cgi.di.uoa.gr/witcher/ontology#race	http://cgi.di.uoa.gr/witcher/resource/Human
http://cgi.di.uoa.gr/witcher/resource/Marcello_Clerici	http://cgi.di.uoa.gr/witcher/ontology#race	http://cgi.di.uoa.gr/witcher/resource/Human
http://cgi.di.uoa.gr/witcher/resource/Selyse	http://cgi.di.uoa.gr/witcher/ontology#race	http://cgi.di.uoa.gr/witcher/resource/Human
http://cgi.di.uoa.gr/witcher/resource/Kurisu	http://cgi.di.uoa.gr/witcher/ontology#race	http://cgi.di.uoa.gr/witcher/resource/Human
http://cgi.di.uoa.gr/witcher/resource/Isengrim_Faoiltiarna	http://cgi.di.uoa.gr/witcher/ontology#race	http://cgi.di.uoa.gr/witcher/resource/Aen_Seidhe
http://cgi.di.uoa.gr/witcher/resource/Milo_Vanderbeck	http://cgi.di.uoa.gr/witcher/ontology#race	http://cgi.di.uoa.gr/witcher/resource/Halfling
http://cgi.di.uoa.gr/witcher/resource/Abbé_Faria	http://cgi.di.uoa.gr/witcher/ontology#race	http://cgi.di.uoa.gr/witcher/resource/Human
http://cgi.di.uoa.gr/witcher/resource/Lazare_Lafargue	http://cgi.di.uoa.gr/witcher/ontology#race	http://cgi.di.uoa.gr/witcher/resource/Human
http://cgi.di.uoa.gr/witcher/resource/Yagoda	http://cgi.di.uoa.gr/witcher/ontology#race	http://cgi.di.uoa.gr/witcher/resource/Human
http://cgi.di.uoa.gr/witcher/resource/Vilgefortz	http://cgi.di.uoa.gr/witcher/ontology#race	http://cgi.di.uoa.gr/witcher/resource/Human
http://cgi.di.uoa.gr/witcher/resource/Michelis	http://cgi.di.uoa.gr/witcher/ontology#race	http://cgi.di.uoa.gr/witcher/resource/Human
http://cgi.di.uoa.gr/witcher/resource/Gomo_Seeling	http://cgi.di.uoa.gr/witcher/ontology#race	http://cgi.di.uoa.gr/witcher/resource/Human
http://cgi.di.uoa.gr/witcher/resource/Egill	http://cgi.di.uoa.gr/witcher/ontology#race	http://cgi.di.uoa.gr/witcher/resource/Human
http://cgi.di.uoa.gr/witcher/resource/Auwry	http://cgi.di.uoa.gr/witcher/ontology#race	http://cgi.di.uoa.gr/witcher/resource/Human
http://cgi.di.uoa.gr/witcher/resource/Vesemir	http://cgi.di.uoa.gr/witcher/ontology#race	http://cgi.di.uoa.gr/witcher/resource/Human
http://cgi.di.uoa.gr/witcher/resource/Elihal	http://cgi.di.uoa.gr/witcher/ontology#race	http://cgi.di.uoa.gr/witcher/resource/Elf
http://cgi.di.uoa.gr/witcher/resource/Vatslav	http://cgi.di.uoa.gr/witcher/ontology#race	http://cgi.di.uoa.gr/witcher/resource/Human
http://cgi.di.uoa.gr/witcher/resource/Llinos_of_Metinna	http://cgi.di.uoa.gr/witcher/ontology#race	http://cgi.di.uoa.gr/witcher/resource/Human
http://cgi.di.uoa.gr/witcher/resource/Eithné	http://cgi.di.uoa.gr/witcher/ontology#race	http://cgi.di.uoa.gr/witcher/resource/Dryad
http://cgi.di.uoa.gr/witcher/resource/Gar	http://cgi.di.uoa.gr/witcher/ontology#race	http://cgi.di.uoa.gr/witcher/resource/Human
http://cgi.di.uoa.gr/witcher/resource/Mikula_orphan	http://cgi.di.uoa.gr/witcher/ontology#race	http://cgi.di.uoa.gr/witcher/resource/Human
http://cgi.di.uoa.gr/witcher/resource/Saint_Gregory	http://cgi.di.uoa.gr/witcher/ontology#race	http://cgi.di.uoa.gr/witcher/resource/Human
http://cgi.di.uoa.gr/witcher/resource/Vridank_von_Eyegrid	http://cgi.di.uoa.gr/witcher/ontology#race	http://cgi.di.uoa.gr/witcher/resource/Human
http://cgi.di.uoa.gr/witcher/resource/Ben_of_Kovir	http://cgi.di.uoa.gr/witcher/ontology#race	http://cgi.di.uoa.gr/witcher/resource/Human
http://cgi.di.uoa.gr/witcher/resource/Orianna	http://cgi.di.uoa.gr/witcher/ontology#race	http://cgi.di.uoa.gr/witcher/resource/Bruxa
http://cgi.di.uoa.gr/witcher/resource/Eist_Tuirseach	http://cgi.di.uoa.gr/witcher/ontology#race	http://cgi.di.uoa.gr/witcher/resource/Human
http://cgi.di.uoa.gr/witcher/resource/Loan_Shark	http://cgi.di.uoa.gr/witcher/ontology#race	http://cgi.di.uoa.gr/witcher/resource/Human
http://cgi.di.uoa.gr/witcher/resource/Calixte_Moire	http://cgi.di.uoa.gr/witcher/ontology#race	http://cgi.di.uoa.gr/witcher/resource/Human
http://cgi.di.uoa.gr/witcher/resource/Mikel	http://cgi.di.uoa.gr/witcher/ontology#race	http://cgi.di.uoa.gr/witcher/resource/Human
http://cgi.di.uoa.gr/witcher/resource/Margot_de_Corentin	http://cgi.di.uoa.gr/witcher/ontology#race	http://cgi.di.uoa.gr/witcher/resource/Human
http://cgi.di.uoa.gr/witcher/resource/Blacksmith_Silverton	http://cgi.di.uoa.gr/witcher/ontology#race	http://cgi.di.uoa.gr/witcher/resource/Human
http://cgi.di.uoa.gr/witcher/resource/Iorweth	http://cgi.di.uoa.gr/witcher/ontology#race	http://cgi.di.uoa.gr/witcher/resource/Elf
http://cgi.di.uoa.gr/witcher/resource/Gaston	http://cgi.di.uoa.gr/witcher/ontology#race	http://cgi.di.uoa.gr/witcher/resource/Human
http://cgi.di.uoa.gr/witcher/resource/Keira_Metz	http://cgi.di.uoa.gr/witcher/ontology#race	http://cgi.di.uoa.gr/witcher/resource/Human
http://cgi.di.uoa.gr/witcher/resource/Gaspar	http://cgi.di.uoa.gr/witcher/ontology#race	http://cgi.di.uoa.gr/witcher/resource/Human
http://cgi.di.uoa.gr/witcher/resource/Fabian_Meyer	http://cgi.di.uoa.gr/witcher/ontology#race	http://cgi.di.uoa.gr/witcher/resource/Dwarf
http://cgi.di.uoa.gr/witcher/resource/Gretter	http://cgi.di.uoa.gr/witcher/ontology#race	http://cgi.di.uoa.gr/witcher/resource/Human
http://cgi.di.uoa.gr/witcher/resource/Amadis_de_Trastamara	http://cgi.di.uoa.gr/witcher/ontology#race	http://cgi.di.uoa.gr/witcher/resource/Human
http://cgi.di.uoa.gr/witcher/resource/Broddr	http://cgi.di.uoa.gr/witcher/ontology#race	http://cgi.di.uoa.gr/witcher/resource/Human
http://cgi.di.uoa.gr/witcher/resource/Thunder_Fallen_Knight	http://cgi.di.uoa.gr/witcher/ontology#race	http://cgi.di.uoa.gr/witcher/resource/Human
http://cgi.di.uoa.gr/witcher/resource/Durden	http://cgi.di.uoa.gr/witcher/ontology#race	http://cgi.di.uoa.gr/witcher/resource/Aen_Seidhe
http://cgi.di.uoa.gr/witcher/resource/Yennefer_of_Vengerberg	http://cgi.di.uoa.gr/witcher/ontology#race	http://cgi.di.uoa.gr/witcher/resource/Quarter_elf
http://cgi.di.uoa.gr/witcher/resource/Captain_Wolverstone	http://cgi.di.uoa.gr/witcher/ontology#race	http://cgi.di.uoa.gr/witcher/resource/Human
http://cgi.di.uoa.gr/witcher/resource/Barber_Tourney_Grounds	http://cgi.di.uoa.gr/witcher/ontology#race	http://cgi.di.uoa.gr/witcher/resource/Human
http://cgi.di.uoa.gr/witcher/resource/Berem	http://cgi.di.uoa.gr/witcher/ontology#race	http://cgi.di.uoa.gr/witcher/resource/Human
http://cgi.di.uoa.gr/witcher/resource/Farid	http://cgi.di.uoa.gr/witcher/ontology#race	http://cgi.di.uoa.gr/witcher/resource/Human
http://cgi.di.uoa.gr/witcher/resource/Sommelier	http://cgi.di.uoa.gr/witcher/ontology#race	http://cgi.di.uoa.gr/witcher/resource/Human
http://cgi.di.uoa.gr/witcher/resource/Armorer_Mont_Crane_Castle	http://cgi.di.uoa.gr/witcher/ontology#race	http://cgi.di.uoa.gr/witcher/resource/Human
http://cgi.di.uoa.gr/witcher/resource/Guelue	http://cgi.di.uoa.gr/witcher/ontology#race	http://cgi.di.uoa.gr/witcher/resource/Human
http://cgi.di.uoa.gr/witcher/resource/Black_Bogdan	http://cgi.di.uoa.gr/witcher/ontology#race	http://cgi.di.uoa.gr/witcher/resource/Human
http://cgi.di.uoa.gr/witcher/resource/Sigo_Buntz	http://cgi.di.uoa.gr/witcher/ontology#race	http://cgi.di.uoa.gr/witcher/resource/Human
http://cgi.di.uoa.gr/witcher/resource/Agnetha_Skold	http://cgi.di.uoa.gr/witcher/ontology#race	http://cgi.di.uoa.gr/witcher/resource/Human
http://cgi.di.uoa.gr/witcher/resource/Merchant_Oreton	http://cgi.di.uoa.gr/witcher/ontology#race	http://cgi.di.uoa.gr/witcher/resource/Human
http://cgi.di.uoa.gr/witcher/resource/Holger_Blackhand	http://cgi.di.uoa.gr/witcher/ontology#race	http://cgi.di.uoa.gr/witcher/resource/Human
http://cgi.di.uoa.gr/witcher/resource/Merchant_Ursten	http://cgi.di.uoa.gr/witcher/ontology#race	http://cgi.di.uoa.gr/witcher/resource/Human
http://cgi.di.uoa.gr/witcher/resource/Roger_of_Toussaint	http://cgi.di.uoa.gr/witcher/ontology#race	http://cgi.di.uoa.gr/witcher/resource/Human
http://cgi.di.uoa.gr/witcher/resource/Voytek	http://cgi.di.uoa.gr/witcher/ontology#race	http://cgi.di.uoa.gr/witcher/resource/Human
http://cgi.di.uoa.gr/witcher/resource/Barber_Basane_Farm	http://cgi.di.uoa.gr/witcher/ontology#race	http://cgi.di.uoa.gr/witcher/resource/Human
http://cgi.di.uoa.gr/witcher/resource/Innkeep_Inn_at_the_Crossroads	http://cgi.di.uoa.gr/witcher/ontology#race	http://cgi.di.uoa.gr/witcher/resource/Human
http://cgi.di.uoa.gr/witcher/resource/Cerys_an_Craite	http://cgi.di.uoa.gr/witcher/ontology#parents	http://cgi.di.uoa.gr/witcher/resource/Crach_an_Craite
http://cgi.di.uoa.gr/witcher/resource/Dheran_Mawr_Dyffryn_aep_Ceallach	http://cgi.di.uoa.gr/witcher/ontology#parents	http://cgi.di.uoa.gr/witcher/resource/Ceallach_aep_Gruffyd
http://cgi.di.uoa.gr/witcher/resource/Celia_van_Schagen	http://cgi.di.uoa.gr/witcher/ontology#parents	http://cgi.di.uoa.gr/witcher/resource/Master_van_Schagen
http://cgi.di.uoa.gr/witcher/resource/Anséis	http://cgi.di.uoa.gr/witcher/ontology#parents	http://cgi.di.uoa.gr/witcher/resource/Meve
http://cgi.di.uoa.gr/witcher/resource/Ciri	http://cgi.di.uoa.gr/witcher/ontology#parents	http://cgi.di.uoa.gr/witcher/resource/Yennefer_of_Vengerberg
http://cgi.di.uoa.gr/witcher/resource/Adda_the_White	http://cgi.di.uoa.gr/witcher/ontology#parents	http://cgi.di.uoa.gr/witcher/resource/Adda_of_Temeria
http://cgi.di.uoa.gr/witcher/resource/Yennefer_of_Vengerberg_Netflix_series	http://cgi.di.uoa.gr/witcher/ontology#parents	http://cgi.di.uoa.gr/witcher/resource/Fletcher
http://cgi.di.uoa.gr/witcher/resource/Otto_Thyssen	http://cgi.di.uoa.gr/witcher/ontology#parents	http://cgi.di.uoa.gr/witcher/resource/Scarab_Thyssen
http://cgi.di.uoa.gr/witcher/resource/Yennefer_of_Vengerberg_Netflix_series	http://cgi.di.uoa.gr/witcher/ontology#parents	http://cgi.di.uoa.gr/witcher/resource/Kaveri_Netflix_series
http://cgi.di.uoa.gr/witcher/resource/Viraxas	http://cgi.di.uoa.gr/witcher/ontology#parents	http://cgi.di.uoa.gr/witcher/resource/Belohun
http://cgi.di.uoa.gr/witcher/resource/Vizimir_II	http://cgi.di.uoa.gr/witcher/ontology#parents	http://cgi.di.uoa.gr/witcher/resource/Diana_de_Saint_Villiers
http://cgi.di.uoa.gr/witcher/resource/Broddr	http://cgi.di.uoa.gr/witcher/ontology#parents	http://cgi.di.uoa.gr/witcher/resource/Heulyn
http://cgi.di.uoa.gr/witcher/resource/Count_de_Luverten	http://cgi.di.uoa.gr/witcher/ontology#parents	http://cgi.di.uoa.gr/witcher/resource/Salm
http://cgi.di.uoa.gr/witcher/resource/Stefan_Skellen	http://cgi.di.uoa.gr/witcher/ontology#parents	http://cgi.di.uoa.gr/witcher/resource/Bertram_Skellen
http://cgi.di.uoa.gr/witcher/resource/Jerome_Moreau	http://cgi.di.uoa.gr/witcher/ontology#parents	http://cgi.di.uoa.gr/witcher/resource/Tomas_Moreau
http://cgi.di.uoa.gr/witcher/resource/Hugo_Monnart	http://cgi.di.uoa.gr/witcher/ontology#parents	http://cgi.di.uoa.gr/witcher/resource/Victor_Monnart
http://cgi.di.uoa.gr/witcher/resource/Horm_Akerspaark	http://cgi.di.uoa.gr/witcher/ontology#parents	http://cgi.di.uoa.gr/witcher/resource/Akerspaark
http://cgi.di.uoa.gr/witcher/resource/Henselt	http://cgi.di.uoa.gr/witcher/ontology#parents	http://cgi.di.uoa.gr/witcher/resource/Radowit_II
http://cgi.di.uoa.gr/witcher/resource/Demavend_III	http://cgi.di.uoa.gr/witcher/ontology#parents	http://cgi.di.uoa.gr/witcher/resource/Virfuril
http://cgi.di.uoa.gr/witcher/resource/Dheran_Mawr_Dyffryn_aep_Ceallach	http://cgi.di.uoa.gr/witcher/ontology#parents	http://cgi.di.uoa.gr/witcher/resource/Mawr
http://cgi.di.uoa.gr/witcher/resource/Margot_de_Corentin	http://cgi.di.uoa.gr/witcher/ontology#parents	http://cgi.di.uoa.gr/witcher/resource/Micheline_Belrose
http://cgi.di.uoa.gr/witcher/resource/Meve	http://cgi.di.uoa.gr/witcher/ontology#parents	http://cgi.di.uoa.gr/witcher/resource/Kalis
http://cgi.di.uoa.gr/witcher/resource/Ciri	http://cgi.di.uoa.gr/witcher/ontology#parents	http://cgi.di.uoa.gr/witcher/resource/Emhyr_var_Emreis
http://cgi.di.uoa.gr/witcher/resource/Emhyr_var_Emreis	http://cgi.di.uoa.gr/witcher/ontology#parents	http://cgi.di.uoa.gr/witcher/resource/Fergus_var_Emreis
http://cgi.di.uoa.gr/witcher/resource/Ciri	http://cgi.di.uoa.gr/witcher/ontology#parents	http://cgi.di.uoa.gr/witcher/resource/Geralt_of_Rivia
http://cgi.di.uoa.gr/witcher/resource/Celina	http://cgi.di.uoa.gr/witcher/ontology#parents	http://cgi.di.uoa.gr/witcher/resource/Tobias_Hoffman
http://cgi.di.uoa.gr/witcher/resource/Esterad_Thyssen	http://cgi.di.uoa.gr/witcher/ontology#parents	http://cgi.di.uoa.gr/witcher/resource/Baldwin_Thyssen
http://cgi.di.uoa.gr/witcher/resource/Ciri	http://cgi.di.uoa.gr/witcher/ontology#parents	http://cgi.di.uoa.gr/witcher/resource/Pavetta
http://cgi.di.uoa.gr/witcher/resource/Ceallach_aep_Gruffyd	http://cgi.di.uoa.gr/witcher/ontology#parents	http://cgi.di.uoa.gr/witcher/resource/Gruffyd
http://cgi.di.uoa.gr/witcher/resource/Esterad_Thyssen	http://cgi.di.uoa.gr/witcher/ontology#parents	http://cgi.di.uoa.gr/witcher/resource/Blanka
http://cgi.di.uoa.gr/witcher/resource/Alina	http://cgi.di.uoa.gr/witcher/ontology#parents	http://cgi.di.uoa.gr/witcher/resource/Tobias_Hoffman
http://cgi.di.uoa.gr/witcher/resource/Demavend_III_Netflix_series	http://cgi.di.uoa.gr/witcher/ontology#parents	http://cgi.di.uoa.gr/witcher/resource/Virfuril_Netflix_series
http://cgi.di.uoa.gr/witcher/resource/Vitty	http://cgi.di.uoa.gr/witcher/ontology#parents	http://cgi.di.uoa.gr/witcher/resource/Paul
http://cgi.di.uoa.gr/witcher/resource/Akerspaark_s_children	http://cgi.di.uoa.gr/witcher/ontology#parents	http://cgi.di.uoa.gr/witcher/resource/Akerspaark
http://cgi.di.uoa.gr/witcher/resource/Guido_Thyssen	http://cgi.di.uoa.gr/witcher/ontology#parents	http://cgi.di.uoa.gr/witcher/resource/Deirdre_aep_Calhall
http://cgi.di.uoa.gr/witcher/resource/Adda_the_White	http://cgi.di.uoa.gr/witcher/ontology#parents	http://cgi.di.uoa.gr/witcher/resource/Foltest
http://cgi.di.uoa.gr/witcher/resource/Guido_Thyssen	http://cgi.di.uoa.gr/witcher/ontology#parents	http://cgi.di.uoa.gr/witcher/resource/Otto_Thyssen
http://cgi.di.uoa.gr/witcher/resource/Crach_an_Craite	http://cgi.di.uoa.gr/witcher/ontology#parents	http://cgi.di.uoa.gr/witcher/resource/Crach_s_mother
http://cgi.di.uoa.gr/witcher/resource/Radovid_V	http://cgi.di.uoa.gr/witcher/ontology#parents	http://cgi.di.uoa.gr/witcher/resource/Vizimir_II
http://cgi.di.uoa.gr/witcher/resource/Geralt_of_Rivia	http://cgi.di.uoa.gr/witcher/ontology#parents	http://cgi.di.uoa.gr/witcher/resource/Korin
http://cgi.di.uoa.gr/witcher/resource/Kurt_Dysart	http://cgi.di.uoa.gr/witcher/ontology#titles	http://cgi.di.uoa.gr/witcher/resource/Anchor
http://cgi.di.uoa.gr/witcher/resource/Erlend_an_Craite	http://cgi.di.uoa.gr/witcher/ontology#titles	http://cgi.di.uoa.gr/witcher/resource/Skellige
http://cgi.di.uoa.gr/witcher/resource/Henri_III	http://cgi.di.uoa.gr/witcher/ontology#titles	http://cgi.di.uoa.gr/witcher/resource/Toussaint
http://cgi.di.uoa.gr/witcher/resource/Foltest	http://cgi.di.uoa.gr/witcher/ontology#titles	http://cgi.di.uoa.gr/witcher/resource/Riverdell
http://cgi.di.uoa.gr/witcher/resource/Mairwen_Rhosyn	http://cgi.di.uoa.gr/witcher/ontology#titles	http://cgi.di.uoa.gr/witcher/resource/Temeria
http://cgi.di.uoa.gr/witcher/resource/Svanrige_Tuirseach	http://cgi.di.uoa.gr/witcher/ontology#titles	http://cgi.di.uoa.gr/witcher/resource/An_Skellig
http://cgi.di.uoa.gr/witcher/resource/Grymmdjarr	http://cgi.di.uoa.gr/witcher/ontology#titles	http://cgi.di.uoa.gr/witcher/resource/Ard_Skellig
http://cgi.di.uoa.gr/witcher/resource/Henselt	http://cgi.di.uoa.gr/witcher/ontology#titles	http://cgi.di.uoa.gr/witcher/resource/Kaedwen
http://cgi.di.uoa.gr/witcher/resource/Cyrus_Engelkind_Hemmelfart	http://cgi.di.uoa.gr/witcher/ontology#titles	http://cgi.di.uoa.gr/witcher/resource/Hierarch
http://cgi.di.uoa.gr/witcher/resource/Bran_Tuirseach	http://cgi.di.uoa.gr/witcher/ontology#titles	http://cgi.di.uoa.gr/witcher/resource/An_Skellig
http://cgi.di.uoa.gr/witcher/resource/Eredin_Bréacc_Glas	http://cgi.di.uoa.gr/witcher/ontology#nationality	http://cgi.di.uoa.gr/witcher/resource/Tir_ná_Lia
http://cgi.di.uoa.gr/witcher/resource/Inglor_Helyanwë	http://cgi.di.uoa.gr/witcher/ontology#nationality	http://cgi.di.uoa.gr/witcher/resource/Tir_ná_Lia
http://cgi.di.uoa.gr/witcher/resource/Nimue_verch_Wledyr_ap_Gwyn	http://cgi.di.uoa.gr/witcher/ontology#nationality	http://cgi.di.uoa.gr/witcher/resource/Mage
http://cgi.di.uoa.gr/witcher/resource/Ge_els	http://cgi.di.uoa.gr/witcher/ontology#nationality	http://cgi.di.uoa.gr/witcher/resource/Tir_ná_Lia
http://cgi.di.uoa.gr/witcher/resource/Karelka	http://cgi.di.uoa.gr/witcher/ontology#nationality	http://cgi.di.uoa.gr/witcher/resource/Arcsea
http://cgi.di.uoa.gr/witcher/resource/Calib_Bronn	http://cgi.di.uoa.gr/witcher/ontology#nationality	http://cgi.di.uoa.gr/witcher/resource/Haakland
http://cgi.di.uoa.gr/witcher/resource/Merwyn	http://cgi.di.uoa.gr/witcher/ontology#nationality	http://cgi.di.uoa.gr/witcher/resource/Xin_trea
http://cgi.di.uoa.gr/witcher/resource/Eredin_Bréacc_Glas_Ronin	http://cgi.di.uoa.gr/witcher/ontology#nationality	http://cgi.di.uoa.gr/witcher/resource/Japanese_inspired_land
http://cgi.di.uoa.gr/witcher/resource/Reim	http://cgi.di.uoa.gr/witcher/ontology#nationality	http://cgi.di.uoa.gr/witcher/resource/Blue_Mountains
http://cgi.di.uoa.gr/witcher/resource/Fjall_Stoneheart	http://cgi.di.uoa.gr/witcher/ontology#nationality	http://cgi.di.uoa.gr/witcher/resource/Xin_trea
http://cgi.di.uoa.gr/witcher/resource/Carrypebble	http://cgi.di.uoa.gr/witcher/ontology#nationality	http://cgi.di.uoa.gr/witcher/resource/Arcsea
http://cgi.di.uoa.gr/witcher/resource/Dandelion	http://cgi.di.uoa.gr/witcher/ontology#nationality	http://cgi.di.uoa.gr/witcher/resource/Redanian_Secret_Service
http://cgi.di.uoa.gr/witcher/resource/Peter_Evertsen	http://cgi.di.uoa.gr/witcher/ontology#nationality	http://cgi.di.uoa.gr/witcher/resource/Winneburg
http://cgi.di.uoa.gr/witcher/resource/Louis_bandit	http://cgi.di.uoa.gr/witcher/ontology#nationality	http://cgi.di.uoa.gr/witcher/resource/Human
http://cgi.di.uoa.gr/witcher/resource/Korin	http://cgi.di.uoa.gr/witcher/ontology#nationality	http://cgi.di.uoa.gr/witcher/resource/Nordling
http://cgi.di.uoa.gr/witcher/resource/Lucas	http://cgi.di.uoa.gr/witcher/ontology#nationality	http://cgi.di.uoa.gr/witcher/resource/Nordling
http://cgi.di.uoa.gr/witcher/resource/Marilka	http://cgi.di.uoa.gr/witcher/ontology#nationality	http://cgi.di.uoa.gr/witcher/resource/Arcsea
http://cgi.di.uoa.gr/witcher/resource/Dandelion	http://cgi.di.uoa.gr/witcher/ontology#nationality	http://cgi.di.uoa.gr/witcher/resource/Sigismund_Dijkstra
http://cgi.di.uoa.gr/witcher/resource/Tadrus_Hen_Lohsa	http://cgi.di.uoa.gr/witcher/ontology#nationality	http://cgi.di.uoa.gr/witcher/resource/Barsa
http://cgi.di.uoa.gr/witcher/resource/Dandelion	http://cgi.di.uoa.gr/witcher/ontology#nationality	http://cgi.di.uoa.gr/witcher/resource/Northern_Realms
http://cgi.di.uoa.gr/witcher/resource/Cethlenn	http://cgi.di.uoa.gr/witcher/ontology#nationality	http://cgi.di.uoa.gr/witcher/resource/Pryshia
http://cgi.di.uoa.gr/witcher/resource/Dziega	http://cgi.di.uoa.gr/witcher/ontology#nationality	http://cgi.di.uoa.gr/witcher/resource/Arcsea
http://cgi.di.uoa.gr/witcher/resource/Auberon_Muircetach	http://cgi.di.uoa.gr/witcher/ontology#nationality	http://cgi.di.uoa.gr/witcher/resource/Tir_ná_Lia
http://cgi.di.uoa.gr/witcher/resource/Sheepbagger	http://cgi.di.uoa.gr/witcher/ontology#nationality	http://cgi.di.uoa.gr/witcher/resource/Barefield
http://cgi.di.uoa.gr/witcher/resource/Chloe_Stitz	http://cgi.di.uoa.gr/witcher/ontology#nationality	http://cgi.di.uoa.gr/witcher/resource/Ymlac
http://cgi.di.uoa.gr/witcher/resource/Dziega_s_friend	http://cgi.di.uoa.gr/witcher/ontology#nationality	http://cgi.di.uoa.gr/witcher/resource/Arcsea
http://cgi.di.uoa.gr/witcher/resource/Lytta_Neyd_Netflix_series	http://cgi.di.uoa.gr/witcher/ontology#nationality	http://cgi.di.uoa.gr/witcher/resource/Mage
http://cgi.di.uoa.gr/witcher/resource/Herbalist_Druids_Camp	http://cgi.di.uoa.gr/witcher/ontology#nationality	http://cgi.di.uoa.gr/witcher/resource/Herbalist
http://cgi.di.uoa.gr/witcher/resource/Ther_Lukokian	http://cgi.di.uoa.gr/witcher/ontology#nationality	http://cgi.di.uoa.gr/witcher/resource/Zangvebar
http://cgi.di.uoa.gr/witcher/resource/Avallac_h	http://cgi.di.uoa.gr/witcher/ontology#nationality	http://cgi.di.uoa.gr/witcher/resource/Tir_ná_Lia
http://cgi.di.uoa.gr/witcher/resource/Eggar	http://cgi.di.uoa.gr/witcher/ontology#nationality	http://cgi.di.uoa.gr/witcher/resource/Vergen
http://cgi.di.uoa.gr/witcher/resource/Meldof	http://cgi.di.uoa.gr/witcher/ontology#nationality	http://cgi.di.uoa.gr/witcher/resource/Darwen
http://cgi.di.uoa.gr/witcher/resource/Fenrik	http://cgi.di.uoa.gr/witcher/ontology#nationality	http://cgi.di.uoa.gr/witcher/resource/Xin_trea
http://cgi.di.uoa.gr/witcher/resource/Caranthir_Ar_Feiniel	http://cgi.di.uoa.gr/witcher/ontology#nationality	http://cgi.di.uoa.gr/witcher/resource/Tir_ná_Lia
http://cgi.di.uoa.gr/witcher/resource/Nithral	http://cgi.di.uoa.gr/witcher/ontology#nationality	http://cgi.di.uoa.gr/witcher/resource/Tir_ná_Lia
http://cgi.di.uoa.gr/witcher/resource/Lothar_blacksmith	http://cgi.di.uoa.gr/witcher/ontology#nationality	http://cgi.di.uoa.gr/witcher/resource/Blacksmith
http://cgi.di.uoa.gr/witcher/resource/Ronvid_of_the_Small_Marsh	http://cgi.di.uoa.gr/witcher/ontology#nationality	http://cgi.di.uoa.gr/witcher/resource/Kaedwen
http://cgi.di.uoa.gr/witcher/resource/Borg	http://cgi.di.uoa.gr/witcher/ontology#nationality	http://cgi.di.uoa.gr/witcher/resource/Arcsea
http://cgi.di.uoa.gr/witcher/resource/Kobe	http://cgi.di.uoa.gr/witcher/ontology#nationality	http://cgi.di.uoa.gr/witcher/resource/Nordling
http://cgi.di.uoa.gr/witcher/resource/Nibras	http://cgi.di.uoa.gr/witcher/ontology#nationality	http://cgi.di.uoa.gr/witcher/resource/Ofir
http://cgi.di.uoa.gr/witcher/resource/Golyat	http://cgi.di.uoa.gr/witcher/ontology#loot	http://cgi.di.uoa.gr/witcher/resource/Monster_tongue
http://cgi.di.uoa.gr/witcher/resource/Botchling	http://cgi.di.uoa.gr/witcher/ontology#loot	http://cgi.di.uoa.gr/witcher/resource/Lesser_red_mutagen
http://cgi.di.uoa.gr/witcher/resource/Golyat	http://cgi.di.uoa.gr/witcher/ontology#loot	http://cgi.di.uoa.gr/witcher/resource/Monster_liver
http://cgi.di.uoa.gr/witcher/resource/Goat	http://cgi.di.uoa.gr/witcher/ontology#loot	http://cgi.di.uoa.gr/witcher/resource/Raw_meat
http://cgi.di.uoa.gr/witcher/resource/Botchling	http://cgi.di.uoa.gr/witcher/ontology#loot	http://cgi.di.uoa.gr/witcher/resource/Monster_tongue
http://cgi.di.uoa.gr/witcher/resource/Golyat	http://cgi.di.uoa.gr/witcher/ontology#loot	http://cgi.di.uoa.gr/witcher/resource/Lesser_Glyph_of_Aard
http://cgi.di.uoa.gr/witcher/resource/Golyat	http://cgi.di.uoa.gr/witcher/ontology#loot	http://cgi.di.uoa.gr/witcher/resource/Monster_eye
http://cgi.di.uoa.gr/witcher/resource/Golyat	http://cgi.di.uoa.gr/witcher/ontology#loot	http://cgi.di.uoa.gr/witcher/resource/Floren
http://cgi.di.uoa.gr/witcher/resource/Golyat	http://cgi.di.uoa.gr/witcher/ontology#loot	http://cgi.di.uoa.gr/witcher/resource/Monster_blood
http://cgi.di.uoa.gr/witcher/resource/Golyat	http://cgi.di.uoa.gr/witcher/ontology#loot	http://cgi.di.uoa.gr/witcher/resource/Monster_ear
http://cgi.di.uoa.gr/witcher/resource/Botchling	http://cgi.di.uoa.gr/witcher/ontology#loot	http://cgi.di.uoa.gr/witcher/resource/Monster_saliva
http://cgi.di.uoa.gr/witcher/resource/Botchling	http://cgi.di.uoa.gr/witcher/ontology#loot	http://cgi.di.uoa.gr/witcher/resource/Rotting_flesh
http://cgi.di.uoa.gr/witcher/resource/Goat	http://cgi.di.uoa.gr/witcher/ontology#loot	http://cgi.di.uoa.gr/witcher/resource/Goat_hide
http://cgi.di.uoa.gr/witcher/resource/Opinicus	http://cgi.di.uoa.gr/witcher/ontology#loot	http://cgi.di.uoa.gr/witcher/resource/Griffin_s_egg
http://cgi.di.uoa.gr/witcher/resource/Opinicus	http://cgi.di.uoa.gr/witcher/ontology#loot	http://cgi.di.uoa.gr/witcher/resource/Griffin_feathers
http://cgi.di.uoa.gr/witcher/resource/Golyat	http://cgi.di.uoa.gr/witcher/ontology#loot	http://cgi.di.uoa.gr/witcher/resource/Monster_hair
http://cgi.di.uoa.gr/witcher/resource/Botchling	http://cgi.di.uoa.gr/witcher/ontology#loot	http://cgi.di.uoa.gr/witcher/resource/Monster_heart
http://cgi.di.uoa.gr/witcher/resource/Opinicus	http://cgi.di.uoa.gr/witcher/ontology#loot	http://cgi.di.uoa.gr/witcher/resource/Monster_claw
http://cgi.di.uoa.gr/witcher/resource/Golyat	http://cgi.di.uoa.gr/witcher/ontology#loot	http://cgi.di.uoa.gr/witcher/resource/Monster_saliva
http://cgi.di.uoa.gr/witcher/resource/Golyat	http://cgi.di.uoa.gr/witcher/ontology#loot	http://cgi.di.uoa.gr/witcher/resource/The_Witcher_3_junk
http://cgi.di.uoa.gr/witcher/resource/Botchling	http://cgi.di.uoa.gr/witcher/ontology#loot	http://cgi.di.uoa.gr/witcher/resource/Lesser_blue_mutagen
http://cgi.di.uoa.gr/witcher/resource/Venomous_arachas	http://cgi.di.uoa.gr/witcher/ontology#loot	http://cgi.di.uoa.gr/witcher/resource/Monster_saliva
http://cgi.di.uoa.gr/witcher/resource/Botchling	http://cgi.di.uoa.gr/witcher/ontology#loot	http://cgi.di.uoa.gr/witcher/resource/Monster_bone
http://cgi.di.uoa.gr/witcher/resource/Golyat	http://cgi.di.uoa.gr/witcher/ontology#loot	http://cgi.di.uoa.gr/witcher/resource/Monster_bone
http://cgi.di.uoa.gr/witcher/resource/Golyat	http://cgi.di.uoa.gr/witcher/ontology#loot	http://cgi.di.uoa.gr/witcher/resource/Dahlia
http://cgi.di.uoa.gr/witcher/resource/Opinicus	http://cgi.di.uoa.gr/witcher/ontology#loot	http://cgi.di.uoa.gr/witcher/resource/Monster_eye
http://cgi.di.uoa.gr/witcher/resource/Golyat	http://cgi.di.uoa.gr/witcher/ontology#loot	http://cgi.di.uoa.gr/witcher/resource/Infused_shard
http://cgi.di.uoa.gr/witcher/resource/Golyat	http://cgi.di.uoa.gr/witcher/ontology#loot	http://cgi.di.uoa.gr/witcher/resource/Monster_heart
http://cgi.di.uoa.gr/witcher/resource/Golyat	http://cgi.di.uoa.gr/witcher/ontology#loot	http://cgi.di.uoa.gr/witcher/resource/Greater_red_mutagen
http://cgi.di.uoa.gr/witcher/resource/Goat	http://cgi.di.uoa.gr/witcher/ontology#loot	http://cgi.di.uoa.gr/witcher/resource/Goat_s_milk
http://cgi.di.uoa.gr/witcher/resource/Botchling	http://cgi.di.uoa.gr/witcher/ontology#loot	http://cgi.di.uoa.gr/witcher/resource/Monster_ear
http://cgi.di.uoa.gr/witcher/resource/Botchling	http://cgi.di.uoa.gr/witcher/ontology#loot	http://cgi.di.uoa.gr/witcher/resource/Monster_blood
http://cgi.di.uoa.gr/witcher/resource/Botchling	http://cgi.di.uoa.gr/witcher/ontology#loot	http://cgi.di.uoa.gr/witcher/resource/Necrophage_hide
http://cgi.di.uoa.gr/witcher/resource/Opinicus	http://cgi.di.uoa.gr/witcher/ontology#loot	http://cgi.di.uoa.gr/witcher/resource/Griffin_trophy
http://cgi.di.uoa.gr/witcher/resource/Opinicus	http://cgi.di.uoa.gr/witcher/ontology#loot	http://cgi.di.uoa.gr/witcher/resource/Infused_shard
http://cgi.di.uoa.gr/witcher/resource/Opinicus	http://cgi.di.uoa.gr/witcher/ontology#loot	http://cgi.di.uoa.gr/witcher/resource/Monster_heart
http://cgi.di.uoa.gr/witcher/resource/Golyat	http://cgi.di.uoa.gr/witcher/ontology#loot	http://cgi.di.uoa.gr/witcher/resource/Monster_essence
http://cgi.di.uoa.gr/witcher/resource/Golyat	http://cgi.di.uoa.gr/witcher/ontology#loot	http://cgi.di.uoa.gr/witcher/resource/Monster_tooth
http://cgi.di.uoa.gr/witcher/resource/Golyat	http://cgi.di.uoa.gr/witcher/ontology#loot	http://cgi.di.uoa.gr/witcher/resource/Golyat_trophy
http://cgi.di.uoa.gr/witcher/resource/Botchling	http://cgi.di.uoa.gr/witcher/ontology#loot	http://cgi.di.uoa.gr/witcher/resource/Monster_brain
http://cgi.di.uoa.gr/witcher/resource/Yarpen_Zigrin	http://cgi.di.uoa.gr/witcher/ontology#family	http://cgi.di.uoa.gr/witcher/resource/Clan_Zigrin
http://cgi.di.uoa.gr/witcher/resource/Aki_II	http://cgi.di.uoa.gr/witcher/ontology#family	http://cgi.di.uoa.gr/witcher/resource/Clan_Brokvar
http://cgi.di.uoa.gr/witcher/resource/Albert_Vegelbud	http://cgi.di.uoa.gr/witcher/ontology#family	http://cgi.di.uoa.gr/witcher/resource/Vegelbud_family
http://cgi.di.uoa.gr/witcher/resource/Stephen_von_Eyegrid	http://cgi.di.uoa.gr/witcher/ontology#family	http://cgi.di.uoa.gr/witcher/resource/House_of_Eyegrid
http://cgi.di.uoa.gr/witcher/resource/Suzanna_von_Esteken	http://cgi.di.uoa.gr/witcher/ontology#family	http://cgi.di.uoa.gr/witcher/resource/House_of_Esteken
http://cgi.di.uoa.gr/witcher/resource/Milo_Vanderbeck	http://cgi.di.uoa.gr/witcher/ontology#family	http://cgi.di.uoa.gr/witcher/resource/Vanderbeck_family
http://cgi.di.uoa.gr/witcher/resource/Iris_von_Everec_s_mother	http://cgi.di.uoa.gr/witcher/ontology#family	http://cgi.di.uoa.gr/witcher/resource/Iris_von_Everec_s_father
http://cgi.di.uoa.gr/witcher/resource/Tamara_Strenger	http://cgi.di.uoa.gr/witcher/ontology#family	http://cgi.di.uoa.gr/witcher/resource/Phillip_Strenger
http://cgi.di.uoa.gr/witcher/resource/Luc_Vegelbud	http://cgi.di.uoa.gr/witcher/ontology#family	http://cgi.di.uoa.gr/witcher/resource/Vegelbud_family
http://cgi.di.uoa.gr/witcher/resource/Ingrid_Vegelbud	http://cgi.di.uoa.gr/witcher/ontology#family	http://cgi.di.uoa.gr/witcher/resource/Vegelbud_family
http://cgi.di.uoa.gr/witcher/resource/Norbert_von_Esteken	http://cgi.di.uoa.gr/witcher/ontology#family	http://cgi.di.uoa.gr/witcher/resource/House_of_Esteken
http://cgi.di.uoa.gr/witcher/resource/Hugo_Monnart	http://cgi.di.uoa.gr/witcher/ontology#family	http://cgi.di.uoa.gr/witcher/resource/Auguste_Monnart
http://cgi.di.uoa.gr/witcher/resource/Holger_Blackhand	http://cgi.di.uoa.gr/witcher/ontology#family	http://cgi.di.uoa.gr/witcher/resource/Clan_Dimun
http://cgi.di.uoa.gr/witcher/resource/Bohumil_von_Everec	http://cgi.di.uoa.gr/witcher/ontology#family	http://cgi.di.uoa.gr/witcher/resource/House_of_Everec
http://cgi.di.uoa.gr/witcher/resource/Humbert_Reardon	http://cgi.di.uoa.gr/witcher/ontology#name	http://cgi.di.uoa.gr/witcher/resource/Human
http://cgi.di.uoa.gr/witcher/resource/Snake_figurine	http://cgi.di.uoa.gr/witcher/ontology#source	http://cgi.di.uoa.gr/witcher/resource/Of_Dairy_and_Darkness
http://cgi.di.uoa.gr/witcher/resource/Joël	http://cgi.di.uoa.gr/witcher/ontology#eye_color	http://cgi.di.uoa.gr/witcher/resource/Witcher
http://cgi.di.uoa.gr/witcher/resource/Hans_von_Esteken	http://cgi.di.uoa.gr/witcher/ontology#profession	http://cgi.di.uoa.gr/witcher/resource/Knight
http://cgi.di.uoa.gr/witcher/resource/Fabio_Sachs	http://cgi.di.uoa.gr/witcher/ontology#profession	http://cgi.di.uoa.gr/witcher/resource/Bank
http://cgi.di.uoa.gr/witcher/resource/Weavess	http://cgi.di.uoa.gr/witcher/ontology#profession	http://cgi.di.uoa.gr/witcher/resource/Witch
http://cgi.di.uoa.gr/witcher/resource/Arthur_Tailles	http://cgi.di.uoa.gr/witcher/ontology#profession	http://cgi.di.uoa.gr/witcher/resource/Knight
http://cgi.di.uoa.gr/witcher/resource/Vilgefortz	http://cgi.di.uoa.gr/witcher/ontology#profession	http://cgi.di.uoa.gr/witcher/resource/Druid
http://cgi.di.uoa.gr/witcher/resource/Eric_van_Vrog	http://cgi.di.uoa.gr/witcher/ontology#profession	http://cgi.di.uoa.gr/witcher/resource/Gwent
http://cgi.di.uoa.gr/witcher/resource/Ernst_Goltz	http://cgi.di.uoa.gr/witcher/ontology#profession	http://cgi.di.uoa.gr/witcher/resource/Order_of_the_Flaming_Rose
http://cgi.di.uoa.gr/witcher/resource/Aiden	http://cgi.di.uoa.gr/witcher/ontology#profession	http://cgi.di.uoa.gr/witcher/resource/Witcher
http://cgi.di.uoa.gr/witcher/resource/Mousesack	http://cgi.di.uoa.gr/witcher/ontology#profession	http://cgi.di.uoa.gr/witcher/resource/Calanthe
http://cgi.di.uoa.gr/witcher/resource/Gerd_witcher	http://cgi.di.uoa.gr/witcher/ontology#profession	http://cgi.di.uoa.gr/witcher/resource/Witcher
http://cgi.di.uoa.gr/witcher/resource/Merchant_Perfumery	http://cgi.di.uoa.gr/witcher/ontology#profession	http://cgi.di.uoa.gr/witcher/resource/The_Witcher_3_merchants
http://cgi.di.uoa.gr/witcher/resource/Otto_Bamber	http://cgi.di.uoa.gr/witcher/ontology#profession	http://cgi.di.uoa.gr/witcher/resource/Herbalist
http://cgi.di.uoa.gr/witcher/resource/Barber_The_Bits	http://cgi.di.uoa.gr/witcher/ontology#profession	http://cgi.di.uoa.gr/witcher/resource/Barber
http://cgi.di.uoa.gr/witcher/resource/Mousesack	http://cgi.di.uoa.gr/witcher/ontology#profession	http://cgi.di.uoa.gr/witcher/resource/Druid
http://cgi.di.uoa.gr/witcher/resource/Caleb_Menge	http://cgi.di.uoa.gr/witcher/ontology#profession	http://cgi.di.uoa.gr/witcher/resource/Witch_hunter
http://cgi.di.uoa.gr/witcher/resource/Donimir_of_Troy	http://cgi.di.uoa.gr/witcher/ontology#profession	http://cgi.di.uoa.gr/witcher/resource/Knight
http://cgi.di.uoa.gr/witcher/resource/Tarvix_Sandoval	http://cgi.di.uoa.gr/witcher/ontology#profession	http://cgi.di.uoa.gr/witcher/resource/Mage
http://cgi.di.uoa.gr/witcher/resource/Hans_of_Cidaris	http://cgi.di.uoa.gr/witcher/ontology#profession	http://cgi.di.uoa.gr/witcher/resource/Mercenary
http://cgi.di.uoa.gr/witcher/resource/Artis	http://cgi.di.uoa.gr/witcher/ontology#profession	http://cgi.di.uoa.gr/witcher/resource/Svalblod
http://cgi.di.uoa.gr/witcher/resource/Wandering_merchant_Skellige	http://cgi.di.uoa.gr/witcher/ontology#profession	http://cgi.di.uoa.gr/witcher/resource/The_Witcher_3_merchants
http://cgi.di.uoa.gr/witcher/resource/Herbalist_Glory_Lane	http://cgi.di.uoa.gr/witcher/ontology#profession	http://cgi.di.uoa.gr/witcher/resource/Herbalist
http://cgi.di.uoa.gr/witcher/resource/Whispess	http://cgi.di.uoa.gr/witcher/ontology#profession	http://cgi.di.uoa.gr/witcher/resource/Witch
http://cgi.di.uoa.gr/witcher/resource/Gregoire_de_Gorgon	http://cgi.di.uoa.gr/witcher/ontology#profession	http://cgi.di.uoa.gr/witcher/resource/Knight
http://cgi.di.uoa.gr/witcher/resource/Merchant_Fayrlund	http://cgi.di.uoa.gr/witcher/ontology#profession	http://cgi.di.uoa.gr/witcher/resource/The_Witcher_3_merchants
http://cgi.di.uoa.gr/witcher/resource/Arthur_de_Vleester	http://cgi.di.uoa.gr/witcher/ontology#profession	http://cgi.di.uoa.gr/witcher/resource/Mage
http://cgi.di.uoa.gr/witcher/resource/Antoine_Pfeil	http://cgi.di.uoa.gr/witcher/ontology#profession	http://cgi.di.uoa.gr/witcher/resource/Fallen_Knight
http://cgi.di.uoa.gr/witcher/resource/Merchant_battlefield	http://cgi.di.uoa.gr/witcher/ontology#profession	http://cgi.di.uoa.gr/witcher/resource/The_Witcher_3_merchants
http://cgi.di.uoa.gr/witcher/resource/Mignole	http://cgi.di.uoa.gr/witcher/ontology#profession	http://cgi.di.uoa.gr/witcher/resource/Vedyminaica
http://cgi.di.uoa.gr/witcher/resource/Blacksmith_Oxenfurt	http://cgi.di.uoa.gr/witcher/ontology#profession	http://cgi.di.uoa.gr/witcher/resource/Blacksmith
http://cgi.di.uoa.gr/witcher/resource/Barber_Tourney_Grounds	http://cgi.di.uoa.gr/witcher/ontology#profession	http://cgi.di.uoa.gr/witcher/resource/Barber
http://cgi.di.uoa.gr/witcher/resource/Adon_of_Carreras	http://cgi.di.uoa.gr/witcher/ontology#profession	http://cgi.di.uoa.gr/witcher/resource/Witcher
http://cgi.di.uoa.gr/witcher/resource/Ibrahim_Savi	http://cgi.di.uoa.gr/witcher/ontology#profession	http://cgi.di.uoa.gr/witcher/resource/Oxenfurt_Academy
http://cgi.di.uoa.gr/witcher/resource/Blacksmith_Silverton	http://cgi.di.uoa.gr/witcher/ontology#profession	http://cgi.di.uoa.gr/witcher/resource/Blacksmith
http://cgi.di.uoa.gr/witcher/resource/Geralt_of_Rivia	http://cgi.di.uoa.gr/witcher/ontology#lookalike	http://cgi.di.uoa.gr/witcher/resource/Henry_Cavill
http://cgi.di.uoa.gr/witcher/resource/Yennefer_of_Vengerberg	http://cgi.di.uoa.gr/witcher/ontology#lookalike	http://cgi.di.uoa.gr/witcher/resource/Anya_Chalotra
http://cgi.di.uoa.gr/witcher/resource/Ciri	http://cgi.di.uoa.gr/witcher/ontology#lookalike	http://cgi.di.uoa.gr/witcher/resource/Freya_Allan
http://cgi.di.uoa.gr/witcher/resource/A_Dangerous_Game	http://cgi.di.uoa.gr/witcher/ontology#cutoff_quest	http://cgi.di.uoa.gr/witcher/resource/Brothers_In_Arms_Novigrad
http://cgi.di.uoa.gr/witcher/resource/Berengar_s_Blade	http://cgi.di.uoa.gr/witcher/ontology#cutoff_quest	http://cgi.di.uoa.gr/witcher/resource/The_Battle_of_Kaer_Morhen
http://cgi.di.uoa.gr/witcher/resource/Voltehre	http://cgi.di.uoa.gr/witcher/ontology#status	http://cgi.di.uoa.gr/witcher/resource/Old_Speartip
http://cgi.di.uoa.gr/witcher/resource/Atlan_Kerk	http://cgi.di.uoa.gr/witcher/ontology#status	http://cgi.di.uoa.gr/witcher/resource/Battle_of_Sodden_Hill
http://cgi.di.uoa.gr/witcher/resource/Cahir_Mawr_Dyffryn_aep_Ceallach	http://cgi.di.uoa.gr/witcher/ontology#status	http://cgi.di.uoa.gr/witcher/resource/Leo_Bonhart
http://cgi.di.uoa.gr/witcher/resource/Uma	http://cgi.di.uoa.gr/witcher/ontology#aka	http://cgi.di.uoa.gr/witcher/resource/Avallac_h
http://cgi.di.uoa.gr/witcher/resource/Philippa_Eilhart	http://cgi.di.uoa.gr/witcher/ontology#aka	http://cgi.di.uoa.gr/witcher/resource/Tretogor
http://cgi.di.uoa.gr/witcher/resource/Jean_Luc	http://cgi.di.uoa.gr/witcher/ontology#image	http://cgi.di.uoa.gr/witcher/resource/Human
http://cgi.di.uoa.gr/witcher/resource/Crones	http://cgi.di.uoa.gr/witcher/ontology#occurrence	http://cgi.di.uoa.gr/witcher/resource/Crookback_Bog
http://cgi.di.uoa.gr/witcher/resource/Crones	http://cgi.di.uoa.gr/witcher/ontology#occurrence	http://cgi.di.uoa.gr/witcher/resource/Velen
