{
  "k_values": [
    10
  ],
  "metrics": {
    "entity": {
      "precision": [
        0.10134529147982063
      ],
      "recall": [
        0.7376681614349776
      ],
      "f1": [
        0.17580252333615565
      ],
      "mrr": [
        0.6459730229909603
      ]
    },
    "class": {
      "precision": [
        0.086
      ],
      "recall": [
        0.86
      ],
      "f1": [
        0.15636363636363637
      ],
      "mrr": [
        0.7888888888888889
      ]
    },
    "property": {
      "precision": [
        0.11750000000000001
      ],
      "recall": [
        0.7875
      ],
      "f1": [
        0.2018939393939394
      ],
      "mrr": [
        0.6864880952380952
      ]
    }
  }
}