{
  "entity": {
    "precision": 0.0975,
    "recall": 0.745,
    "f1": 0.17030303030303032,
    "rr": 0.5910674603174604
  },
  "class": {
    "precision": 1.0,
    "recall": 1.0,
    "f1": 1.0,
    "rr": 0.0
  },
  "property": {
    "precision": 1.0,
    "recall": 1.0,
    "f1": 1.0,
    "rr": 0.0
  }
}